29,-11,w8IwVfujs8C6Hh27UwKPRyIx55I=,v5ykwRX43wpwBT2F8ITc+Yp0zFA=
30,-10,w8IwVfujs8C6Hh27UwKPRyIx55I=,v5ykwRX43wpwBT2F8ITc+Yp0zFA=
30,-11,w8IwVfujs8C6Hh27UwKPRyIx55I=,v5ykwRX43wpwBT2F8ITc+Yp0zFA=
29,-10,w8IwVfujs8C6Hh27UwKPRyIx55I=,v5ykwRX43wpwBT2F8ITc+Yp0zFA=
30,-9,w8IwVfujs8C6Hh27UwKPRyIx55I=,v5ykwRX43wpwBT2F8ITc+Yp0zFA=
29,-8,w8IwVfujs8C6Hh27UwKPRyIx55I=,jJ8KzjxvUpYsEBb4Q/bheZvp9Es=
30,-8,w8IwVfujs8C6Hh27UwKPRyIx55I=,jJ8KzjxvUpYsEBb4Q/bheZvp9Es=
30,-7,w8IwVfujs8C6Hh27UwKPRyIx55I=,jJ8KzjxvUpYsEBb4Q/bheZvp9Es=
29,-9,w8IwVfujs8C6Hh27UwKPRyIx55I=,v5ykwRX43wpwBT2F8ITc+Yp0zFA=
30,-6,w8IwVfujs8C6Hh27UwKPRyIx55I=,jJ8KzjxvUpYsEBb4Q/bheZvp9Es=
28,-7,Aj3gibqe0vucMkRYL+jTkY5tcww=,jJ8KzjxvUpYsEBb4Q/bheZvp9Es=
29,-7,Aj3gibqe0vucMkRYL+jTkY5tcww=,jJ8KzjxvUpYsEBb4Q/bheZvp9Es=
28,-10,Aj3gibqe0vucMkRYL+jTkY5tcww=,v5ykwRX43wpwBT2F8ITc+Yp0zFA=
27,-9,qNk3No1FCyiin5JdXv4IGPIBFcY=,z4q0mHXMGxFhBkRp/KedFJBw0S0=
27,-7,qNk3No1FCyiin5JdXv4IGPIBFcY=,QSKs1BzYBEqeuRVe8wPuIHTXXJ0=
28,-8,Aj3gibqe0vucMkRYL+jTkY5tcww=,jJ8KzjxvUpYsEBb4Q/bheZvp9Es=
27,-8,qNk3No1FCyiin5JdXv4IGPIBFcY=,QSKs1BzYBEqeuRVe8wPuIHTXXJ0=
25,-9,p8WdqsGxwvyslRJBW4I+XoxFI58=,z4q0mHXMGxFhBkRp/KedFJBw0S0=
24,-7,p8WdqsGxwvyslRJBW4I+XoxFI58=,QSKs1BzYBEqeuRVe8wPuIHTXXJ0=
26,-9,qNk3No1FCyiin5JdXv4IGPIBFcY=,z4q0mHXMGxFhBkRp/KedFJBw0S0=
27,-10,qNk3No1FCyiin5JdXv4IGPIBFcY=,z4q0mHXMGxFhBkRp/KedFJBw0S0=
26,-8,qNk3No1FCyiin5JdXv4IGPIBFcY=,QSKs1BzYBEqeuRVe8wPuIHTXXJ0=
26,-7,qNk3No1FCyiin5JdXv4IGPIBFcY=,QSKs1BzYBEqeuRVe8wPuIHTXXJ0=
25,-8,p8WdqsGxwvyslRJBW4I+XoxFI58=,QSKs1BzYBEqeuRVe8wPuIHTXXJ0=
28,-9,Aj3gibqe0vucMkRYL+jTkY5tcww=,v5ykwRX43wpwBT2F8ITc+Yp0zFA=
22,-8,p8WdqsGxwvyslRJBW4I+XoxFI58=,VQf8xBJ/A0syAcTmI1w3APTWChE=
22,-7,p8WdqsGxwvyslRJBW4I+XoxFI58=,VQf8xBJ/A0syAcTmI1w3APTWChE=
23,-9,p8WdqsGxwvyslRJBW4I+XoxFI58=,NfMNDB4bJ/ZhNyfVtrZSW+IwNoE=
22,-10,p8WdqsGxwvyslRJBW4I+XoxFI58=,NfMNDB4bJ/ZhNyfVtrZSW+IwNoE=
24,-9,p8WdqsGxwvyslRJBW4I+XoxFI58=,z4q0mHXMGxFhBkRp/KedFJBw0S0=
25,-7,p8WdqsGxwvyslRJBW4I+XoxFI58=,QSKs1BzYBEqeuRVe8wPuIHTXXJ0=
23,-8,p8WdqsGxwvyslRJBW4I+XoxFI58=,VQf8xBJ/A0syAcTmI1w3APTWChE=
22,-9,p8WdqsGxwvyslRJBW4I+XoxFI58=,NfMNDB4bJ/ZhNyfVtrZSW+IwNoE=
24,-10,p8WdqsGxwvyslRJBW4I+XoxFI58=,z4q0mHXMGxFhBkRp/KedFJBw0S0=
26,-10,qNk3No1FCyiin5JdXv4IGPIBFcY=,z4q0mHXMGxFhBkRp/KedFJBw0S0=
23,-10,p8WdqsGxwvyslRJBW4I+XoxFI58=,NfMNDB4bJ/ZhNyfVtrZSW+IwNoE=
25,-10,p8WdqsGxwvyslRJBW4I+XoxFI58=,z4q0mHXMGxFhBkRp/KedFJBw0S0=
24,-8,p8WdqsGxwvyslRJBW4I+XoxFI58=,QSKs1BzYBEqeuRVe8wPuIHTXXJ0=
23,-7,p8WdqsGxwvyslRJBW4I+XoxFI58=,VQf8xBJ/A0syAcTmI1w3APTWChE=
20,-8,pgBj5zQUjQA7yk+IdBflh/nTW9g=,VQf8xBJ/A0syAcTmI1w3APTWChE=
19,-8,pgBj5zQUjQA7yk+IdBflh/nTW9g=,VQf8xBJ/A0syAcTmI1w3APTWChE=
19,-9,pgBj5zQUjQA7yk+IdBflh/nTW9g=,ZmIc7pL+MHVGY5Y6utgrGZQp8oQ=
18,-8,pgBj5zQUjQA7yk+IdBflh/nTW9g=,VQf8xBJ/A0syAcTmI1w3APTWChE=
20,-5,qNk3No1FCyiin5JdXv4IGPIBFcY=,VQf8xBJ/A0syAcTmI1w3APTWChE=
21,-7,pgBj5zQUjQA7yk+IdBflh/nTW9g=,VQf8xBJ/A0syAcTmI1w3APTWChE=
30,-14,uE+gXyI3tXG5jVMpUP5QKxoFTPM=,cdOvYXiuV0cRWu2JAukPQGBHrXQ=
29,-15,uE+gXyI3tXG5jVMpUP5QKxoFTPM=,cdOvYXiuV0cRWu2JAukPQGBHrXQ=
30,-15,uE+gXyI3tXG5jVMpUP5QKxoFTPM=,cdOvYXiuV0cRWu2JAukPQGBHrXQ=
29,-13,uE+gXyI3tXG5jVMpUP5QKxoFTPM=,cdOvYXiuV0cRWu2JAukPQGBHrXQ=
29,-12,uE+gXyI3tXG5jVMpUP5QKxoFTPM=,v5ykwRX43wpwBT2F8ITc+Yp0zFA=
30,-12,uE+gXyI3tXG5jVMpUP5QKxoFTPM=,v5ykwRX43wpwBT2F8ITc+Yp0zFA=
30,-13,uE+gXyI3tXG5jVMpUP5QKxoFTPM=,cdOvYXiuV0cRWu2JAukPQGBHrXQ=
29,-14,uE+gXyI3tXG5jVMpUP5QKxoFTPM=,cdOvYXiuV0cRWu2JAukPQGBHrXQ=
20,-9,pgBj5zQUjQA7yk+IdBflh/nTW9g=,NfMNDB4bJ/ZhNyfVtrZSW+IwNoE=
21,-9,pgBj5zQUjQA7yk+IdBflh/nTW9g=,NfMNDB4bJ/ZhNyfVtrZSW+IwNoE=
19,-12,pgBj5zQUjQA7yk+IdBflh/nTW9g=,ZmIc7pL+MHVGY5Y6utgrGZQp8oQ=
20,-3,pgBj5zQUjQA7yk+IdBflh/nTW9g=,jkpiZz4dknl4gChspEPwuIGZZT8=
20,-4,qNk3No1FCyiin5JdXv4IGPIBFcY=,jkpiZz4dknl4gChspEPwuIGZZT8=
20,-10,pgBj5zQUjQA7yk+IdBflh/nTW9g=,NfMNDB4bJ/ZhNyfVtrZSW+IwNoE=
29,-16,uE+gXyI3tXG5jVMpUP5QKxoFTPM=,cdOvYXiuV0cRWu2JAukPQGBHrXQ=
30,-16,uE+gXyI3tXG5jVMpUP5QKxoFTPM=,cdOvYXiuV0cRWu2JAukPQGBHrXQ=
19,-5,qNk3No1FCyiin5JdXv4IGPIBFcY=,VQf8xBJ/A0syAcTmI1w3APTWChE=
25,-16,uE+gXyI3tXG5jVMpUP5QKxoFTPM=,szRpLESMilTes01mG+5k+V1+PaM=
19,-6,pgBj5zQUjQA7yk+IdBflh/nTW9g=,VQf8xBJ/A0syAcTmI1w3APTWChE=
26,-16,uE+gXyI3tXG5jVMpUP5QKxoFTPM=,szRpLESMilTes01mG+5k+V1+PaM=
19,-13,uE+gXyI3tXG5jVMpUP5QKxoFTPM=,Rtk+tfuSAnHa1cgZkMmfIYdviPs=
19,-14,uE+gXyI3tXG5jVMpUP5QKxoFTPM=,Rtk+tfuSAnHa1cgZkMmfIYdviPs=
28,-15,uE+gXyI3tXG5jVMpUP5QKxoFTPM=,cdOvYXiuV0cRWu2JAukPQGBHrXQ=
27,-16,uE+gXyI3tXG5jVMpUP5QKxoFTPM=,szRpLESMilTes01mG+5k+V1+PaM=
25,-15,uE+gXyI3tXG5jVMpUP5QKxoFTPM=,szRpLESMilTes01mG+5k+V1+PaM=
26,-15,uE+gXyI3tXG5jVMpUP5QKxoFTPM=,szRpLESMilTes01mG+5k+V1+PaM=
27,-15,uE+gXyI3tXG5jVMpUP5QKxoFTPM=,szRpLESMilTes01mG+5k+V1+PaM=
20,-14,uE+gXyI3tXG5jVMpUP5QKxoFTPM=,hzD76iNuiX2eDNVgmbGvQHfbH/0=
21,-3,pgBj5zQUjQA7yk+IdBflh/nTW9g=,jkpiZz4dknl4gChspEPwuIGZZT8=
21,-4,qNk3No1FCyiin5JdXv4IGPIBFcY=,jkpiZz4dknl4gChspEPwuIGZZT8=
18,-9,pgBj5zQUjQA7yk+IdBflh/nTW9g=,ZmIc7pL+MHVGY5Y6utgrGZQp8oQ=
28,-11,uE+gXyI3tXG5jVMpUP5QKxoFTPM=,v5ykwRX43wpwBT2F8ITc+Yp0zFA=
18,-5,qNk3No1FCyiin5JdXv4IGPIBFcY=,VQf8xBJ/A0syAcTmI1w3APTWChE=
21,-14,uE+gXyI3tXG5jVMpUP5QKxoFTPM=,hzD76iNuiX2eDNVgmbGvQHfbH/0=
18,-6,pgBj5zQUjQA7yk+IdBflh/nTW9g=,VQf8xBJ/A0syAcTmI1w3APTWChE=
18,-13,uE+gXyI3tXG5jVMpUP5QKxoFTPM=,Rtk+tfuSAnHa1cgZkMmfIYdviPs=
21,-8,pgBj5zQUjQA7yk+IdBflh/nTW9g=,VQf8xBJ/A0syAcTmI1w3APTWChE=
21,-16,uE+gXyI3tXG5jVMpUP5QKxoFTPM=,hzD76iNuiX2eDNVgmbGvQHfbH/0=
18,-12,pgBj5zQUjQA7yk+IdBflh/nTW9g=,ZmIc7pL+MHVGY5Y6utgrGZQp8oQ=
19,-10,pgBj5zQUjQA7yk+IdBflh/nTW9g=,ZmIc7pL+MHVGY5Y6utgrGZQp8oQ=
18,-11,pgBj5zQUjQA7yk+IdBflh/nTW9g=,ZmIc7pL+MHVGY5Y6utgrGZQp8oQ=
21,-15,uE+gXyI3tXG5jVMpUP5QKxoFTPM=,hzD76iNuiX2eDNVgmbGvQHfbH/0=
18,-7,pgBj5zQUjQA7yk+IdBflh/nTW9g=,VQf8xBJ/A0syAcTmI1w3APTWChE=
28,-12,uE+gXyI3tXG5jVMpUP5QKxoFTPM=,v5ykwRX43wpwBT2F8ITc+Yp0zFA=
28,-16,uE+gXyI3tXG5jVMpUP5QKxoFTPM=,cdOvYXiuV0cRWu2JAukPQGBHrXQ=
19,-11,pgBj5zQUjQA7yk+IdBflh/nTW9g=,ZmIc7pL+MHVGY5Y6utgrGZQp8oQ=
20,-6,pgBj5zQUjQA7yk+IdBflh/nTW9g=,VQf8xBJ/A0syAcTmI1w3APTWChE=
19,-7,pgBj5zQUjQA7yk+IdBflh/nTW9g=,VQf8xBJ/A0syAcTmI1w3APTWChE=
20,-11,pgBj5zQUjQA7yk+IdBflh/nTW9g=,NfMNDB4bJ/ZhNyfVtrZSW+IwNoE=
20,-15,uE+gXyI3tXG5jVMpUP5QKxoFTPM=,hzD76iNuiX2eDNVgmbGvQHfbH/0=
19,-15,uE+gXyI3tXG5jVMpUP5QKxoFTPM=,Rtk+tfuSAnHa1cgZkMmfIYdviPs=
21,-13,uE+gXyI3tXG5jVMpUP5QKxoFTPM=,hzD76iNuiX2eDNVgmbGvQHfbH/0=
19,-3,qNk3No1FCyiin5JdXv4IGPIBFcY=,QSKs1BzYBEqeuRVe8wPuIHTXXJ0=
20,-13,uE+gXyI3tXG5jVMpUP5QKxoFTPM=,hzD76iNuiX2eDNVgmbGvQHfbH/0=
20,-12,pgBj5zQUjQA7yk+IdBflh/nTW9g=,NfMNDB4bJ/ZhNyfVtrZSW+IwNoE=
18,-14,uE+gXyI3tXG5jVMpUP5QKxoFTPM=,Rtk+tfuSAnHa1cgZkMmfIYdviPs=
21,-11,pgBj5zQUjQA7yk+IdBflh/nTW9g=,NfMNDB4bJ/ZhNyfVtrZSW+IwNoE=
21,-10,pgBj5zQUjQA7yk+IdBflh/nTW9g=,NfMNDB4bJ/ZhNyfVtrZSW+IwNoE=
21,-12,pgBj5zQUjQA7yk+IdBflh/nTW9g=,NfMNDB4bJ/ZhNyfVtrZSW+IwNoE=
18,-10,pgBj5zQUjQA7yk+IdBflh/nTW9g=,ZmIc7pL+MHVGY5Y6utgrGZQp8oQ=
20,-7,pgBj5zQUjQA7yk+IdBflh/nTW9g=,VQf8xBJ/A0syAcTmI1w3APTWChE=
19,-16,uE+gXyI3tXG5jVMpUP5QKxoFTPM=,Rtk+tfuSAnHa1cgZkMmfIYdviPs=
20,-16,uE+gXyI3tXG5jVMpUP5QKxoFTPM=,hzD76iNuiX2eDNVgmbGvQHfbH/0=
18,-15,uE+gXyI3tXG5jVMpUP5QKxoFTPM=,Rtk+tfuSAnHa1cgZkMmfIYdviPs=
28,-13,uE+gXyI3tXG5jVMpUP5QKxoFTPM=,cdOvYXiuV0cRWu2JAukPQGBHrXQ=
18,-3,qNk3No1FCyiin5JdXv4IGPIBFcY=,QSKs1BzYBEqeuRVe8wPuIHTXXJ0=
19,-4,pgBj5zQUjQA7yk+IdBflh/nTW9g=,QSKs1BzYBEqeuRVe8wPuIHTXXJ0=
18,-16,uE+gXyI3tXG5jVMpUP5QKxoFTPM=,Rtk+tfuSAnHa1cgZkMmfIYdviPs=
21,-5,qNk3No1FCyiin5JdXv4IGPIBFcY=,VQf8xBJ/A0syAcTmI1w3APTWChE=
22,-15,uE+gXyI3tXG5jVMpUP5QKxoFTPM=,hzD76iNuiX2eDNVgmbGvQHfbH/0=
23,-13,uE+gXyI3tXG5jVMpUP5QKxoFTPM=,hzD76iNuiX2eDNVgmbGvQHfbH/0=
21,-6,pgBj5zQUjQA7yk+IdBflh/nTW9g=,VQf8xBJ/A0syAcTmI1w3APTWChE=
27,-11,qNk3No1FCyiin5JdXv4IGPIBFcY=,z4q0mHXMGxFhBkRp/KedFJBw0S0=
22,-13,uE+gXyI3tXG5jVMpUP5QKxoFTPM=,hzD76iNuiX2eDNVgmbGvQHfbH/0=
26,-11,qNk3No1FCyiin5JdXv4IGPIBFcY=,z4q0mHXMGxFhBkRp/KedFJBw0S0=
25,-11,qNk3No1FCyiin5JdXv4IGPIBFcY=,z4q0mHXMGxFhBkRp/KedFJBw0S0=
18,-4,qNk3No1FCyiin5JdXv4IGPIBFcY=,QSKs1BzYBEqeuRVe8wPuIHTXXJ0=
26,-14,uE+gXyI3tXG5jVMpUP5QKxoFTPM=,szRpLESMilTes01mG+5k+V1+PaM=
22,-12,qNk3No1FCyiin5JdXv4IGPIBFcY=,NfMNDB4bJ/ZhNyfVtrZSW+IwNoE=
23,-11,qNk3No1FCyiin5JdXv4IGPIBFcY=,NfMNDB4bJ/ZhNyfVtrZSW+IwNoE=
22,-11,qNk3No1FCyiin5JdXv4IGPIBFcY=,NfMNDB4bJ/ZhNyfVtrZSW+IwNoE=
27,-14,uE+gXyI3tXG5jVMpUP5QKxoFTPM=,szRpLESMilTes01mG+5k+V1+PaM=
16,-6,pgBj5zQUjQA7yk+IdBflh/nTW9g=,VQf8xBJ/A0syAcTmI1w3APTWChE=
24,-13,uE+gXyI3tXG5jVMpUP5QKxoFTPM=,szRpLESMilTes01mG+5k+V1+PaM=
23,-14,uE+gXyI3tXG5jVMpUP5QKxoFTPM=,hzD76iNuiX2eDNVgmbGvQHfbH/0=
22,-14,uE+gXyI3tXG5jVMpUP5QKxoFTPM=,hzD76iNuiX2eDNVgmbGvQHfbH/0=
24,-11,qNk3No1FCyiin5JdXv4IGPIBFcY=,z4q0mHXMGxFhBkRp/KedFJBw0S0=
25,-13,uE+gXyI3tXG5jVMpUP5QKxoFTPM=,szRpLESMilTes01mG+5k+V1+PaM=
16,-13,uE+gXyI3tXG5jVMpUP5QKxoFTPM=,Rtk+tfuSAnHa1cgZkMmfIYdviPs=
28,-14,uE+gXyI3tXG5jVMpUP5QKxoFTPM=,cdOvYXiuV0cRWu2JAukPQGBHrXQ=
23,-15,uE+gXyI3tXG5jVMpUP5QKxoFTPM=,hzD76iNuiX2eDNVgmbGvQHfbH/0=
17,-4,pgBj5zQUjQA7yk+IdBflh/nTW9g=,QSKs1BzYBEqeuRVe8wPuIHTXXJ0=
27,-12,qNk3No1FCyiin5JdXv4IGPIBFcY=,z4q0mHXMGxFhBkRp/KedFJBw0S0=
16,-5,pgBj5zQUjQA7yk+IdBflh/nTW9g=,VQf8xBJ/A0syAcTmI1w3APTWChE=
17,-3,pgBj5zQUjQA7yk+IdBflh/nTW9g=,QSKs1BzYBEqeuRVe8wPuIHTXXJ0=
16,-4,pgBj5zQUjQA7yk+IdBflh/nTW9g=,QSKs1BzYBEqeuRVe8wPuIHTXXJ0=
16,-3,pgBj5zQUjQA7yk+IdBflh/nTW9g=,QSKs1BzYBEqeuRVe8wPuIHTXXJ0=
24,-12,qNk3No1FCyiin5JdXv4IGPIBFcY=,z4q0mHXMGxFhBkRp/KedFJBw0S0=
26,-12,qNk3No1FCyiin5JdXv4IGPIBFcY=,z4q0mHXMGxFhBkRp/KedFJBw0S0=
16,-14,8/FXTnfEYPn4rjg9XexPBJgoZBU=,Rtk+tfuSAnHa1cgZkMmfIYdviPs=
17,-5,pgBj5zQUjQA7yk+IdBflh/nTW9g=,VQf8xBJ/A0syAcTmI1w3APTWChE=
25,-12,qNk3No1FCyiin5JdXv4IGPIBFcY=,z4q0mHXMGxFhBkRp/KedFJBw0S0=
17,-14,8/FXTnfEYPn4rjg9XexPBJgoZBU=,Rtk+tfuSAnHa1cgZkMmfIYdviPs=
17,-6,pgBj5zQUjQA7yk+IdBflh/nTW9g=,VQf8xBJ/A0syAcTmI1w3APTWChE=
26,-13,8/FXTnfEYPn4rjg9XexPBJgoZBU=,szRpLESMilTes01mG+5k+V1+PaM=
17,-13,8/FXTnfEYPn4rjg9XexPBJgoZBU=,Rtk+tfuSAnHa1cgZkMmfIYdviPs=
30,-5,8/FXTnfEYPn4rjg9XexPBJgoZBU=,jJ8KzjxvUpYsEBb4Q/bheZvp9Es=
30,-2,8/FXTnfEYPn4rjg9XexPBJgoZBU=,b5Tx8EMPZysiTM7rRjJjBu3kvds=
30,-3,8/FXTnfEYPn4rjg9XexPBJgoZBU=,b5Tx8EMPZysiTM7rRjJjBu3kvds=
30,-4,8/FXTnfEYPn4rjg9XexPBJgoZBU=,b5Tx8EMPZysiTM7rRjJjBu3kvds=
18,-1,qNk3No1FCyiin5JdXv4IGPIBFcY=,QSKs1BzYBEqeuRVe8wPuIHTXXJ0=
24,-16,8/FXTnfEYPn4rjg9XexPBJgoZBU=,szRpLESMilTes01mG+5k+V1+PaM=
31,-3,8/FXTnfEYPn4rjg9XexPBJgoZBU=,b5Tx8EMPZysiTM7rRjJjBu3kvds=
31,-2,8/FXTnfEYPn4rjg9XexPBJgoZBU=,b5Tx8EMPZysiTM7rRjJjBu3kvds=
16,-8,pgBj5zQUjQA7yk+IdBflh/nTW9g=,VQf8xBJ/A0syAcTmI1w3APTWChE=
23,-16,8/FXTnfEYPn4rjg9XexPBJgoZBU=,hzD76iNuiX2eDNVgmbGvQHfbH/0=
17,-7,pgBj5zQUjQA7yk+IdBflh/nTW9g=,VQf8xBJ/A0syAcTmI1w3APTWChE=
16,-11,qNk3No1FCyiin5JdXv4IGPIBFcY=,ZmIc7pL+MHVGY5Y6utgrGZQp8oQ=
29,-1,8/FXTnfEYPn4rjg9XexPBJgoZBU=,b5Tx8EMPZysiTM7rRjJjBu3kvds=
30,-1,8/FXTnfEYPn4rjg9XexPBJgoZBU=,b5Tx8EMPZysiTM7rRjJjBu3kvds=
31,-1,8/FXTnfEYPn4rjg9XexPBJgoZBU=,b5Tx8EMPZysiTM7rRjJjBu3kvds=
31,-4,8/FXTnfEYPn4rjg9XexPBJgoZBU=,b5Tx8EMPZysiTM7rRjJjBu3kvds=
31,-5,8/FXTnfEYPn4rjg9XexPBJgoZBU=,jJ8KzjxvUpYsEBb4Q/bheZvp9Es=
31,-7,8/FXTnfEYPn4rjg9XexPBJgoZBU=,jJ8KzjxvUpYsEBb4Q/bheZvp9Es=
31,-6,8/FXTnfEYPn4rjg9XexPBJgoZBU=,jJ8KzjxvUpYsEBb4Q/bheZvp9Es=
31,-9,8/FXTnfEYPn4rjg9XexPBJgoZBU=,v5ykwRX43wpwBT2F8ITc+Yp0zFA=
31,-10,8/FXTnfEYPn4rjg9XexPBJgoZBU=,v5ykwRX43wpwBT2F8ITc+Yp0zFA=
31,-11,8/FXTnfEYPn4rjg9XexPBJgoZBU=,v5ykwRX43wpwBT2F8ITc+Yp0zFA=
31,-8,8/FXTnfEYPn4rjg9XexPBJgoZBU=,jJ8KzjxvUpYsEBb4Q/bheZvp9Es=
31,-14,8/FXTnfEYPn4rjg9XexPBJgoZBU=,cdOvYXiuV0cRWu2JAukPQGBHrXQ=
31,-15,8/FXTnfEYPn4rjg9XexPBJgoZBU=,cdOvYXiuV0cRWu2JAukPQGBHrXQ=
31,-12,8/FXTnfEYPn4rjg9XexPBJgoZBU=,v5ykwRX43wpwBT2F8ITc+Yp0zFA=
31,-13,8/FXTnfEYPn4rjg9XexPBJgoZBU=,cdOvYXiuV0cRWu2JAukPQGBHrXQ=
31,-16,8/FXTnfEYPn4rjg9XexPBJgoZBU=,cdOvYXiuV0cRWu2JAukPQGBHrXQ=
22,-16,8/FXTnfEYPn4rjg9XexPBJgoZBU=,hzD76iNuiX2eDNVgmbGvQHfbH/0=
29,-5,8/FXTnfEYPn4rjg9XexPBJgoZBU=,jJ8KzjxvUpYsEBb4Q/bheZvp9Es=
16,-10,pgBj5zQUjQA7yk+IdBflh/nTW9g=,ZmIc7pL+MHVGY5Y6utgrGZQp8oQ=
18,-2,qNk3No1FCyiin5JdXv4IGPIBFcY=,QSKs1BzYBEqeuRVe8wPuIHTXXJ0=
17,-8,pgBj5zQUjQA7yk+IdBflh/nTW9g=,VQf8xBJ/A0syAcTmI1w3APTWChE=
17,-9,pgBj5zQUjQA7yk+IdBflh/nTW9g=,ZmIc7pL+MHVGY5Y6utgrGZQp8oQ=
20,-2,qNk3No1FCyiin5JdXv4IGPIBFcY=,jkpiZz4dknl4gChspEPwuIGZZT8=
28,-6,8/FXTnfEYPn4rjg9XexPBJgoZBU=,jJ8KzjxvUpYsEBb4Q/bheZvp9Es=
17,-11,qNk3No1FCyiin5JdXv4IGPIBFcY=,ZmIc7pL+MHVGY5Y6utgrGZQp8oQ=
17,-10,pgBj5zQUjQA7yk+IdBflh/nTW9g=,ZmIc7pL+MHVGY5Y6utgrGZQp8oQ=
16,-7,pgBj5zQUjQA7yk+IdBflh/nTW9g=,VQf8xBJ/A0syAcTmI1w3APTWChE=
16,-2,qNk3No1FCyiin5JdXv4IGPIBFcY=,QSKs1BzYBEqeuRVe8wPuIHTXXJ0=
24,-15,8/FXTnfEYPn4rjg9XexPBJgoZBU=,szRpLESMilTes01mG+5k+V1+PaM=
19,-1,qNk3No1FCyiin5JdXv4IGPIBFcY=,QSKs1BzYBEqeuRVe8wPuIHTXXJ0=
16,-9,pgBj5zQUjQA7yk+IdBflh/nTW9g=,ZmIc7pL+MHVGY5Y6utgrGZQp8oQ=
29,-2,8/FXTnfEYPn4rjg9XexPBJgoZBU=,b5Tx8EMPZysiTM7rRjJjBu3kvds=
17,-12,qNk3No1FCyiin5JdXv4IGPIBFcY=,ZmIc7pL+MHVGY5Y6utgrGZQp8oQ=
19,-2,qNk3No1FCyiin5JdXv4IGPIBFcY=,QSKs1BzYBEqeuRVe8wPuIHTXXJ0=
29,-3,8/FXTnfEYPn4rjg9XexPBJgoZBU=,b5Tx8EMPZysiTM7rRjJjBu3kvds=
27,-13,8/FXTnfEYPn4rjg9XexPBJgoZBU=,szRpLESMilTes01mG+5k+V1+PaM=
16,-12,qNk3No1FCyiin5JdXv4IGPIBFcY=,ZmIc7pL+MHVGY5Y6utgrGZQp8oQ=
21,-2,pgBj5zQUjQA7yk+IdBflh/nTW9g=,jkpiZz4dknl4gChspEPwuIGZZT8=
16,-16,8/FXTnfEYPn4rjg9XexPBJgoZBU=,Rtk+tfuSAnHa1cgZkMmfIYdviPs=
28,-4,8/FXTnfEYPn4rjg9XexPBJgoZBU=,b5Tx8EMPZysiTM7rRjJjBu3kvds=
29,-6,8/FXTnfEYPn4rjg9XexPBJgoZBU=,jJ8KzjxvUpYsEBb4Q/bheZvp9Es=
17,-2,qNk3No1FCyiin5JdXv4IGPIBFcY=,QSKs1BzYBEqeuRVe8wPuIHTXXJ0=
29,-4,8/FXTnfEYPn4rjg9XexPBJgoZBU=,b5Tx8EMPZysiTM7rRjJjBu3kvds=
16,-1,qNk3No1FCyiin5JdXv4IGPIBFcY=,QSKs1BzYBEqeuRVe8wPuIHTXXJ0=
20,-1,qNk3No1FCyiin5JdXv4IGPIBFcY=,jkpiZz4dknl4gChspEPwuIGZZT8=
23,-5,pgBj5zQUjQA7yk+IdBflh/nTW9g=,VQf8xBJ/A0syAcTmI1w3APTWChE=
24,-3,pgBj5zQUjQA7yk+IdBflh/nTW9g=,QSKs1BzYBEqeuRVe8wPuIHTXXJ0=
23,-12,qNk3No1FCyiin5JdXv4IGPIBFcY=,NfMNDB4bJ/ZhNyfVtrZSW+IwNoE=
21,-1,qNk3No1FCyiin5JdXv4IGPIBFcY=,jkpiZz4dknl4gChspEPwuIGZZT8=
27,-4,qNk3No1FCyiin5JdXv4IGPIBFcY=,QSKs1BzYBEqeuRVe8wPuIHTXXJ0=
25,-14,8/FXTnfEYPn4rjg9XexPBJgoZBU=,szRpLESMilTes01mG+5k+V1+PaM=
17,-1,qNk3No1FCyiin5JdXv4IGPIBFcY=,QSKs1BzYBEqeuRVe8wPuIHTXXJ0=
26,-4,qNk3No1FCyiin5JdXv4IGPIBFcY=,QSKs1BzYBEqeuRVe8wPuIHTXXJ0=
24,-14,8/FXTnfEYPn4rjg9XexPBJgoZBU=,szRpLESMilTes01mG+5k+V1+PaM=
28,-2,8/FXTnfEYPn4rjg9XexPBJgoZBU=,b5Tx8EMPZysiTM7rRjJjBu3kvds=
28,-1,8/FXTnfEYPn4rjg9XexPBJgoZBU=,b5Tx8EMPZysiTM7rRjJjBu3kvds=
28,-5,8/FXTnfEYPn4rjg9XexPBJgoZBU=,jJ8KzjxvUpYsEBb4Q/bheZvp9Es=
27,-1,qNk3No1FCyiin5JdXv4IGPIBFcY=,QSKs1BzYBEqeuRVe8wPuIHTXXJ0=
23,-1,qNk3No1FCyiin5JdXv4IGPIBFcY=,jkpiZz4dknl4gChspEPwuIGZZT8=
26,-1,qNk3No1FCyiin5JdXv4IGPIBFcY=,QSKs1BzYBEqeuRVe8wPuIHTXXJ0=
16,-15,8/FXTnfEYPn4rjg9XexPBJgoZBU=,Rtk+tfuSAnHa1cgZkMmfIYdviPs=
28,-3,8/FXTnfEYPn4rjg9XexPBJgoZBU=,b5Tx8EMPZysiTM7rRjJjBu3kvds=
25,-1,qNk3No1FCyiin5JdXv4IGPIBFcY=,QSKs1BzYBEqeuRVe8wPuIHTXXJ0=
24,-4,pgBj5zQUjQA7yk+IdBflh/nTW9g=,QSKs1BzYBEqeuRVe8wPuIHTXXJ0=
25,-3,pgBj5zQUjQA7yk+IdBflh/nTW9g=,QSKs1BzYBEqeuRVe8wPuIHTXXJ0=
25,-4,pgBj5zQUjQA7yk+IdBflh/nTW9g=,QSKs1BzYBEqeuRVe8wPuIHTXXJ0=
26,-2,qNk3No1FCyiin5JdXv4IGPIBFcY=,QSKs1BzYBEqeuRVe8wPuIHTXXJ0=
24,-1,qNk3No1FCyiin5JdXv4IGPIBFcY=,QSKs1BzYBEqeuRVe8wPuIHTXXJ0=
25,-6,pgBj5zQUjQA7yk+IdBflh/nTW9g=,QSKs1BzYBEqeuRVe8wPuIHTXXJ0=
26,-3,qNk3No1FCyiin5JdXv4IGPIBFcY=,QSKs1BzYBEqeuRVe8wPuIHTXXJ0=
27,-6,qNk3No1FCyiin5JdXv4IGPIBFcY=,QSKs1BzYBEqeuRVe8wPuIHTXXJ0=
24,-6,pgBj5zQUjQA7yk+IdBflh/nTW9g=,QSKs1BzYBEqeuRVe8wPuIHTXXJ0=
25,-2,qNk3No1FCyiin5JdXv4IGPIBFcY=,QSKs1BzYBEqeuRVe8wPuIHTXXJ0=
27,-2,qNk3No1FCyiin5JdXv4IGPIBFcY=,QSKs1BzYBEqeuRVe8wPuIHTXXJ0=
17,-16,8/FXTnfEYPn4rjg9XexPBJgoZBU=,Rtk+tfuSAnHa1cgZkMmfIYdviPs=
24,-2,qNk3No1FCyiin5JdXv4IGPIBFcY=,QSKs1BzYBEqeuRVe8wPuIHTXXJ0=
22,-3,pgBj5zQUjQA7yk+IdBflh/nTW9g=,jkpiZz4dknl4gChspEPwuIGZZT8=
27,-3,qNk3No1FCyiin5JdXv4IGPIBFcY=,QSKs1BzYBEqeuRVe8wPuIHTXXJ0=
22,-6,pgBj5zQUjQA7yk+IdBflh/nTW9g=,VQf8xBJ/A0syAcTmI1w3APTWChE=
22,-5,pgBj5zQUjQA7yk+IdBflh/nTW9g=,VQf8xBJ/A0syAcTmI1w3APTWChE=
24,-5,pgBj5zQUjQA7yk+IdBflh/nTW9g=,QSKs1BzYBEqeuRVe8wPuIHTXXJ0=
23,-3,pgBj5zQUjQA7yk+IdBflh/nTW9g=,jkpiZz4dknl4gChspEPwuIGZZT8=
23,-6,pgBj5zQUjQA7yk+IdBflh/nTW9g=,VQf8xBJ/A0syAcTmI1w3APTWChE=
23,-4,qNk3No1FCyiin5JdXv4IGPIBFcY=,jkpiZz4dknl4gChspEPwuIGZZT8=
17,-15,8/FXTnfEYPn4rjg9XexPBJgoZBU=,Rtk+tfuSAnHa1cgZkMmfIYdviPs=
22,-2,qNk3No1FCyiin5JdXv4IGPIBFcY=,jkpiZz4dknl4gChspEPwuIGZZT8=
23,-2,qNk3No1FCyiin5JdXv4IGPIBFcY=,jkpiZz4dknl4gChspEPwuIGZZT8=
22,-4,qNk3No1FCyiin5JdXv4IGPIBFcY=,jkpiZz4dknl4gChspEPwuIGZZT8=
26,-6,qNk3No1FCyiin5JdXv4IGPIBFcY=,QSKs1BzYBEqeuRVe8wPuIHTXXJ0=
25,-5,pgBj5zQUjQA7yk+IdBflh/nTW9g=,QSKs1BzYBEqeuRVe8wPuIHTXXJ0=
22,-1,qNk3No1FCyiin5JdXv4IGPIBFcY=,jkpiZz4dknl4gChspEPwuIGZZT8=
27,-5,qNk3No1FCyiin5JdXv4IGPIBFcY=,QSKs1BzYBEqeuRVe8wPuIHTXXJ0=
26,-5,qNk3No1FCyiin5JdXv4IGPIBFcY=,QSKs1BzYBEqeuRVe8wPuIHTXXJ0=
26,-23,M4sAYPNWwcA/nzZKpTJo0Qt5xVc=,M1BYCdbgFF0ZMUi8dBFDOS/Bcvo=
26,-22,M4sAYPNWwcA/nzZKpTJo0Qt5xVc=,M1BYCdbgFF0ZMUi8dBFDOS/Bcvo=
26,-26,M4sAYPNWwcA/nzZKpTJo0Qt5xVc=,D+baz+eEEQOo1rQQLKOFFRFuN+0=
26,-25,M4sAYPNWwcA/nzZKpTJo0Qt5xVc=,D+baz+eEEQOo1rQQLKOFFRFuN+0=
26,-27,M4sAYPNWwcA/nzZKpTJo0Qt5xVc=,D+baz+eEEQOo1rQQLKOFFRFuN+0=
26,-24,M4sAYPNWwcA/nzZKpTJo0Qt5xVc=,M1BYCdbgFF0ZMUi8dBFDOS/Bcvo=
21,-31,M4sAYPNWwcA/nzZKpTJo0Qt5xVc=,Z9Gi5LKnmWOwR9ThAwmdIXyxDCU=
22,-31,M4sAYPNWwcA/nzZKpTJo0Qt5xVc=,Z9Gi5LKnmWOwR9ThAwmdIXyxDCU=
24,-23,M4sAYPNWwcA/nzZKpTJo0Qt5xVc=,M1BYCdbgFF0ZMUi8dBFDOS/Bcvo=
22,-30,M4sAYPNWwcA/nzZKpTJo0Qt5xVc=,Z9Gi5LKnmWOwR9ThAwmdIXyxDCU=
24,-26,M4sAYPNWwcA/nzZKpTJo0Qt5xVc=,D+baz+eEEQOo1rQQLKOFFRFuN+0=
25,-24,M4sAYPNWwcA/nzZKpTJo0Qt5xVc=,M1BYCdbgFF0ZMUi8dBFDOS/Bcvo=
22,-26,M4sAYPNWwcA/nzZKpTJo0Qt5xVc=,MYC59qd8aetxk1F3e/MBF2u9Fqs=
24,-25,M4sAYPNWwcA/nzZKpTJo0Qt5xVc=,D+baz+eEEQOo1rQQLKOFFRFuN+0=
25,-26,M4sAYPNWwcA/nzZKpTJo0Qt5xVc=,D+baz+eEEQOo1rQQLKOFFRFuN+0=
24,-24,M4sAYPNWwcA/nzZKpTJo0Qt5xVc=,M1BYCdbgFF0ZMUi8dBFDOS/Bcvo=
20,-25,M4sAYPNWwcA/nzZKpTJo0Qt5xVc=,MYC59qd8aetxk1F3e/MBF2u9Fqs=
23,-23,M4sAYPNWwcA/nzZKpTJo0Qt5xVc=,1RzXxKmLvZ9qTVR5VYfJ3J4WfnA=
23,-25,M4sAYPNWwcA/nzZKpTJo0Qt5xVc=,MYC59qd8aetxk1F3e/MBF2u9Fqs=
25,-25,M4sAYPNWwcA/nzZKpTJo0Qt5xVc=,D+baz+eEEQOo1rQQLKOFFRFuN+0=
25,-23,M4sAYPNWwcA/nzZKpTJo0Qt5xVc=,M1BYCdbgFF0ZMUi8dBFDOS/Bcvo=
21,-30,M4sAYPNWwcA/nzZKpTJo0Qt5xVc=,Z9Gi5LKnmWOwR9ThAwmdIXyxDCU=
22,-23,M4sAYPNWwcA/nzZKpTJo0Qt5xVc=,1RzXxKmLvZ9qTVR5VYfJ3J4WfnA=
23,-26,M4sAYPNWwcA/nzZKpTJo0Qt5xVc=,MYC59qd8aetxk1F3e/MBF2u9Fqs=
19,-26,M4sAYPNWwcA/nzZKpTJo0Qt5xVc=,OHt25KioZD56jYS4p+P4XABUgYU=
19,-27,M4sAYPNWwcA/nzZKpTJo0Qt5xVc=,OHt25KioZD56jYS4p+P4XABUgYU=
22,-24,M4sAYPNWwcA/nzZKpTJo0Qt5xVc=,1RzXxKmLvZ9qTVR5VYfJ3J4WfnA=
25,-18,WrEWavN1sds1b0AXnrANNFxGUTs=,3Sm9Jt+GWSqrJWc6KckaMpLfARE=
18,-27,WrEWavN1sds1b0AXnrANNFxGUTs=,OHt25KioZD56jYS4p+P4XABUgYU=
22,-25,WrEWavN1sds1b0AXnrANNFxGUTs=,MYC59qd8aetxk1F3e/MBF2u9Fqs=
23,-24,WrEWavN1sds1b0AXnrANNFxGUTs=,1RzXxKmLvZ9qTVR5VYfJ3J4WfnA=
20,-27,WrEWavN1sds1b0AXnrANNFxGUTs=,MYC59qd8aetxk1F3e/MBF2u9Fqs=
26,-20,WrEWavN1sds1b0AXnrANNFxGUTs=,3Sm9Jt+GWSqrJWc6KckaMpLfARE=
25,-19,WrEWavN1sds1b0AXnrANNFxGUTs=,3Sm9Jt+GWSqrJWc6KckaMpLfARE=
26,-18,WrEWavN1sds1b0AXnrANNFxGUTs=,3Sm9Jt+GWSqrJWc6KckaMpLfARE=
26,-19,WrEWavN1sds1b0AXnrANNFxGUTs=,3Sm9Jt+GWSqrJWc6KckaMpLfARE=
25,-21,WrEWavN1sds1b0AXnrANNFxGUTs=,M1BYCdbgFF0ZMUi8dBFDOS/Bcvo=
26,-21,WrEWavN1sds1b0AXnrANNFxGUTs=,M1BYCdbgFF0ZMUi8dBFDOS/Bcvo=
25,-20,WrEWavN1sds1b0AXnrANNFxGUTs=,3Sm9Jt+GWSqrJWc6KckaMpLfARE=
20,-26,WrEWavN1sds1b0AXnrANNFxGUTs=,MYC59qd8aetxk1F3e/MBF2u9Fqs=
21,-28,WrEWavN1sds1b0AXnrANNFxGUTs=,MYC59qd8aetxk1F3e/MBF2u9Fqs=
18,-23,WrEWavN1sds1b0AXnrANNFxGUTs=,l7u3YwNKgoCtlXnrtUWjmRnOwHE=
19,-24,WrEWavN1sds1b0AXnrANNFxGUTs=,l7u3YwNKgoCtlXnrtUWjmRnOwHE=
21,-24,WrEWavN1sds1b0AXnrANNFxGUTs=,1RzXxKmLvZ9qTVR5VYfJ3J4WfnA=
18,-30,WrEWavN1sds1b0AXnrANNFxGUTs=,W79KXU7ND7X2i5xYkF5OJMJoKm4=
18,-25,WrEWavN1sds1b0AXnrANNFxGUTs=,OHt25KioZD56jYS4p+P4XABUgYU=
21,-29,WrEWavN1sds1b0AXnrANNFxGUTs=,Z9Gi5LKnmWOwR9ThAwmdIXyxDCU=
21,-26,WrEWavN1sds1b0AXnrANNFxGUTs=,MYC59qd8aetxk1F3e/MBF2u9Fqs=
19,-25,WrEWavN1sds1b0AXnrANNFxGUTs=,OHt25KioZD56jYS4p+P4XABUgYU=
21,-25,WrEWavN1sds1b0AXnrANNFxGUTs=,MYC59qd8aetxk1F3e/MBF2u9Fqs=
18,-24,WrEWavN1sds1b0AXnrANNFxGUTs=,l7u3YwNKgoCtlXnrtUWjmRnOwHE=
24,-20,WrEWavN1sds1b0AXnrANNFxGUTs=,3Sm9Jt+GWSqrJWc6KckaMpLfARE=
19,-23,WrEWavN1sds1b0AXnrANNFxGUTs=,l7u3YwNKgoCtlXnrtUWjmRnOwHE=
21,-23,WrEWavN1sds1b0AXnrANNFxGUTs=,1RzXxKmLvZ9qTVR5VYfJ3J4WfnA=
25,-22,WrEWavN1sds1b0AXnrANNFxGUTs=,M1BYCdbgFF0ZMUi8dBFDOS/Bcvo=
21,-27,WrEWavN1sds1b0AXnrANNFxGUTs=,MYC59qd8aetxk1F3e/MBF2u9Fqs=
18,-26,WrEWavN1sds1b0AXnrANNFxGUTs=,OHt25KioZD56jYS4p+P4XABUgYU=
20,-30,WrEWavN1sds1b0AXnrANNFxGUTs=,Z9Gi5LKnmWOwR9ThAwmdIXyxDCU=
22,-17,WrEWavN1sds1b0AXnrANNFxGUTs=,Y/tUM9dDSI92bBUkxf0l4wLnILs=
19,-29,WrEWavN1sds1b0AXnrANNFxGUTs=,W79KXU7ND7X2i5xYkF5OJMJoKm4=
24,-17,WrEWavN1sds1b0AXnrANNFxGUTs=,3Sm9Jt+GWSqrJWc6KckaMpLfARE=
19,-21,WrEWavN1sds1b0AXnrANNFxGUTs=,l7u3YwNKgoCtlXnrtUWjmRnOwHE=
20,-24,WrEWavN1sds1b0AXnrANNFxGUTs=,1RzXxKmLvZ9qTVR5VYfJ3J4WfnA=
19,-30,WrEWavN1sds1b0AXnrANNFxGUTs=,W79KXU7ND7X2i5xYkF5OJMJoKm4=
18,-20,WrEWavN1sds1b0AXnrANNFxGUTs=,HHFXN+V4DJBBVCFcsbxTRg4ZJlE=
24,-18,WrEWavN1sds1b0AXnrANNFxGUTs=,3Sm9Jt+GWSqrJWc6KckaMpLfARE=
25,-17,WrEWavN1sds1b0AXnrANNFxGUTs=,3Sm9Jt+GWSqrJWc6KckaMpLfARE=
26,-17,WrEWavN1sds1b0AXnrANNFxGUTs=,3Sm9Jt+GWSqrJWc6KckaMpLfARE=
18,-19,WrEWavN1sds1b0AXnrANNFxGUTs=,HHFXN+V4DJBBVCFcsbxTRg4ZJlE=
23,-17,WrEWavN1sds1b0AXnrANNFxGUTs=,Y/tUM9dDSI92bBUkxf0l4wLnILs=
19,-20,WrEWavN1sds1b0AXnrANNFxGUTs=,HHFXN+V4DJBBVCFcsbxTRg4ZJlE=
18,-28,WrEWavN1sds1b0AXnrANNFxGUTs=,OHt25KioZD56jYS4p+P4XABUgYU=
20,-23,WrEWavN1sds1b0AXnrANNFxGUTs=,1RzXxKmLvZ9qTVR5VYfJ3J4WfnA=
20,-28,WrEWavN1sds1b0AXnrANNFxGUTs=,MYC59qd8aetxk1F3e/MBF2u9Fqs=
22,-21,WrEWavN1sds1b0AXnrANNFxGUTs=,1RzXxKmLvZ9qTVR5VYfJ3J4WfnA=
19,-28,WrEWavN1sds1b0AXnrANNFxGUTs=,OHt25KioZD56jYS4p+P4XABUgYU=
20,-29,WrEWavN1sds1b0AXnrANNFxGUTs=,Z9Gi5LKnmWOwR9ThAwmdIXyxDCU=
19,-18,WrEWavN1sds1b0AXnrANNFxGUTs=,HHFXN+V4DJBBVCFcsbxTRg4ZJlE=
20,-17,WrEWavN1sds1b0AXnrANNFxGUTs=,Y/tUM9dDSI92bBUkxf0l4wLnILs=
20,-18,WrEWavN1sds1b0AXnrANNFxGUTs=,Y/tUM9dDSI92bBUkxf0l4wLnILs=
21,-17,WrEWavN1sds1b0AXnrANNFxGUTs=,Y/tUM9dDSI92bBUkxf0l4wLnILs=
22,-18,WrEWavN1sds1b0AXnrANNFxGUTs=,Y/tUM9dDSI92bBUkxf0l4wLnILs=
18,-29,WrEWavN1sds1b0AXnrANNFxGUTs=,W79KXU7ND7X2i5xYkF5OJMJoKm4=
18,-21,WrEWavN1sds1b0AXnrANNFxGUTs=,l7u3YwNKgoCtlXnrtUWjmRnOwHE=
20,-20,WrEWavN1sds1b0AXnrANNFxGUTs=,Y/tUM9dDSI92bBUkxf0l4wLnILs=
21,-20,WrEWavN1sds1b0AXnrANNFxGUTs=,Y/tUM9dDSI92bBUkxf0l4wLnILs=
18,-17,WrEWavN1sds1b0AXnrANNFxGUTs=,HHFXN+V4DJBBVCFcsbxTRg4ZJlE=
23,-18,WrEWavN1sds1b0AXnrANNFxGUTs=,Y/tUM9dDSI92bBUkxf0l4wLnILs=
24,-22,WrEWavN1sds1b0AXnrANNFxGUTs=,M1BYCdbgFF0ZMUi8dBFDOS/Bcvo=
19,-17,WrEWavN1sds1b0AXnrANNFxGUTs=,HHFXN+V4DJBBVCFcsbxTRg4ZJlE=
18,-18,WrEWavN1sds1b0AXnrANNFxGUTs=,HHFXN+V4DJBBVCFcsbxTRg4ZJlE=
16,-21,WrEWavN1sds1b0AXnrANNFxGUTs=,l7u3YwNKgoCtlXnrtUWjmRnOwHE=
21,-22,WrEWavN1sds1b0AXnrANNFxGUTs=,1RzXxKmLvZ9qTVR5VYfJ3J4WfnA=
18,-32,WrEWavN1sds1b0AXnrANNFxGUTs=,W79KXU7ND7X2i5xYkF5OJMJoKm4=
17,-32,WrEWavN1sds1b0AXnrANNFxGUTs=,W79KXU7ND7X2i5xYkF5OJMJoKm4=
21,-21,WrEWavN1sds1b0AXnrANNFxGUTs=,1RzXxKmLvZ9qTVR5VYfJ3J4WfnA=
24,-19,WrEWavN1sds1b0AXnrANNFxGUTs=,3Sm9Jt+GWSqrJWc6KckaMpLfARE=
21,-18,WrEWavN1sds1b0AXnrANNFxGUTs=,Y/tUM9dDSI92bBUkxf0l4wLnILs=
20,-22,WrEWavN1sds1b0AXnrANNFxGUTs=,1RzXxKmLvZ9qTVR5VYfJ3J4WfnA=
23,-19,WrEWavN1sds1b0AXnrANNFxGUTs=,Y/tUM9dDSI92bBUkxf0l4wLnILs=
24,-21,WrEWavN1sds1b0AXnrANNFxGUTs=,M1BYCdbgFF0ZMUi8dBFDOS/Bcvo=
23,-22,WrEWavN1sds1b0AXnrANNFxGUTs=,1RzXxKmLvZ9qTVR5VYfJ3J4WfnA=
16,-22,WrEWavN1sds1b0AXnrANNFxGUTs=,l7u3YwNKgoCtlXnrtUWjmRnOwHE=
27,-26,WrEWavN1sds1b0AXnrANNFxGUTs=,D+baz+eEEQOo1rQQLKOFFRFuN+0=
27,-27,WrEWavN1sds1b0AXnrANNFxGUTs=,D+baz+eEEQOo1rQQLKOFFRFuN+0=
16,-32,WrEWavN1sds1b0AXnrANNFxGUTs=,W79KXU7ND7X2i5xYkF5OJMJoKm4=
26,-32,WrEWavN1sds1b0AXnrANNFxGUTs=,03lC9kbZRwHMVwUSKOBHxF7zFiU=
16,-24,WrEWavN1sds1b0AXnrANNFxGUTs=,l7u3YwNKgoCtlXnrtUWjmRnOwHE=
26,-28,WrEWavN1sds1b0AXnrANNFxGUTs=,D+baz+eEEQOo1rQQLKOFFRFuN+0=
27,-28,WrEWavN1sds1b0AXnrANNFxGUTs=,D+baz+eEEQOo1rQQLKOFFRFuN+0=
24,-31,WrEWavN1sds1b0AXnrANNFxGUTs=,03lC9kbZRwHMVwUSKOBHxF7zFiU=
24,-30,WrEWavN1sds1b0AXnrANNFxGUTs=,03lC9kbZRwHMVwUSKOBHxF7zFiU=
16,-19,WrEWavN1sds1b0AXnrANNFxGUTs=,HHFXN+V4DJBBVCFcsbxTRg4ZJlE=
17,-22,WrEWavN1sds1b0AXnrANNFxGUTs=,l7u3YwNKgoCtlXnrtUWjmRnOwHE=
19,-22,WrEWavN1sds1b0AXnrANNFxGUTs=,l7u3YwNKgoCtlXnrtUWjmRnOwHE=
19,-19,WrEWavN1sds1b0AXnrANNFxGUTs=,HHFXN+V4DJBBVCFcsbxTRg4ZJlE=
18,-31,WrEWavN1sds1b0AXnrANNFxGUTs=,W79KXU7ND7X2i5xYkF5OJMJoKm4=
22,-20,WrEWavN1sds1b0AXnrANNFxGUTs=,Y/tUM9dDSI92bBUkxf0l4wLnILs=
22,-22,WrEWavN1sds1b0AXnrANNFxGUTs=,1RzXxKmLvZ9qTVR5VYfJ3J4WfnA=
17,-19,WrEWavN1sds1b0AXnrANNFxGUTs=,HHFXN+V4DJBBVCFcsbxTRg4ZJlE=
22,-28,WrEWavN1sds1b0AXnrANNFxGUTs=,MYC59qd8aetxk1F3e/MBF2u9Fqs=
23,-20,WrEWavN1sds1b0AXnrANNFxGUTs=,Y/tUM9dDSI92bBUkxf0l4wLnILs=
16,-30,WrEWavN1sds1b0AXnrANNFxGUTs=,W79KXU7ND7X2i5xYkF5OJMJoKm4=
17,-20,WrEWavN1sds1b0AXnrANNFxGUTs=,HHFXN+V4DJBBVCFcsbxTRg4ZJlE=
21,-19,WrEWavN1sds1b0AXnrANNFxGUTs=,Y/tUM9dDSI92bBUkxf0l4wLnILs=
17,-21,WrEWavN1sds1b0AXnrANNFxGUTs=,l7u3YwNKgoCtlXnrtUWjmRnOwHE=
19,-32,WrEWavN1sds1b0AXnrANNFxGUTs=,W79KXU7ND7X2i5xYkF5OJMJoKm4=
20,-19,WrEWavN1sds1b0AXnrANNFxGUTs=,Y/tUM9dDSI92bBUkxf0l4wLnILs=
16,-20,WrEWavN1sds1b0AXnrANNFxGUTs=,HHFXN+V4DJBBVCFcsbxTRg4ZJlE=
22,-19,WrEWavN1sds1b0AXnrANNFxGUTs=,Y/tUM9dDSI92bBUkxf0l4wLnILs=
19,-31,WrEWavN1sds1b0AXnrANNFxGUTs=,W79KXU7ND7X2i5xYkF5OJMJoKm4=
22,-32,WrEWavN1sds1b0AXnrANNFxGUTs=,Z9Gi5LKnmWOwR9ThAwmdIXyxDCU=
20,-32,WrEWavN1sds1b0AXnrANNFxGUTs=,Z9Gi5LKnmWOwR9ThAwmdIXyxDCU=
16,-23,WrEWavN1sds1b0AXnrANNFxGUTs=,l7u3YwNKgoCtlXnrtUWjmRnOwHE=
16,-31,WrEWavN1sds1b0AXnrANNFxGUTs=,W79KXU7ND7X2i5xYkF5OJMJoKm4=
21,-32,WrEWavN1sds1b0AXnrANNFxGUTs=,Z9Gi5LKnmWOwR9ThAwmdIXyxDCU=
27,-32,WrEWavN1sds1b0AXnrANNFxGUTs=,03lC9kbZRwHMVwUSKOBHxF7zFiU=
27,-20,WrEWavN1sds1b0AXnrANNFxGUTs=,3Sm9Jt+GWSqrJWc6KckaMpLfARE=
27,-24,WrEWavN1sds1b0AXnrANNFxGUTs=,M1BYCdbgFF0ZMUi8dBFDOS/Bcvo=
27,-25,WrEWavN1sds1b0AXnrANNFxGUTs=,D+baz+eEEQOo1rQQLKOFFRFuN+0=
27,-23,WrEWavN1sds1b0AXnrANNFxGUTs=,M1BYCdbgFF0ZMUi8dBFDOS/Bcvo=
20,-31,WrEWavN1sds1b0AXnrANNFxGUTs=,Z9Gi5LKnmWOwR9ThAwmdIXyxDCU=
27,-22,WrEWavN1sds1b0AXnrANNFxGUTs=,M1BYCdbgFF0ZMUi8dBFDOS/Bcvo=
27,-21,WrEWavN1sds1b0AXnrANNFxGUTs=,M1BYCdbgFF0ZMUi8dBFDOS/Bcvo=
27,-18,WrEWavN1sds1b0AXnrANNFxGUTs=,3Sm9Jt+GWSqrJWc6KckaMpLfARE=
27,-19,WrEWavN1sds1b0AXnrANNFxGUTs=,3Sm9Jt+GWSqrJWc6KckaMpLfARE=
17,-27,WrEWavN1sds1b0AXnrANNFxGUTs=,OHt25KioZD56jYS4p+P4XABUgYU=
17,-26,WrEWavN1sds1b0AXnrANNFxGUTs=,OHt25KioZD56jYS4p+P4XABUgYU=
22,-29,WrEWavN1sds1b0AXnrANNFxGUTs=,Z9Gi5LKnmWOwR9ThAwmdIXyxDCU=
20,-21,WrEWavN1sds1b0AXnrANNFxGUTs=,1RzXxKmLvZ9qTVR5VYfJ3J4WfnA=
23,-30,WrEWavN1sds1b0AXnrANNFxGUTs=,Z9Gi5LKnmWOwR9ThAwmdIXyxDCU=
27,-17,WrEWavN1sds1b0AXnrANNFxGUTs=,3Sm9Jt+GWSqrJWc6KckaMpLfARE=
17,-25,WrEWavN1sds1b0AXnrANNFxGUTs=,OHt25KioZD56jYS4p+P4XABUgYU=
16,-29,WrEWavN1sds1b0AXnrANNFxGUTs=,W79KXU7ND7X2i5xYkF5OJMJoKm4=
22,-27,WrEWavN1sds1b0AXnrANNFxGUTs=,MYC59qd8aetxk1F3e/MBF2u9Fqs=
17,-28,WrEWavN1sds1b0AXnrANNFxGUTs=,OHt25KioZD56jYS4p+P4XABUgYU=
27,-31,WrEWavN1sds1b0AXnrANNFxGUTs=,03lC9kbZRwHMVwUSKOBHxF7zFiU=
26,-31,WrEWavN1sds1b0AXnrANNFxGUTs=,03lC9kbZRwHMVwUSKOBHxF7zFiU=
17,-31,WrEWavN1sds1b0AXnrANNFxGUTs=,W79KXU7ND7X2i5xYkF5OJMJoKm4=
16,-27,WrEWavN1sds1b0AXnrANNFxGUTs=,OHt25KioZD56jYS4p+P4XABUgYU=
23,-31,WrEWavN1sds1b0AXnrANNFxGUTs=,Z9Gi5LKnmWOwR9ThAwmdIXyxDCU=
25,-29,WrEWavN1sds1b0AXnrANNFxGUTs=,03lC9kbZRwHMVwUSKOBHxF7zFiU=
25,-32,WrEWavN1sds1b0AXnrANNFxGUTs=,03lC9kbZRwHMVwUSKOBHxF7zFiU=
23,-32,WrEWavN1sds1b0AXnrANNFxGUTs=,Z9Gi5LKnmWOwR9ThAwmdIXyxDCU=
24,-32,WrEWavN1sds1b0AXnrANNFxGUTs=,03lC9kbZRwHMVwUSKOBHxF7zFiU=
24,-29,WrEWavN1sds1b0AXnrANNFxGUTs=,03lC9kbZRwHMVwUSKOBHxF7zFiU=
25,-31,WrEWavN1sds1b0AXnrANNFxGUTs=,03lC9kbZRwHMVwUSKOBHxF7zFiU=
27,-30,WrEWavN1sds1b0AXnrANNFxGUTs=,03lC9kbZRwHMVwUSKOBHxF7zFiU=
27,-29,WrEWavN1sds1b0AXnrANNFxGUTs=,03lC9kbZRwHMVwUSKOBHxF7zFiU=
17,-23,WrEWavN1sds1b0AXnrANNFxGUTs=,l7u3YwNKgoCtlXnrtUWjmRnOwHE=
18,-22,WrEWavN1sds1b0AXnrANNFxGUTs=,l7u3YwNKgoCtlXnrtUWjmRnOwHE=
23,-29,WrEWavN1sds1b0AXnrANNFxGUTs=,Z9Gi5LKnmWOwR9ThAwmdIXyxDCU=
26,-30,WrEWavN1sds1b0AXnrANNFxGUTs=,03lC9kbZRwHMVwUSKOBHxF7zFiU=
25,-30,WrEWavN1sds1b0AXnrANNFxGUTs=,03lC9kbZRwHMVwUSKOBHxF7zFiU=
26,-29,WrEWavN1sds1b0AXnrANNFxGUTs=,03lC9kbZRwHMVwUSKOBHxF7zFiU=
16,-28,WrEWavN1sds1b0AXnrANNFxGUTs=,OHt25KioZD56jYS4p+P4XABUgYU=
16,-26,WrEWavN1sds1b0AXnrANNFxGUTs=,OHt25KioZD56jYS4p+P4XABUgYU=
25,-28,WrEWavN1sds1b0AXnrANNFxGUTs=,D+baz+eEEQOo1rQQLKOFFRFuN+0=
23,-21,WrEWavN1sds1b0AXnrANNFxGUTs=,1RzXxKmLvZ9qTVR5VYfJ3J4WfnA=
23,-28,WrEWavN1sds1b0AXnrANNFxGUTs=,MYC59qd8aetxk1F3e/MBF2u9Fqs=
16,-25,WrEWavN1sds1b0AXnrANNFxGUTs=,OHt25KioZD56jYS4p+P4XABUgYU=
24,-28,WrEWavN1sds1b0AXnrANNFxGUTs=,D+baz+eEEQOo1rQQLKOFFRFuN+0=
17,-29,WrEWavN1sds1b0AXnrANNFxGUTs=,W79KXU7ND7X2i5xYkF5OJMJoKm4=
17,-30,WrEWavN1sds1b0AXnrANNFxGUTs=,W79KXU7ND7X2i5xYkF5OJMJoKm4=
25,-27,WrEWavN1sds1b0AXnrANNFxGUTs=,D+baz+eEEQOo1rQQLKOFFRFuN+0=
23,-27,WrEWavN1sds1b0AXnrANNFxGUTs=,MYC59qd8aetxk1F3e/MBF2u9Fqs=
24,-27,WrEWavN1sds1b0AXnrANNFxGUTs=,D+baz+eEEQOo1rQQLKOFFRFuN+0=
17,-24,WrEWavN1sds1b0AXnrANNFxGUTs=,l7u3YwNKgoCtlXnrtUWjmRnOwHE=
16,-17,WrEWavN1sds1b0AXnrANNFxGUTs=,HHFXN+V4DJBBVCFcsbxTRg4ZJlE=
16,-18,WrEWavN1sds1b0AXnrANNFxGUTs=,HHFXN+V4DJBBVCFcsbxTRg4ZJlE=
17,-18,WrEWavN1sds1b0AXnrANNFxGUTs=,HHFXN+V4DJBBVCFcsbxTRg4ZJlE=
17,-17,WrEWavN1sds1b0AXnrANNFxGUTs=,HHFXN+V4DJBBVCFcsbxTRg4ZJlE=
4,-27,01vhZwO5aPiNm53PILBU7f9KJP0=,mfvMxywhwCzP+CjskslgrTPjBXs=
3,-26,01vhZwO5aPiNm53PILBU7f9KJP0=,onb/GYcZRL462AXxy75rfSKhP20=
5,-27,01vhZwO5aPiNm53PILBU7f9KJP0=,mfvMxywhwCzP+CjskslgrTPjBXs=
3,-27,01vhZwO5aPiNm53PILBU7f9KJP0=,onb/GYcZRL462AXxy75rfSKhP20=
6,-26,01vhZwO5aPiNm53PILBU7f9KJP0=,mfvMxywhwCzP+CjskslgrTPjBXs=
5,-26,01vhZwO5aPiNm53PILBU7f9KJP0=,mfvMxywhwCzP+CjskslgrTPjBXs=
4,-26,01vhZwO5aPiNm53PILBU7f9KJP0=,mfvMxywhwCzP+CjskslgrTPjBXs=
6,-27,01vhZwO5aPiNm53PILBU7f9KJP0=,mfvMxywhwCzP+CjskslgrTPjBXs=
5,-24,01vhZwO5aPiNm53PILBU7f9KJP0=,pFPEzsnkbpswX8Zzxec5Zrs2Nzc=
5,-25,01vhZwO5aPiNm53PILBU7f9KJP0=,mfvMxywhwCzP+CjskslgrTPjBXs=
7,-25,01vhZwO5aPiNm53PILBU7f9KJP0=,mfvMxywhwCzP+CjskslgrTPjBXs=
9,-26,01vhZwO5aPiNm53PILBU7f9KJP0=,kSP5RNjmFLs/VZD7Y1aLkW30BaQ=
6,-25,01vhZwO5aPiNm53PILBU7f9KJP0=,mfvMxywhwCzP+CjskslgrTPjBXs=
6,-24,01vhZwO5aPiNm53PILBU7f9KJP0=,pFPEzsnkbpswX8Zzxec5Zrs2Nzc=
9,-25,01vhZwO5aPiNm53PILBU7f9KJP0=,kSP5RNjmFLs/VZD7Y1aLkW30BaQ=
7,-26,01vhZwO5aPiNm53PILBU7f9KJP0=,mfvMxywhwCzP+CjskslgrTPjBXs=
9,-23,01vhZwO5aPiNm53PILBU7f9KJP0=,oSl80vx+15hAFFxjqEZUKE7uAts=
8,-26,01vhZwO5aPiNm53PILBU7f9KJP0=,kSP5RNjmFLs/VZD7Y1aLkW30BaQ=
8,-25,01vhZwO5aPiNm53PILBU7f9KJP0=,kSP5RNjmFLs/VZD7Y1aLkW30BaQ=
8,-24,01vhZwO5aPiNm53PILBU7f9KJP0=,oSl80vx+15hAFFxjqEZUKE7uAts=
7,-23,01vhZwO5aPiNm53PILBU7f9KJP0=,pFPEzsnkbpswX8Zzxec5Zrs2Nzc=
6,-23,01vhZwO5aPiNm53PILBU7f9KJP0=,pFPEzsnkbpswX8Zzxec5Zrs2Nzc=
8,-23,01vhZwO5aPiNm53PILBU7f9KJP0=,oSl80vx+15hAFFxjqEZUKE7uAts=
7,-24,01vhZwO5aPiNm53PILBU7f9KJP0=,pFPEzsnkbpswX8Zzxec5Zrs2Nzc=
9,-24,01vhZwO5aPiNm53PILBU7f9KJP0=,oSl80vx+15hAFFxjqEZUKE7uAts=
6,-22,F8l6P0fFI8OWlXPt+gcCj4ifC2A=,pFPEzsnkbpswX8Zzxec5Zrs2Nzc=
8,-22,F8l6P0fFI8OWlXPt+gcCj4ifC2A=,oSl80vx+15hAFFxjqEZUKE7uAts=
7,-19,F8l6P0fFI8OWlXPt+gcCj4ifC2A=,HT5FTbv1ilM8SdV5D1IgSkh1uDg=
7,-22,F8l6P0fFI8OWlXPt+gcCj4ifC2A=,pFPEzsnkbpswX8Zzxec5Zrs2Nzc=
7,-21,F8l6P0fFI8OWlXPt+gcCj4ifC2A=,pFPEzsnkbpswX8Zzxec5Zrs2Nzc=
6,-21,F8l6P0fFI8OWlXPt+gcCj4ifC2A=,pFPEzsnkbpswX8Zzxec5Zrs2Nzc=
9,-22,F8l6P0fFI8OWlXPt+gcCj4ifC2A=,oSl80vx+15hAFFxjqEZUKE7uAts=
9,-21,F8l6P0fFI8OWlXPt+gcCj4ifC2A=,oSl80vx+15hAFFxjqEZUKE7uAts=
9,-19,F8l6P0fFI8OWlXPt+gcCj4ifC2A=,JaG0D1l1N+zKwwsvNYNUpYvP2DU=
6,-19,F8l6P0fFI8OWlXPt+gcCj4ifC2A=,HT5FTbv1ilM8SdV5D1IgSkh1uDg=
7,-20,F8l6P0fFI8OWlXPt+gcCj4ifC2A=,HT5FTbv1ilM8SdV5D1IgSkh1uDg=
1,-19,F8l6P0fFI8OWlXPt+gcCj4ifC2A=,ymWxyDg5bM1xKFRv61keA/iHq/M=
2,-19,F8l6P0fFI8OWlXPt+gcCj4ifC2A=,ymWxyDg5bM1xKFRv61keA/iHq/M=
3,-19,F8l6P0fFI8OWlXPt+gcCj4ifC2A=,ymWxyDg5bM1xKFRv61keA/iHq/M=
1,-18,F8l6P0fFI8OWlXPt+gcCj4ifC2A=,ymWxyDg5bM1xKFRv61keA/iHq/M=
6,-20,F8l6P0fFI8OWlXPt+gcCj4ifC2A=,HT5FTbv1ilM8SdV5D1IgSkh1uDg=
11,-22,F8l6P0fFI8OWlXPt+gcCj4ifC2A=,oSl80vx+15hAFFxjqEZUKE7uAts=
9,-31,F8l6P0fFI8OWlXPt+gcCj4ifC2A=,qxB7nHEH9DYLRgdwNTdi4rpQC88=
10,-31,F8l6P0fFI8OWlXPt+gcCj4ifC2A=,qxB7nHEH9DYLRgdwNTdi4rpQC88=
9,-30,F8l6P0fFI8OWlXPt+gcCj4ifC2A=,qxB7nHEH9DYLRgdwNTdi4rpQC88=
10,-30,F8l6P0fFI8OWlXPt+gcCj4ifC2A=,qxB7nHEH9DYLRgdwNTdi4rpQC88=
9,-20,F8l6P0fFI8OWlXPt+gcCj4ifC2A=,JaG0D1l1N+zKwwsvNYNUpYvP2DU=
8,-21,F8l6P0fFI8OWlXPt+gcCj4ifC2A=,oSl80vx+15hAFFxjqEZUKE7uAts=
12,-31,F8l6P0fFI8OWlXPt+gcCj4ifC2A=,l/TOvzZvJkXJCstWVn3pf895vXs=
11,-30,F8l6P0fFI8OWlXPt+gcCj4ifC2A=,qxB7nHEH9DYLRgdwNTdi4rpQC88=
11,-31,F8l6P0fFI8OWlXPt+gcCj4ifC2A=,qxB7nHEH9DYLRgdwNTdi4rpQC88=
8,-20,F8l6P0fFI8OWlXPt+gcCj4ifC2A=,JaG0D1l1N+zKwwsvNYNUpYvP2DU=
11,-21,F8l6P0fFI8OWlXPt+gcCj4ifC2A=,oSl80vx+15hAFFxjqEZUKE7uAts=
8,-19,F8l6P0fFI8OWlXPt+gcCj4ifC2A=,JaG0D1l1N+zKwwsvNYNUpYvP2DU=
11,-23,F8l6P0fFI8OWlXPt+gcCj4ifC2A=,oSl80vx+15hAFFxjqEZUKE7uAts=
3,-28,F8l6P0fFI8OWlXPt+gcCj4ifC2A=,onb/GYcZRL462AXxy75rfSKhP20=
13,-22,F8l6P0fFI8OWlXPt+gcCj4ifC2A=,2a3pJ7lyGhItPLBxRU+UxUXLVZ0=
12,-22,F8l6P0fFI8OWlXPt+gcCj4ifC2A=,2a3pJ7lyGhItPLBxRU+UxUXLVZ0=
12,-21,F8l6P0fFI8OWlXPt+gcCj4ifC2A=,2a3pJ7lyGhItPLBxRU+UxUXLVZ0=
10,-20,F8l6P0fFI8OWlXPt+gcCj4ifC2A=,JaG0D1l1N+zKwwsvNYNUpYvP2DU=
11,-19,F8l6P0fFI8OWlXPt+gcCj4ifC2A=,JaG0D1l1N+zKwwsvNYNUpYvP2DU=
10,-22,F8l6P0fFI8OWlXPt+gcCj4ifC2A=,oSl80vx+15hAFFxjqEZUKE7uAts=
12,-20,F8l6P0fFI8OWlXPt+gcCj4ifC2A=,deVgSS5lf2CqROa4i+BtVhaorHQ=
10,-19,F8l6P0fFI8OWlXPt+gcCj4ifC2A=,JaG0D1l1N+zKwwsvNYNUpYvP2DU=
8,-28,F8l6P0fFI8OWlXPt+gcCj4ifC2A=,kSP5RNjmFLs/VZD7Y1aLkW30BaQ=
9,-29,F8l6P0fFI8OWlXPt+gcCj4ifC2A=,qxB7nHEH9DYLRgdwNTdi4rpQC88=
10,-21,F8l6P0fFI8OWlXPt+gcCj4ifC2A=,oSl80vx+15hAFFxjqEZUKE7uAts=
10,-23,F8l6P0fFI8OWlXPt+gcCj4ifC2A=,oSl80vx+15hAFFxjqEZUKE7uAts=
13,-21,F8l6P0fFI8OWlXPt+gcCj4ifC2A=,2a3pJ7lyGhItPLBxRU+UxUXLVZ0=
7,-29,F8l6P0fFI8OWlXPt+gcCj4ifC2A=,I90ggLX0AOERq6iZ5v2YeyjWtKo=
7,-28,F8l6P0fFI8OWlXPt+gcCj4ifC2A=,mfvMxywhwCzP+CjskslgrTPjBXs=
6,-28,F8l6P0fFI8OWlXPt+gcCj4ifC2A=,mfvMxywhwCzP+CjskslgrTPjBXs=
5,-28,F8l6P0fFI8OWlXPt+gcCj4ifC2A=,mfvMxywhwCzP+CjskslgrTPjBXs=
6,-29,F8l6P0fFI8OWlXPt+gcCj4ifC2A=,I90ggLX0AOERq6iZ5v2YeyjWtKo=
5,-29,F8l6P0fFI8OWlXPt+gcCj4ifC2A=,I90ggLX0AOERq6iZ5v2YeyjWtKo=
4,-28,F8l6P0fFI8OWlXPt+gcCj4ifC2A=,mfvMxywhwCzP+CjskslgrTPjBXs=
4,-29,F8l6P0fFI8OWlXPt+gcCj4ifC2A=,I90ggLX0AOERq6iZ5v2YeyjWtKo=
7,-30,F8l6P0fFI8OWlXPt+gcCj4ifC2A=,I90ggLX0AOERq6iZ5v2YeyjWtKo=
6,-30,F8l6P0fFI8OWlXPt+gcCj4ifC2A=,I90ggLX0AOERq6iZ5v2YeyjWtKo=
8,-30,F8l6P0fFI8OWlXPt+gcCj4ifC2A=,qxB7nHEH9DYLRgdwNTdi4rpQC88=
5,-30,F8l6P0fFI8OWlXPt+gcCj4ifC2A=,I90ggLX0AOERq6iZ5v2YeyjWtKo=
4,-30,F8l6P0fFI8OWlXPt+gcCj4ifC2A=,I90ggLX0AOERq6iZ5v2YeyjWtKo=
7,-31,F8l6P0fFI8OWlXPt+gcCj4ifC2A=,I90ggLX0AOERq6iZ5v2YeyjWtKo=
8,-31,F8l6P0fFI8OWlXPt+gcCj4ifC2A=,qxB7nHEH9DYLRgdwNTdi4rpQC88=
6,-31,F8l6P0fFI8OWlXPt+gcCj4ifC2A=,I90ggLX0AOERq6iZ5v2YeyjWtKo=
5,-31,F8l6P0fFI8OWlXPt+gcCj4ifC2A=,I90ggLX0AOERq6iZ5v2YeyjWtKo=
4,-31,F8l6P0fFI8OWlXPt+gcCj4ifC2A=,I90ggLX0AOERq6iZ5v2YeyjWtKo=
7,-27,F8l6P0fFI8OWlXPt+gcCj4ifC2A=,mfvMxywhwCzP+CjskslgrTPjBXs=
8,-29,F8l6P0fFI8OWlXPt+gcCj4ifC2A=,qxB7nHEH9DYLRgdwNTdi4rpQC88=
12,-19,F8l6P0fFI8OWlXPt+gcCj4ifC2A=,deVgSS5lf2CqROa4i+BtVhaorHQ=
11,-29,F8l6P0fFI8OWlXPt+gcCj4ifC2A=,qxB7nHEH9DYLRgdwNTdi4rpQC88=
13,-20,F8l6P0fFI8OWlXPt+gcCj4ifC2A=,deVgSS5lf2CqROa4i+BtVhaorHQ=
9,-28,F8l6P0fFI8OWlXPt+gcCj4ifC2A=,kSP5RNjmFLs/VZD7Y1aLkW30BaQ=
13,-19,F8l6P0fFI8OWlXPt+gcCj4ifC2A=,deVgSS5lf2CqROa4i+BtVhaorHQ=
10,-24,F8l6P0fFI8OWlXPt+gcCj4ifC2A=,oSl80vx+15hAFFxjqEZUKE7uAts=
9,-27,F8l6P0fFI8OWlXPt+gcCj4ifC2A=,kSP5RNjmFLs/VZD7Y1aLkW30BaQ=
10,-27,F8l6P0fFI8OWlXPt+gcCj4ifC2A=,kSP5RNjmFLs/VZD7Y1aLkW30BaQ=
11,-25,F8l6P0fFI8OWlXPt+gcCj4ifC2A=,kSP5RNjmFLs/VZD7Y1aLkW30BaQ=
10,-28,F8l6P0fFI8OWlXPt+gcCj4ifC2A=,kSP5RNjmFLs/VZD7Y1aLkW30BaQ=
13,-30,F8l6P0fFI8OWlXPt+gcCj4ifC2A=,l/TOvzZvJkXJCstWVn3pf895vXs=
10,-26,F8l6P0fFI8OWlXPt+gcCj4ifC2A=,kSP5RNjmFLs/VZD7Y1aLkW30BaQ=
11,-24,F8l6P0fFI8OWlXPt+gcCj4ifC2A=,oSl80vx+15hAFFxjqEZUKE7uAts=
11,-27,F8l6P0fFI8OWlXPt+gcCj4ifC2A=,kSP5RNjmFLs/VZD7Y1aLkW30BaQ=
11,-20,F8l6P0fFI8OWlXPt+gcCj4ifC2A=,JaG0D1l1N+zKwwsvNYNUpYvP2DU=
15,-30,F8l6P0fFI8OWlXPt+gcCj4ifC2A=,l/TOvzZvJkXJCstWVn3pf895vXs=
13,-26,F8l6P0fFI8OWlXPt+gcCj4ifC2A=,T1XLmGBxVUhOTYMyjmdugShanVo=
11,-26,F8l6P0fFI8OWlXPt+gcCj4ifC2A=,kSP5RNjmFLs/VZD7Y1aLkW30BaQ=
10,-25,F8l6P0fFI8OWlXPt+gcCj4ifC2A=,kSP5RNjmFLs/VZD7Y1aLkW30BaQ=
8,-27,F8l6P0fFI8OWlXPt+gcCj4ifC2A=,kSP5RNjmFLs/VZD7Y1aLkW30BaQ=
13,-29,F8l6P0fFI8OWlXPt+gcCj4ifC2A=,l/TOvzZvJkXJCstWVn3pf895vXs=
12,-30,F8l6P0fFI8OWlXPt+gcCj4ifC2A=,l/TOvzZvJkXJCstWVn3pf895vXs=
12,-26,F8l6P0fFI8OWlXPt+gcCj4ifC2A=,T1XLmGBxVUhOTYMyjmdugShanVo=
12,-23,F8l6P0fFI8OWlXPt+gcCj4ifC2A=,2a3pJ7lyGhItPLBxRU+UxUXLVZ0=
13,-24,F8l6P0fFI8OWlXPt+gcCj4ifC2A=,2a3pJ7lyGhItPLBxRU+UxUXLVZ0=
13,-23,F8l6P0fFI8OWlXPt+gcCj4ifC2A=,2a3pJ7lyGhItPLBxRU+UxUXLVZ0=
10,-29,F8l6P0fFI8OWlXPt+gcCj4ifC2A=,qxB7nHEH9DYLRgdwNTdi4rpQC88=
15,-28,F8l6P0fFI8OWlXPt+gcCj4ifC2A=,T1XLmGBxVUhOTYMyjmdugShanVo=
11,-28,F8l6P0fFI8OWlXPt+gcCj4ifC2A=,kSP5RNjmFLs/VZD7Y1aLkW30BaQ=
14,-30,F8l6P0fFI8OWlXPt+gcCj4ifC2A=,l/TOvzZvJkXJCstWVn3pf895vXs=
12,-25,F8l6P0fFI8OWlXPt+gcCj4ifC2A=,T1XLmGBxVUhOTYMyjmdugShanVo=
14,-27,F8l6P0fFI8OWlXPt+gcCj4ifC2A=,T1XLmGBxVUhOTYMyjmdugShanVo=
12,-27,F8l6P0fFI8OWlXPt+gcCj4ifC2A=,T1XLmGBxVUhOTYMyjmdugShanVo=
12,-24,F8l6P0fFI8OWlXPt+gcCj4ifC2A=,2a3pJ7lyGhItPLBxRU+UxUXLVZ0=
13,-27,F8l6P0fFI8OWlXPt+gcCj4ifC2A=,T1XLmGBxVUhOTYMyjmdugShanVo=
15,-24,F8l6P0fFI8OWlXPt+gcCj4ifC2A=,2a3pJ7lyGhItPLBxRU+UxUXLVZ0=
15,-22,F8l6P0fFI8OWlXPt+gcCj4ifC2A=,2a3pJ7lyGhItPLBxRU+UxUXLVZ0=
12,-29,F8l6P0fFI8OWlXPt+gcCj4ifC2A=,l/TOvzZvJkXJCstWVn3pf895vXs=
15,-27,F8l6P0fFI8OWlXPt+gcCj4ifC2A=,T1XLmGBxVUhOTYMyjmdugShanVo=
13,-25,F8l6P0fFI8OWlXPt+gcCj4ifC2A=,T1XLmGBxVUhOTYMyjmdugShanVo=
14,-29,F8l6P0fFI8OWlXPt+gcCj4ifC2A=,l/TOvzZvJkXJCstWVn3pf895vXs=
15,-29,F8l6P0fFI8OWlXPt+gcCj4ifC2A=,l/TOvzZvJkXJCstWVn3pf895vXs=
15,-25,F8l6P0fFI8OWlXPt+gcCj4ifC2A=,T1XLmGBxVUhOTYMyjmdugShanVo=
12,-28,F8l6P0fFI8OWlXPt+gcCj4ifC2A=,T1XLmGBxVUhOTYMyjmdugShanVo=
15,-21,F8l6P0fFI8OWlXPt+gcCj4ifC2A=,2a3pJ7lyGhItPLBxRU+UxUXLVZ0=
15,-23,F8l6P0fFI8OWlXPt+gcCj4ifC2A=,2a3pJ7lyGhItPLBxRU+UxUXLVZ0=
14,-28,F8l6P0fFI8OWlXPt+gcCj4ifC2A=,T1XLmGBxVUhOTYMyjmdugShanVo=
14,-21,F8l6P0fFI8OWlXPt+gcCj4ifC2A=,2a3pJ7lyGhItPLBxRU+UxUXLVZ0=
13,-28,F8l6P0fFI8OWlXPt+gcCj4ifC2A=,T1XLmGBxVUhOTYMyjmdugShanVo=
1,-25,F8l6P0fFI8OWlXPt+gcCj4ifC2A=,onb/GYcZRL462AXxy75rfSKhP20=
2,-25,F8l6P0fFI8OWlXPt+gcCj4ifC2A=,onb/GYcZRL462AXxy75rfSKhP20=
3,-25,F8l6P0fFI8OWlXPt+gcCj4ifC2A=,onb/GYcZRL462AXxy75rfSKhP20=
4,-24,F8l6P0fFI8OWlXPt+gcCj4ifC2A=,pFPEzsnkbpswX8Zzxec5Zrs2Nzc=
1,-20,F8l6P0fFI8OWlXPt+gcCj4ifC2A=,ymWxyDg5bM1xKFRv61keA/iHq/M=
2,-20,F8l6P0fFI8OWlXPt+gcCj4ifC2A=,ymWxyDg5bM1xKFRv61keA/iHq/M=
3,-20,F8l6P0fFI8OWlXPt+gcCj4ifC2A=,ymWxyDg5bM1xKFRv61keA/iHq/M=
4,-25,F8l6P0fFI8OWlXPt+gcCj4ifC2A=,mfvMxywhwCzP+CjskslgrTPjBXs=
1,-24,F8l6P0fFI8OWlXPt+gcCj4ifC2A=,rC2X6XWEWh6nkv/LHM3ua5hurO0=
2,-24,B/YPJUe4umCvi+WqWgxGTTd4534=,rC2X6XWEWh6nkv/LHM3ua5hurO0=
14,-23,B/YPJUe4umCvi+WqWgxGTTd4534=,2a3pJ7lyGhItPLBxRU+UxUXLVZ0=
15,-26,B/YPJUe4umCvi+WqWgxGTTd4534=,T1XLmGBxVUhOTYMyjmdugShanVo=
0,-23,B/YPJUe4umCvi+WqWgxGTTd4534=,rC2X6XWEWh6nkv/LHM3ua5hurO0=
0,-22,B/YPJUe4umCvi+WqWgxGTTd4534=,rC2X6XWEWh6nkv/LHM3ua5hurO0=
2,-18,B/YPJUe4umCvi+WqWgxGTTd4534=,ymWxyDg5bM1xKFRv61keA/iHq/M=
14,-22,B/YPJUe4umCvi+WqWgxGTTd4534=,2a3pJ7lyGhItPLBxRU+UxUXLVZ0=
0,-20,B/YPJUe4umCvi+WqWgxGTTd4534=,ymWxyDg5bM1xKFRv61keA/iHq/M=
0,-19,B/YPJUe4umCvi+WqWgxGTTd4534=,ymWxyDg5bM1xKFRv61keA/iHq/M=
0,-21,B/YPJUe4umCvi+WqWgxGTTd4534=,rC2X6XWEWh6nkv/LHM3ua5hurO0=
14,-25,B/YPJUe4umCvi+WqWgxGTTd4534=,T1XLmGBxVUhOTYMyjmdugShanVo=
3,-18,B/YPJUe4umCvi+WqWgxGTTd4534=,ymWxyDg5bM1xKFRv61keA/iHq/M=
3,-17,B/YPJUe4umCvi+WqWgxGTTd4534=,ymWxyDg5bM1xKFRv61keA/iHq/M=
14,-20,B/YPJUe4umCvi+WqWgxGTTd4534=,deVgSS5lf2CqROa4i+BtVhaorHQ=
3,-24,B/YPJUe4umCvi+WqWgxGTTd4534=,rC2X6XWEWh6nkv/LHM3ua5hurO0=
1,-23,B/YPJUe4umCvi+WqWgxGTTd4534=,rC2X6XWEWh6nkv/LHM3ua5hurO0=
4,-23,B/YPJUe4umCvi+WqWgxGTTd4534=,pFPEzsnkbpswX8Zzxec5Zrs2Nzc=
2,-23,B/YPJUe4umCvi+WqWgxGTTd4534=,rC2X6XWEWh6nkv/LHM3ua5hurO0=
3,-23,B/YPJUe4umCvi+WqWgxGTTd4534=,rC2X6XWEWh6nkv/LHM3ua5hurO0=
15,-20,B/YPJUe4umCvi+WqWgxGTTd4534=,deVgSS5lf2CqROa4i+BtVhaorHQ=
5,-18,B/YPJUe4umCvi+WqWgxGTTd4534=,HT5FTbv1ilM8SdV5D1IgSkh1uDg=
14,-19,B/YPJUe4umCvi+WqWgxGTTd4534=,deVgSS5lf2CqROa4i+BtVhaorHQ=
14,-26,B/YPJUe4umCvi+WqWgxGTTd4534=,T1XLmGBxVUhOTYMyjmdugShanVo=
14,-24,B/YPJUe4umCvi+WqWgxGTTd4534=,2a3pJ7lyGhItPLBxRU+UxUXLVZ0=
9,-32,B/YPJUe4umCvi+WqWgxGTTd4534=,qxB7nHEH9DYLRgdwNTdi4rpQC88=
10,-32,B/YPJUe4umCvi+WqWgxGTTd4534=,qxB7nHEH9DYLRgdwNTdi4rpQC88=
12,-32,B/YPJUe4umCvi+WqWgxGTTd4534=,l/TOvzZvJkXJCstWVn3pf895vXs=
13,-32,B/YPJUe4umCvi+WqWgxGTTd4534=,l/TOvzZvJkXJCstWVn3pf895vXs=
13,-31,B/YPJUe4umCvi+WqWgxGTTd4534=,l/TOvzZvJkXJCstWVn3pf895vXs=
14,-32,B/YPJUe4umCvi+WqWgxGTTd4534=,l/TOvzZvJkXJCstWVn3pf895vXs=
11,-32,B/YPJUe4umCvi+WqWgxGTTd4534=,qxB7nHEH9DYLRgdwNTdi4rpQC88=
0,-18,B/YPJUe4umCvi+WqWgxGTTd4534=,ymWxyDg5bM1xKFRv61keA/iHq/M=
5,-17,B/YPJUe4umCvi+WqWgxGTTd4534=,HT5FTbv1ilM8SdV5D1IgSkh1uDg=
0,-25,B/YPJUe4umCvi+WqWgxGTTd4534=,onb/GYcZRL462AXxy75rfSKhP20=
0,-24,B/YPJUe4umCvi+WqWgxGTTd4534=,rC2X6XWEWh6nkv/LHM3ua5hurO0=
4,-32,B/YPJUe4umCvi+WqWgxGTTd4534=,I90ggLX0AOERq6iZ5v2YeyjWtKo=
8,-32,B/YPJUe4umCvi+WqWgxGTTd4534=,qxB7nHEH9DYLRgdwNTdi4rpQC88=
5,-32,B/YPJUe4umCvi+WqWgxGTTd4534=,I90ggLX0AOERq6iZ5v2YeyjWtKo=
15,-19,B/YPJUe4umCvi+WqWgxGTTd4534=,deVgSS5lf2CqROa4i+BtVhaorHQ=
6,-32,B/YPJUe4umCvi+WqWgxGTTd4534=,I90ggLX0AOERq6iZ5v2YeyjWtKo=
7,-32,B/YPJUe4umCvi+WqWgxGTTd4534=,I90ggLX0AOERq6iZ5v2YeyjWtKo=
4,-20,B/YPJUe4umCvi+WqWgxGTTd4534=,HT5FTbv1ilM8SdV5D1IgSkh1uDg=
3,-21,B/YPJUe4umCvi+WqWgxGTTd4534=,rC2X6XWEWh6nkv/LHM3ua5hurO0=
7,-17,B/YPJUe4umCvi+WqWgxGTTd4534=,HT5FTbv1ilM8SdV5D1IgSkh1uDg=
15,-32,B/YPJUe4umCvi+WqWgxGTTd4534=,l/TOvzZvJkXJCstWVn3pf895vXs=
2,-17,B/YPJUe4umCvi+WqWgxGTTd4534=,ymWxyDg5bM1xKFRv61keA/iHq/M=
4,-18,B/YPJUe4umCvi+WqWgxGTTd4534=,HT5FTbv1ilM8SdV5D1IgSkh1uDg=
4,-17,B/YPJUe4umCvi+WqWgxGTTd4534=,HT5FTbv1ilM8SdV5D1IgSkh1uDg=
4,-21,B/YPJUe4umCvi+WqWgxGTTd4534=,pFPEzsnkbpswX8Zzxec5Zrs2Nzc=
0,-17,B/YPJUe4umCvi+WqWgxGTTd4534=,ymWxyDg5bM1xKFRv61keA/iHq/M=
7,-18,B/YPJUe4umCvi+WqWgxGTTd4534=,HT5FTbv1ilM8SdV5D1IgSkh1uDg=
15,-31,B/YPJUe4umCvi+WqWgxGTTd4534=,l/TOvzZvJkXJCstWVn3pf895vXs=
15,-17,B/YPJUe4umCvi+WqWgxGTTd4534=,deVgSS5lf2CqROa4i+BtVhaorHQ=
1,-17,B/YPJUe4umCvi+WqWgxGTTd4534=,ymWxyDg5bM1xKFRv61keA/iHq/M=
14,-31,B/YPJUe4umCvi+WqWgxGTTd4534=,l/TOvzZvJkXJCstWVn3pf895vXs=
9,-17,B/YPJUe4umCvi+WqWgxGTTd4534=,JaG0D1l1N+zKwwsvNYNUpYvP2DU=
10,-18,B/YPJUe4umCvi+WqWgxGTTd4534=,JaG0D1l1N+zKwwsvNYNUpYvP2DU=
13,-18,B/YPJUe4umCvi+WqWgxGTTd4534=,deVgSS5lf2CqROa4i+BtVhaorHQ=
2,-21,B/YPJUe4umCvi+WqWgxGTTd4534=,rC2X6XWEWh6nkv/LHM3ua5hurO0=
14,-18,B/YPJUe4umCvi+WqWgxGTTd4534=,deVgSS5lf2CqROa4i+BtVhaorHQ=
1,-21,B/YPJUe4umCvi+WqWgxGTTd4534=,rC2X6XWEWh6nkv/LHM3ua5hurO0=
3,-22,B/YPJUe4umCvi+WqWgxGTTd4534=,rC2X6XWEWh6nkv/LHM3ua5hurO0=
2,-22,B/YPJUe4umCvi+WqWgxGTTd4534=,rC2X6XWEWh6nkv/LHM3ua5hurO0=
4,-19,B/YPJUe4umCvi+WqWgxGTTd4534=,HT5FTbv1ilM8SdV5D1IgSkh1uDg=
6,-18,B/YPJUe4umCvi+WqWgxGTTd4534=,HT5FTbv1ilM8SdV5D1IgSkh1uDg=
1,-22,B/YPJUe4umCvi+WqWgxGTTd4534=,rC2X6XWEWh6nkv/LHM3ua5hurO0=
6,-17,B/YPJUe4umCvi+WqWgxGTTd4534=,HT5FTbv1ilM8SdV5D1IgSkh1uDg=
5,-23,B/YPJUe4umCvi+WqWgxGTTd4534=,pFPEzsnkbpswX8Zzxec5Zrs2Nzc=
8,-17,B/YPJUe4umCvi+WqWgxGTTd4534=,JaG0D1l1N+zKwwsvNYNUpYvP2DU=
15,-18,B/YPJUe4umCvi+WqWgxGTTd4534=,deVgSS5lf2CqROa4i+BtVhaorHQ=
4,-22,B/YPJUe4umCvi+WqWgxGTTd4534=,pFPEzsnkbpswX8Zzxec5Zrs2Nzc=
8,-18,B/YPJUe4umCvi+WqWgxGTTd4534=,JaG0D1l1N+zKwwsvNYNUpYvP2DU=
12,-18,B/YPJUe4umCvi+WqWgxGTTd4534=,deVgSS5lf2CqROa4i+BtVhaorHQ=
5,-22,B/YPJUe4umCvi+WqWgxGTTd4534=,pFPEzsnkbpswX8Zzxec5Zrs2Nzc=
5,-21,B/YPJUe4umCvi+WqWgxGTTd4534=,pFPEzsnkbpswX8Zzxec5Zrs2Nzc=
9,-18,B/YPJUe4umCvi+WqWgxGTTd4534=,JaG0D1l1N+zKwwsvNYNUpYvP2DU=
12,-17,B/YPJUe4umCvi+WqWgxGTTd4534=,deVgSS5lf2CqROa4i+BtVhaorHQ=
5,-19,B/YPJUe4umCvi+WqWgxGTTd4534=,HT5FTbv1ilM8SdV5D1IgSkh1uDg=
11,-18,B/YPJUe4umCvi+WqWgxGTTd4534=,JaG0D1l1N+zKwwsvNYNUpYvP2DU=
5,-20,B/YPJUe4umCvi+WqWgxGTTd4534=,HT5FTbv1ilM8SdV5D1IgSkh1uDg=
10,-17,B/YPJUe4umCvi+WqWgxGTTd4534=,JaG0D1l1N+zKwwsvNYNUpYvP2DU=
11,-17,B/YPJUe4umCvi+WqWgxGTTd4534=,JaG0D1l1N+zKwwsvNYNUpYvP2DU=
14,-17,B/YPJUe4umCvi+WqWgxGTTd4534=,deVgSS5lf2CqROa4i+BtVhaorHQ=
13,-17,B/YPJUe4umCvi+WqWgxGTTd4534=,deVgSS5lf2CqROa4i+BtVhaorHQ=
3,-6,OwTlPiZ9+wpXatDAlhzAA4GRpVU=,4PwVo2Vq1B/xxha5uKGKk3FUiDs=
3,-5,OwTlPiZ9+wpXatDAlhzAA4GRpVU=,4PwVo2Vq1B/xxha5uKGKk3FUiDs=
5,-6,OwTlPiZ9+wpXatDAlhzAA4GRpVU=,at+1KiS3uL4xIecECObnPB5kKUY=
2,-5,OwTlPiZ9+wpXatDAlhzAA4GRpVU=,4PwVo2Vq1B/xxha5uKGKk3FUiDs=
4,-6,OwTlPiZ9+wpXatDAlhzAA4GRpVU=,at+1KiS3uL4xIecECObnPB5kKUY=
2,-6,OwTlPiZ9+wpXatDAlhzAA4GRpVU=,4PwVo2Vq1B/xxha5uKGKk3FUiDs=
4,-4,OwTlPiZ9+wpXatDAlhzAA4GRpVU=,qONjBpuHGLWDgwr/wxdLnatVm4I=
5,-4,OwTlPiZ9+wpXatDAlhzAA4GRpVU=,qONjBpuHGLWDgwr/wxdLnatVm4I=
2,-8,OjJ7fOu7VPaFb9hMQazsfFJuNeU=,4PwVo2Vq1B/xxha5uKGKk3FUiDs=
3,-3,OwTlPiZ9+wpXatDAlhzAA4GRpVU=,IrJr8R2K/sMrOfzF56TRNFVbOls=
2,-9,T+nwbJSVkYRj0GSrcPOZaTbiAy8=,oVnR2MAuyjij3H4Ac8vh5obfBLw=
3,-4,OwTlPiZ9+wpXatDAlhzAA4GRpVU=,IrJr8R2K/sMrOfzF56TRNFVbOls=
5,-5,OwTlPiZ9+wpXatDAlhzAA4GRpVU=,at+1KiS3uL4xIecECObnPB5kKUY=
2,-10,T+nwbJSVkYRj0GSrcPOZaTbiAy8=,oVnR2MAuyjij3H4Ac8vh5obfBLw=
5,-3,OwTlPiZ9+wpXatDAlhzAA4GRpVU=,qONjBpuHGLWDgwr/wxdLnatVm4I=
3,-7,OjJ7fOu7VPaFb9hMQazsfFJuNeU=,4PwVo2Vq1B/xxha5uKGKk3FUiDs=
4,-3,OwTlPiZ9+wpXatDAlhzAA4GRpVU=,qONjBpuHGLWDgwr/wxdLnatVm4I=
3,-8,OjJ7fOu7VPaFb9hMQazsfFJuNeU=,4PwVo2Vq1B/xxha5uKGKk3FUiDs=
2,-7,OjJ7fOu7VPaFb9hMQazsfFJuNeU=,4PwVo2Vq1B/xxha5uKGKk3FUiDs=
2,-4,OwTlPiZ9+wpXatDAlhzAA4GRpVU=,IrJr8R2K/sMrOfzF56TRNFVbOls=
3,-10,T+nwbJSVkYRj0GSrcPOZaTbiAy8=,oVnR2MAuyjij3H4Ac8vh5obfBLw=
2,-3,OwTlPiZ9+wpXatDAlhzAA4GRpVU=,IrJr8R2K/sMrOfzF56TRNFVbOls=
3,-9,T+nwbJSVkYRj0GSrcPOZaTbiAy8=,oVnR2MAuyjij3H4Ac8vh5obfBLw=
4,-5,OwTlPiZ9+wpXatDAlhzAA4GRpVU=,at+1KiS3uL4xIecECObnPB5kKUY=
5,-8,OjJ7fOu7VPaFb9hMQazsfFJuNeU=,at+1KiS3uL4xIecECObnPB5kKUY=
4,-11,T+nwbJSVkYRj0GSrcPOZaTbiAy8=,p5ETz4gDsdLnbKuH6ZsQMKHcmNI=
2,-13,T+nwbJSVkYRj0GSrcPOZaTbiAy8=,l+WS/cQq8X7RERQWWBmW2NQqPUo=
5,-12,T+nwbJSVkYRj0GSrcPOZaTbiAy8=,p5ETz4gDsdLnbKuH6ZsQMKHcmNI=
5,-14,T+nwbJSVkYRj0GSrcPOZaTbiAy8=,+coZlENWm7yJH4DJCilGyP0GBac=
5,-11,T+nwbJSVkYRj0GSrcPOZaTbiAy8=,p5ETz4gDsdLnbKuH6ZsQMKHcmNI=
4,-7,OjJ7fOu7VPaFb9hMQazsfFJuNeU=,at+1KiS3uL4xIecECObnPB5kKUY=
5,-7,OjJ7fOu7VPaFb9hMQazsfFJuNeU=,at+1KiS3uL4xIecECObnPB5kKUY=
4,-8,OjJ7fOu7VPaFb9hMQazsfFJuNeU=,at+1KiS3uL4xIecECObnPB5kKUY=
4,-13,T+nwbJSVkYRj0GSrcPOZaTbiAy8=,+coZlENWm7yJH4DJCilGyP0GBac=
3,-14,T+nwbJSVkYRj0GSrcPOZaTbiAy8=,l+WS/cQq8X7RERQWWBmW2NQqPUo=
5,-13,T+nwbJSVkYRj0GSrcPOZaTbiAy8=,+coZlENWm7yJH4DJCilGyP0GBac=
5,-9,T+nwbJSVkYRj0GSrcPOZaTbiAy8=,p5ETz4gDsdLnbKuH6ZsQMKHcmNI=
3,-13,T+nwbJSVkYRj0GSrcPOZaTbiAy8=,l+WS/cQq8X7RERQWWBmW2NQqPUo=
2,-11,T+nwbJSVkYRj0GSrcPOZaTbiAy8=,oVnR2MAuyjij3H4Ac8vh5obfBLw=
2,-12,T+nwbJSVkYRj0GSrcPOZaTbiAy8=,oVnR2MAuyjij3H4Ac8vh5obfBLw=
3,-12,T+nwbJSVkYRj0GSrcPOZaTbiAy8=,oVnR2MAuyjij3H4Ac8vh5obfBLw=
4,-9,T+nwbJSVkYRj0GSrcPOZaTbiAy8=,p5ETz4gDsdLnbKuH6ZsQMKHcmNI=
5,-10,T+nwbJSVkYRj0GSrcPOZaTbiAy8=,p5ETz4gDsdLnbKuH6ZsQMKHcmNI=
4,-10,T+nwbJSVkYRj0GSrcPOZaTbiAy8=,p5ETz4gDsdLnbKuH6ZsQMKHcmNI=
4,-12,T+nwbJSVkYRj0GSrcPOZaTbiAy8=,p5ETz4gDsdLnbKuH6ZsQMKHcmNI=
2,-14,T+nwbJSVkYRj0GSrcPOZaTbiAy8=,l+WS/cQq8X7RERQWWBmW2NQqPUo=
4,-14,T+nwbJSVkYRj0GSrcPOZaTbiAy8=,+coZlENWm7yJH4DJCilGyP0GBac=
3,-11,T+nwbJSVkYRj0GSrcPOZaTbiAy8=,oVnR2MAuyjij3H4Ac8vh5obfBLw=
9,-9,T+nwbJSVkYRj0GSrcPOZaTbiAy8=,rdk/4lMVq40P/ksvUiI+TEM37j0=
8,-9,aNYvtprIzvPrmctG9ClL9M0kN2k=,rdk/4lMVq40P/ksvUiI+TEM37j0=
7,-9,aNYvtprIzvPrmctG9ClL9M0kN2k=,p5ETz4gDsdLnbKuH6ZsQMKHcmNI=
6,-9,aNYvtprIzvPrmctG9ClL9M0kN2k=,p5ETz4gDsdLnbKuH6ZsQMKHcmNI=
7,-10,aNYvtprIzvPrmctG9ClL9M0kN2k=,p5ETz4gDsdLnbKuH6ZsQMKHcmNI=
8,-4,aNYvtprIzvPrmctG9ClL9M0kN2k=,SXnvA51TI4CC6ODvZXpEuNkEStE=
7,-5,OwTlPiZ9+wpXatDAlhzAA4GRpVU=,at+1KiS3uL4xIecECObnPB5kKUY=
6,-7,OjJ7fOu7VPaFb9hMQazsfFJuNeU=,at+1KiS3uL4xIecECObnPB5kKUY=
13,-4,OwTlPiZ9+wpXatDAlhzAA4GRpVU=,FPpcVshyPRXyZL068y09A5LjbZs=
12,-3,OwTlPiZ9+wpXatDAlhzAA4GRpVU=,FPpcVshyPRXyZL068y09A5LjbZs=
6,-6,OwTlPiZ9+wpXatDAlhzAA4GRpVU=,at+1KiS3uL4xIecECObnPB5kKUY=
12,-4,OwTlPiZ9+wpXatDAlhzAA4GRpVU=,FPpcVshyPRXyZL068y09A5LjbZs=
6,-3,OwTlPiZ9+wpXatDAlhzAA4GRpVU=,qONjBpuHGLWDgwr/wxdLnatVm4I=
13,-3,OwTlPiZ9+wpXatDAlhzAA4GRpVU=,FPpcVshyPRXyZL068y09A5LjbZs=
6,-10,aNYvtprIzvPrmctG9ClL9M0kN2k=,p5ETz4gDsdLnbKuH6ZsQMKHcmNI=
13,-5,OjJ7fOu7VPaFb9hMQazsfFJuNeU=,z4ooHkttlAtV1/kS85TL+3nu1OE=
10,-6,aNYvtprIzvPrmctG9ClL9M0kN2k=,dHYsDDj+gIxiuzeCac31Df/YkFk=
12,-6,OjJ7fOu7VPaFb9hMQazsfFJuNeU=,z4ooHkttlAtV1/kS85TL+3nu1OE=
8,-8,aNYvtprIzvPrmctG9ClL9M0kN2k=,dHYsDDj+gIxiuzeCac31Df/YkFk=
12,-5,OwTlPiZ9+wpXatDAlhzAA4GRpVU=,z4ooHkttlAtV1/kS85TL+3nu1OE=
8,-10,aNYvtprIzvPrmctG9ClL9M0kN2k=,rdk/4lMVq40P/ksvUiI+TEM37j0=
13,-6,OjJ7fOu7VPaFb9hMQazsfFJuNeU=,z4ooHkttlAtV1/kS85TL+3nu1OE=
13,-7,OjJ7fOu7VPaFb9hMQazsfFJuNeU=,z4ooHkttlAtV1/kS85TL+3nu1OE=
9,-10,aNYvtprIzvPrmctG9ClL9M0kN2k=,rdk/4lMVq40P/ksvUiI+TEM37j0=
6,-4,OwTlPiZ9+wpXatDAlhzAA4GRpVU=,qONjBpuHGLWDgwr/wxdLnatVm4I=
9,-12,aNYvtprIzvPrmctG9ClL9M0kN2k=,rdk/4lMVq40P/ksvUiI+TEM37j0=
6,-8,OjJ7fOu7VPaFb9hMQazsfFJuNeU=,at+1KiS3uL4xIecECObnPB5kKUY=
7,-3,OwTlPiZ9+wpXatDAlhzAA4GRpVU=,qONjBpuHGLWDgwr/wxdLnatVm4I=
6,-5,OwTlPiZ9+wpXatDAlhzAA4GRpVU=,at+1KiS3uL4xIecECObnPB5kKUY=
11,-11,aNYvtprIzvPrmctG9ClL9M0kN2k=,rdk/4lMVq40P/ksvUiI+TEM37j0=
10,-11,aNYvtprIzvPrmctG9ClL9M0kN2k=,rdk/4lMVq40P/ksvUiI+TEM37j0=
8,-12,aNYvtprIzvPrmctG9ClL9M0kN2k=,rdk/4lMVq40P/ksvUiI+TEM37j0=
12,-11,aNYvtprIzvPrmctG9ClL9M0kN2k=,BC6RuPYa72tgOZz3BKSBjMkuIEM=
12,-10,aNYvtprIzvPrmctG9ClL9M0kN2k=,BC6RuPYa72tgOZz3BKSBjMkuIEM=
10,-10,aNYvtprIzvPrmctG9ClL9M0kN2k=,rdk/4lMVq40P/ksvUiI+TEM37j0=
7,-11,aNYvtprIzvPrmctG9ClL9M0kN2k=,p5ETz4gDsdLnbKuH6ZsQMKHcmNI=
9,-8,aNYvtprIzvPrmctG9ClL9M0kN2k=,dHYsDDj+gIxiuzeCac31Df/YkFk=
12,-7,OjJ7fOu7VPaFb9hMQazsfFJuNeU=,z4ooHkttlAtV1/kS85TL+3nu1OE=
12,-8,OjJ7fOu7VPaFb9hMQazsfFJuNeU=,z4ooHkttlAtV1/kS85TL+3nu1OE=
10,-9,aNYvtprIzvPrmctG9ClL9M0kN2k=,rdk/4lMVq40P/ksvUiI+TEM37j0=
13,-12,aNYvtprIzvPrmctG9ClL9M0kN2k=,BC6RuPYa72tgOZz3BKSBjMkuIEM=
11,-9,aNYvtprIzvPrmctG9ClL9M0kN2k=,rdk/4lMVq40P/ksvUiI+TEM37j0=
7,-16,aNYvtprIzvPrmctG9ClL9M0kN2k=,+coZlENWm7yJH4DJCilGyP0GBac=
4,-16,aNYvtprIzvPrmctG9ClL9M0kN2k=,+coZlENWm7yJH4DJCilGyP0GBac=
9,-11,aNYvtprIzvPrmctG9ClL9M0kN2k=,rdk/4lMVq40P/ksvUiI+TEM37j0=
11,-8,aNYvtprIzvPrmctG9ClL9M0kN2k=,dHYsDDj+gIxiuzeCac31Df/YkFk=
6,-15,aNYvtprIzvPrmctG9ClL9M0kN2k=,+coZlENWm7yJH4DJCilGyP0GBac=
6,-16,aNYvtprIzvPrmctG9ClL9M0kN2k=,+coZlENWm7yJH4DJCilGyP0GBac=
11,-12,aNYvtprIzvPrmctG9ClL9M0kN2k=,rdk/4lMVq40P/ksvUiI+TEM37j0=
5,-16,aNYvtprIzvPrmctG9ClL9M0kN2k=,+coZlENWm7yJH4DJCilGyP0GBac=
13,-8,OjJ7fOu7VPaFb9hMQazsfFJuNeU=,z4ooHkttlAtV1/kS85TL+3nu1OE=
8,-11,aNYvtprIzvPrmctG9ClL9M0kN2k=,rdk/4lMVq40P/ksvUiI+TEM37j0=
7,-13,aNYvtprIzvPrmctG9ClL9M0kN2k=,+coZlENWm7yJH4DJCilGyP0GBac=
0,-14,aNYvtprIzvPrmctG9ClL9M0kN2k=,l+WS/cQq8X7RERQWWBmW2NQqPUo=
7,-15,aNYvtprIzvPrmctG9ClL9M0kN2k=,+coZlENWm7yJH4DJCilGyP0GBac=
7,-14,aNYvtprIzvPrmctG9ClL9M0kN2k=,+coZlENWm7yJH4DJCilGyP0GBac=
4,-15,aNYvtprIzvPrmctG9ClL9M0kN2k=,+coZlENWm7yJH4DJCilGyP0GBac=
12,-12,aNYvtprIzvPrmctG9ClL9M0kN2k=,BC6RuPYa72tgOZz3BKSBjMkuIEM=
7,-12,aNYvtprIzvPrmctG9ClL9M0kN2k=,p5ETz4gDsdLnbKuH6ZsQMKHcmNI=
6,-11,aNYvtprIzvPrmctG9ClL9M0kN2k=,p5ETz4gDsdLnbKuH6ZsQMKHcmNI=
9,-7,aNYvtprIzvPrmctG9ClL9M0kN2k=,dHYsDDj+gIxiuzeCac31Df/YkFk=
8,-13,aNYvtprIzvPrmctG9ClL9M0kN2k=,UgigvP3ft7i5jXYnil5VgBowjXk=
7,-4,OwTlPiZ9+wpXatDAlhzAA4GRpVU=,qONjBpuHGLWDgwr/wxdLnatVm4I=
0,-12,aNYvtprIzvPrmctG9ClL9M0kN2k=,oVnR2MAuyjij3H4Ac8vh5obfBLw=
5,-15,aNYvtprIzvPrmctG9ClL9M0kN2k=,+coZlENWm7yJH4DJCilGyP0GBac=
6,-13,aNYvtprIzvPrmctG9ClL9M0kN2k=,+coZlENWm7yJH4DJCilGyP0GBac=
9,-3,aNYvtprIzvPrmctG9ClL9M0kN2k=,SXnvA51TI4CC6ODvZXpEuNkEStE=
0,-7,OjJ7fOu7VPaFb9hMQazsfFJuNeU=,4PwVo2Vq1B/xxha5uKGKk3FUiDs=
9,-4,aNYvtprIzvPrmctG9ClL9M0kN2k=,SXnvA51TI4CC6ODvZXpEuNkEStE=
0,-8,OjJ7fOu7VPaFb9hMQazsfFJuNeU=,4PwVo2Vq1B/xxha5uKGKk3FUiDs=
10,-12,yM4kKNaUgK6cumVeWLYWSqnf7O4=,rdk/4lMVq40P/ksvUiI+TEM37j0=
0,-9,yM4kKNaUgK6cumVeWLYWSqnf7O4=,oVnR2MAuyjij3H4Ac8vh5obfBLw=
8,-3,yM4kKNaUgK6cumVeWLYWSqnf7O4=,SXnvA51TI4CC6ODvZXpEuNkEStE=
0,-11,yM4kKNaUgK6cumVeWLYWSqnf7O4=,oVnR2MAuyjij3H4Ac8vh5obfBLw=
6,-12,yM4kKNaUgK6cumVeWLYWSqnf7O4=,p5ETz4gDsdLnbKuH6ZsQMKHcmNI=
13,-10,yM4kKNaUgK6cumVeWLYWSqnf7O4=,BC6RuPYa72tgOZz3BKSBjMkuIEM=
1,-16,yM4kKNaUgK6cumVeWLYWSqnf7O4=,l+WS/cQq8X7RERQWWBmW2NQqPUo=
6,-14,yM4kKNaUgK6cumVeWLYWSqnf7O4=,+coZlENWm7yJH4DJCilGyP0GBac=
1,-8,OjJ7fOu7VPaFb9hMQazsfFJuNeU=,4PwVo2Vq1B/xxha5uKGKk3FUiDs=
8,-16,yM4kKNaUgK6cumVeWLYWSqnf7O4=,UgigvP3ft7i5jXYnil5VgBowjXk=
11,-3,yM4kKNaUgK6cumVeWLYWSqnf7O4=,SXnvA51TI4CC6ODvZXpEuNkEStE=
0,-10,yM4kKNaUgK6cumVeWLYWSqnf7O4=,oVnR2MAuyjij3H4Ac8vh5obfBLw=
1,-7,OjJ7fOu7VPaFb9hMQazsfFJuNeU=,4PwVo2Vq1B/xxha5uKGKk3FUiDs=
8,-14,yM4kKNaUgK6cumVeWLYWSqnf7O4=,UgigvP3ft7i5jXYnil5VgBowjXk=
1,-13,yM4kKNaUgK6cumVeWLYWSqnf7O4=,l+WS/cQq8X7RERQWWBmW2NQqPUo=
11,-4,yM4kKNaUgK6cumVeWLYWSqnf7O4=,SXnvA51TI4CC6ODvZXpEuNkEStE=
2,-16,yM4kKNaUgK6cumVeWLYWSqnf7O4=,l+WS/cQq8X7RERQWWBmW2NQqPUo=
0,-6,OjJ7fOu7VPaFb9hMQazsfFJuNeU=,4PwVo2Vq1B/xxha5uKGKk3FUiDs=
10,-3,yM4kKNaUgK6cumVeWLYWSqnf7O4=,SXnvA51TI4CC6ODvZXpEuNkEStE=
1,-10,yM4kKNaUgK6cumVeWLYWSqnf7O4=,oVnR2MAuyjij3H4Ac8vh5obfBLw=
0,-1,OjJ7fOu7VPaFb9hMQazsfFJuNeU=,IrJr8R2K/sMrOfzF56TRNFVbOls=
0,-5,OjJ7fOu7VPaFb9hMQazsfFJuNeU=,4PwVo2Vq1B/xxha5uKGKk3FUiDs=
1,-14,yM4kKNaUgK6cumVeWLYWSqnf7O4=,l+WS/cQq8X7RERQWWBmW2NQqPUo=
11,-16,yM4kKNaUgK6cumVeWLYWSqnf7O4=,UgigvP3ft7i5jXYnil5VgBowjXk=
1,-9,yM4kKNaUgK6cumVeWLYWSqnf7O4=,oVnR2MAuyjij3H4Ac8vh5obfBLw=
1,-5,OjJ7fOu7VPaFb9hMQazsfFJuNeU=,4PwVo2Vq1B/xxha5uKGKk3FUiDs=
0,-16,yM4kKNaUgK6cumVeWLYWSqnf7O4=,l+WS/cQq8X7RERQWWBmW2NQqPUo=
0,-2,OjJ7fOu7VPaFb9hMQazsfFJuNeU=,IrJr8R2K/sMrOfzF56TRNFVbOls=
13,-11,yM4kKNaUgK6cumVeWLYWSqnf7O4=,BC6RuPYa72tgOZz3BKSBjMkuIEM=
0,-3,OjJ7fOu7VPaFb9hMQazsfFJuNeU=,IrJr8R2K/sMrOfzF56TRNFVbOls=
10,-13,yM4kKNaUgK6cumVeWLYWSqnf7O4=,UgigvP3ft7i5jXYnil5VgBowjXk=
1,-6,OjJ7fOu7VPaFb9hMQazsfFJuNeU=,4PwVo2Vq1B/xxha5uKGKk3FUiDs=
9,-14,yM4kKNaUgK6cumVeWLYWSqnf7O4=,UgigvP3ft7i5jXYnil5VgBowjXk=
3,-16,yM4kKNaUgK6cumVeWLYWSqnf7O4=,l+WS/cQq8X7RERQWWBmW2NQqPUo=
1,-12,yM4kKNaUgK6cumVeWLYWSqnf7O4=,oVnR2MAuyjij3H4Ac8vh5obfBLw=
13,-16,yM4kKNaUgK6cumVeWLYWSqnf7O4=,QGUw3KcNzxjYl+yZ+WGrxpcDa3Q=
0,-13,yM4kKNaUgK6cumVeWLYWSqnf7O4=,l+WS/cQq8X7RERQWWBmW2NQqPUo=
8,-15,yM4kKNaUgK6cumVeWLYWSqnf7O4=,UgigvP3ft7i5jXYnil5VgBowjXk=
0,-4,OjJ7fOu7VPaFb9hMQazsfFJuNeU=,IrJr8R2K/sMrOfzF56TRNFVbOls=
1,-11,yM4kKNaUgK6cumVeWLYWSqnf7O4=,oVnR2MAuyjij3H4Ac8vh5obfBLw=
0,-15,yM4kKNaUgK6cumVeWLYWSqnf7O4=,l+WS/cQq8X7RERQWWBmW2NQqPUo=
1,-4,OjJ7fOu7VPaFb9hMQazsfFJuNeU=,IrJr8R2K/sMrOfzF56TRNFVbOls=
3,-15,yM4kKNaUgK6cumVeWLYWSqnf7O4=,l+WS/cQq8X7RERQWWBmW2NQqPUo=
12,-16,yM4kKNaUgK6cumVeWLYWSqnf7O4=,QGUw3KcNzxjYl+yZ+WGrxpcDa3Q=
11,-5,yM4kKNaUgK6cumVeWLYWSqnf7O4=,dHYsDDj+gIxiuzeCac31Df/YkFk=
8,-5,yM4kKNaUgK6cumVeWLYWSqnf7O4=,dHYsDDj+gIxiuzeCac31Df/YkFk=
1,-1,OjJ7fOu7VPaFb9hMQazsfFJuNeU=,IrJr8R2K/sMrOfzF56TRNFVbOls=
10,-7,yM4kKNaUgK6cumVeWLYWSqnf7O4=,dHYsDDj+gIxiuzeCac31Df/YkFk=
1,-2,OjJ7fOu7VPaFb9hMQazsfFJuNeU=,IrJr8R2K/sMrOfzF56TRNFVbOls=
2,-15,yM4kKNaUgK6cumVeWLYWSqnf7O4=,l+WS/cQq8X7RERQWWBmW2NQqPUo=
9,-1,yM4kKNaUgK6cumVeWLYWSqnf7O4=,SXnvA51TI4CC6ODvZXpEuNkEStE=
11,-10,yM4kKNaUgK6cumVeWLYWSqnf7O4=,rdk/4lMVq40P/ksvUiI+TEM37j0=
11,-1,yM4kKNaUgK6cumVeWLYWSqnf7O4=,SXnvA51TI4CC6ODvZXpEuNkEStE=
1,-15,yM4kKNaUgK6cumVeWLYWSqnf7O4=,l+WS/cQq8X7RERQWWBmW2NQqPUo=
1,-3,OjJ7fOu7VPaFb9hMQazsfFJuNeU=,IrJr8R2K/sMrOfzF56TRNFVbOls=
9,-2,yM4kKNaUgK6cumVeWLYWSqnf7O4=,SXnvA51TI4CC6ODvZXpEuNkEStE=
9,-16,yM4kKNaUgK6cumVeWLYWSqnf7O4=,UgigvP3ft7i5jXYnil5VgBowjXk=
10,-1,yM4kKNaUgK6cumVeWLYWSqnf7O4=,SXnvA51TI4CC6ODvZXpEuNkEStE=
8,-2,yM4kKNaUgK6cumVeWLYWSqnf7O4=,SXnvA51TI4CC6ODvZXpEuNkEStE=
8,-1,yM4kKNaUgK6cumVeWLYWSqnf7O4=,SXnvA51TI4CC6ODvZXpEuNkEStE=
15,-2,OwTlPiZ9+wpXatDAlhzAA4GRpVU=,FPpcVshyPRXyZL068y09A5LjbZs=
3,-1,OwTlPiZ9+wpXatDAlhzAA4GRpVU=,IrJr8R2K/sMrOfzF56TRNFVbOls=
7,-2,OwTlPiZ9+wpXatDAlhzAA4GRpVU=,qONjBpuHGLWDgwr/wxdLnatVm4I=
7,-1,OwTlPiZ9+wpXatDAlhzAA4GRpVU=,qONjBpuHGLWDgwr/wxdLnatVm4I=
4,-1,OwTlPiZ9+wpXatDAlhzAA4GRpVU=,qONjBpuHGLWDgwr/wxdLnatVm4I=
10,-4,yM4kKNaUgK6cumVeWLYWSqnf7O4=,SXnvA51TI4CC6ODvZXpEuNkEStE=
7,-8,OjJ7fOu7VPaFb9hMQazsfFJuNeU=,at+1KiS3uL4xIecECObnPB5kKUY=
6,-2,OwTlPiZ9+wpXatDAlhzAA4GRpVU=,qONjBpuHGLWDgwr/wxdLnatVm4I=
5,-1,OwTlPiZ9+wpXatDAlhzAA4GRpVU=,qONjBpuHGLWDgwr/wxdLnatVm4I=
12,-1,OwTlPiZ9+wpXatDAlhzAA4GRpVU=,FPpcVshyPRXyZL068y09A5LjbZs=
10,-16,yM4kKNaUgK6cumVeWLYWSqnf7O4=,UgigvP3ft7i5jXYnil5VgBowjXk=
5,-2,OwTlPiZ9+wpXatDAlhzAA4GRpVU=,qONjBpuHGLWDgwr/wxdLnatVm4I=
10,-2,yM4kKNaUgK6cumVeWLYWSqnf7O4=,SXnvA51TI4CC6ODvZXpEuNkEStE=
11,-6,yM4kKNaUgK6cumVeWLYWSqnf7O4=,dHYsDDj+gIxiuzeCac31Df/YkFk=
6,-1,OwTlPiZ9+wpXatDAlhzAA4GRpVU=,qONjBpuHGLWDgwr/wxdLnatVm4I=
15,-5,OjJ7fOu7VPaFb9hMQazsfFJuNeU=,z4ooHkttlAtV1/kS85TL+3nu1OE=
15,-1,OwTlPiZ9+wpXatDAlhzAA4GRpVU=,FPpcVshyPRXyZL068y09A5LjbZs=
14,-1,OwTlPiZ9+wpXatDAlhzAA4GRpVU=,FPpcVshyPRXyZL068y09A5LjbZs=
13,-9,yM4kKNaUgK6cumVeWLYWSqnf7O4=,BC6RuPYa72tgOZz3BKSBjMkuIEM=
12,-2,OwTlPiZ9+wpXatDAlhzAA4GRpVU=,FPpcVshyPRXyZL068y09A5LjbZs=
3,-2,OwTlPiZ9+wpXatDAlhzAA4GRpVU=,IrJr8R2K/sMrOfzF56TRNFVbOls=
15,-8,OjJ7fOu7VPaFb9hMQazsfFJuNeU=,z4ooHkttlAtV1/kS85TL+3nu1OE=
4,-2,OwTlPiZ9+wpXatDAlhzAA4GRpVU=,qONjBpuHGLWDgwr/wxdLnatVm4I=
2,-1,OwTlPiZ9+wpXatDAlhzAA4GRpVU=,IrJr8R2K/sMrOfzF56TRNFVbOls=
7,-7,OjJ7fOu7VPaFb9hMQazsfFJuNeU=,at+1KiS3uL4xIecECObnPB5kKUY=
2,-2,OwTlPiZ9+wpXatDAlhzAA4GRpVU=,IrJr8R2K/sMrOfzF56TRNFVbOls=
11,-2,yM4kKNaUgK6cumVeWLYWSqnf7O4=,SXnvA51TI4CC6ODvZXpEuNkEStE=
15,-7,OjJ7fOu7VPaFb9hMQazsfFJuNeU=,z4ooHkttlAtV1/kS85TL+3nu1OE=
7,-6,OwTlPiZ9+wpXatDAlhzAA4GRpVU=,at+1KiS3uL4xIecECObnPB5kKUY=
9,-5,yM4kKNaUgK6cumVeWLYWSqnf7O4=,dHYsDDj+gIxiuzeCac31Df/YkFk=
9,-13,yM4kKNaUgK6cumVeWLYWSqnf7O4=,UgigvP3ft7i5jXYnil5VgBowjXk=
14,-2,OwTlPiZ9+wpXatDAlhzAA4GRpVU=,FPpcVshyPRXyZL068y09A5LjbZs=
15,-4,OjJ7fOu7VPaFb9hMQazsfFJuNeU=,FPpcVshyPRXyZL068y09A5LjbZs=
15,-6,OjJ7fOu7VPaFb9hMQazsfFJuNeU=,z4ooHkttlAtV1/kS85TL+3nu1OE=
13,-1,OwTlPiZ9+wpXatDAlhzAA4GRpVU=,FPpcVshyPRXyZL068y09A5LjbZs=
14,-8,OjJ7fOu7VPaFb9hMQazsfFJuNeU=,z4ooHkttlAtV1/kS85TL+3nu1OE=
13,-2,OwTlPiZ9+wpXatDAlhzAA4GRpVU=,FPpcVshyPRXyZL068y09A5LjbZs=
10,-8,yM4kKNaUgK6cumVeWLYWSqnf7O4=,dHYsDDj+gIxiuzeCac31Df/YkFk=
15,-16,yM4kKNaUgK6cumVeWLYWSqnf7O4=,QGUw3KcNzxjYl+yZ+WGrxpcDa3Q=
14,-4,OjJ7fOu7VPaFb9hMQazsfFJuNeU=,FPpcVshyPRXyZL068y09A5LjbZs=
14,-16,yM4kKNaUgK6cumVeWLYWSqnf7O4=,QGUw3KcNzxjYl+yZ+WGrxpcDa3Q=
10,-14,yM4kKNaUgK6cumVeWLYWSqnf7O4=,UgigvP3ft7i5jXYnil5VgBowjXk=
15,-3,OjJ7fOu7VPaFb9hMQazsfFJuNeU=,FPpcVshyPRXyZL068y09A5LjbZs=
14,-15,yM4kKNaUgK6cumVeWLYWSqnf7O4=,QGUw3KcNzxjYl+yZ+WGrxpcDa3Q=
14,-6,OjJ7fOu7VPaFb9hMQazsfFJuNeU=,z4ooHkttlAtV1/kS85TL+3nu1OE=
10,-5,yM4kKNaUgK6cumVeWLYWSqnf7O4=,dHYsDDj+gIxiuzeCac31Df/YkFk=
12,-9,yM4kKNaUgK6cumVeWLYWSqnf7O4=,BC6RuPYa72tgOZz3BKSBjMkuIEM=
9,-15,yM4kKNaUgK6cumVeWLYWSqnf7O4=,UgigvP3ft7i5jXYnil5VgBowjXk=
14,-3,OjJ7fOu7VPaFb9hMQazsfFJuNeU=,FPpcVshyPRXyZL068y09A5LjbZs=
11,-13,yM4kKNaUgK6cumVeWLYWSqnf7O4=,UgigvP3ft7i5jXYnil5VgBowjXk=
11,-14,yM4kKNaUgK6cumVeWLYWSqnf7O4=,UgigvP3ft7i5jXYnil5VgBowjXk=
15,-15,yM4kKNaUgK6cumVeWLYWSqnf7O4=,QGUw3KcNzxjYl+yZ+WGrxpcDa3Q=
14,-7,OjJ7fOu7VPaFb9hMQazsfFJuNeU=,z4ooHkttlAtV1/kS85TL+3nu1OE=
13,-15,yM4kKNaUgK6cumVeWLYWSqnf7O4=,QGUw3KcNzxjYl+yZ+WGrxpcDa3Q=
10,-15,yM4kKNaUgK6cumVeWLYWSqnf7O4=,UgigvP3ft7i5jXYnil5VgBowjXk=
14,-5,OjJ7fOu7VPaFb9hMQazsfFJuNeU=,z4ooHkttlAtV1/kS85TL+3nu1OE=
14,-11,yM4kKNaUgK6cumVeWLYWSqnf7O4=,BC6RuPYa72tgOZz3BKSBjMkuIEM=
15,-12,yM4kKNaUgK6cumVeWLYWSqnf7O4=,BC6RuPYa72tgOZz3BKSBjMkuIEM=
11,-15,yM4kKNaUgK6cumVeWLYWSqnf7O4=,UgigvP3ft7i5jXYnil5VgBowjXk=
15,-13,yM4kKNaUgK6cumVeWLYWSqnf7O4=,QGUw3KcNzxjYl+yZ+WGrxpcDa3Q=
8,-7,yM4kKNaUgK6cumVeWLYWSqnf7O4=,dHYsDDj+gIxiuzeCac31Df/YkFk=
12,-13,yM4kKNaUgK6cumVeWLYWSqnf7O4=,QGUw3KcNzxjYl+yZ+WGrxpcDa3Q=
11,-7,yM4kKNaUgK6cumVeWLYWSqnf7O4=,dHYsDDj+gIxiuzeCac31Df/YkFk=
14,-10,yM4kKNaUgK6cumVeWLYWSqnf7O4=,BC6RuPYa72tgOZz3BKSBjMkuIEM=
12,-15,yM4kKNaUgK6cumVeWLYWSqnf7O4=,QGUw3KcNzxjYl+yZ+WGrxpcDa3Q=
14,-14,yM4kKNaUgK6cumVeWLYWSqnf7O4=,QGUw3KcNzxjYl+yZ+WGrxpcDa3Q=
13,-14,VH+IydyD8z4KyQc9l0DX5vwycnU=,QGUw3KcNzxjYl+yZ+WGrxpcDa3Q=
15,-10,VH+IydyD8z4KyQc9l0DX5vwycnU=,BC6RuPYa72tgOZz3BKSBjMkuIEM=
12,-14,VH+IydyD8z4KyQc9l0DX5vwycnU=,QGUw3KcNzxjYl+yZ+WGrxpcDa3Q=
14,-9,VH+IydyD8z4KyQc9l0DX5vwycnU=,BC6RuPYa72tgOZz3BKSBjMkuIEM=
15,-11,VH+IydyD8z4KyQc9l0DX5vwycnU=,BC6RuPYa72tgOZz3BKSBjMkuIEM=
14,-12,VH+IydyD8z4KyQc9l0DX5vwycnU=,BC6RuPYa72tgOZz3BKSBjMkuIEM=
15,-14,VH+IydyD8z4KyQc9l0DX5vwycnU=,QGUw3KcNzxjYl+yZ+WGrxpcDa3Q=
14,-13,VH+IydyD8z4KyQc9l0DX5vwycnU=,QGUw3KcNzxjYl+yZ+WGrxpcDa3Q=
13,-13,VH+IydyD8z4KyQc9l0DX5vwycnU=,QGUw3KcNzxjYl+yZ+WGrxpcDa3Q=
8,-6,VH+IydyD8z4KyQc9l0DX5vwycnU=,dHYsDDj+gIxiuzeCac31Df/YkFk=
9,-6,VH+IydyD8z4KyQc9l0DX5vwycnU=,dHYsDDj+gIxiuzeCac31Df/YkFk=
15,-9,VH+IydyD8z4KyQc9l0DX5vwycnU=,BC6RuPYa72tgOZz3BKSBjMkuIEM=
