-8,-8,NV73lQhmO9oA+p3xcI3yW63krng=,KNwCA95CVBp6B66yCaJrNNShl+8=
-5,-8,NV73lQhmO9oA+p3xcI3yW63krng=,KNwCA95CVBp6B66yCaJrNNShl+8=
-6,-8,NV73lQhmO9oA+p3xcI3yW63krng=,KNwCA95CVBp6B66yCaJrNNShl+8=
-7,-8,NV73lQhmO9oA+p3xcI3yW63krng=,KNwCA95CVBp6B66yCaJrNNShl+8=
-8,-5,NV73lQhmO9oA+p3xcI3yW63krng=,KNwCA95CVBp6B66yCaJrNNShl+8=
-8,-7,NV73lQhmO9oA+p3xcI3yW63krng=,KNwCA95CVBp6B66yCaJrNNShl+8=
-8,-6,NV73lQhmO9oA+p3xcI3yW63krng=,KNwCA95CVBp6B66yCaJrNNShl+8=
-5,-5,NV73lQhmO9oA+p3xcI3yW63krng=,KNwCA95CVBp6B66yCaJrNNShl+8=
-12,-7,NV73lQhmO9oA+p3xcI3yW63krng=,4pcngShzOem7ZkiYPuDdDb4GefU=
-12,-8,NV73lQhmO9oA+p3xcI3yW63krng=,4pcngShzOem7ZkiYPuDdDb4GefU=
-11,-11,NV73lQhmO9oA+p3xcI3yW63krng=,yBngKiANKPo4w4/JB2AJEwaLmOg=
-12,-10,NV73lQhmO9oA+p3xcI3yW63krng=,yBngKiANKPo4w4/JB2AJEwaLmOg=
-9,-11,NV73lQhmO9oA+p3xcI3yW63krng=,yBngKiANKPo4w4/JB2AJEwaLmOg=
-10,-11,NV73lQhmO9oA+p3xcI3yW63krng=,yBngKiANKPo4w4/JB2AJEwaLmOg=
-12,-9,NV73lQhmO9oA+p3xcI3yW63krng=,yBngKiANKPo4w4/JB2AJEwaLmOg=
-10,-10,NV73lQhmO9oA+p3xcI3yW63krng=,yBngKiANKPo4w4/JB2AJEwaLmOg=
-9,-10,NV73lQhmO9oA+p3xcI3yW63krng=,yBngKiANKPo4w4/JB2AJEwaLmOg=
-8,-9,NV73lQhmO9oA+p3xcI3yW63krng=,RJf/tLV3yXs3fnfH57aSPkvzRBM=
-6,-5,NV73lQhmO9oA+p3xcI3yW63krng=,KNwCA95CVBp6B66yCaJrNNShl+8=
-11,-8,NV73lQhmO9oA+p3xcI3yW63krng=,4pcngShzOem7ZkiYPuDdDb4GefU=
-11,-10,NV73lQhmO9oA+p3xcI3yW63krng=,yBngKiANKPo4w4/JB2AJEwaLmOg=
-11,-9,NV73lQhmO9oA+p3xcI3yW63krng=,yBngKiANKPo4w4/JB2AJEwaLmOg=
-7,-5,NV73lQhmO9oA+p3xcI3yW63krng=,KNwCA95CVBp6B66yCaJrNNShl+8=
-10,-8,NV73lQhmO9oA+p3xcI3yW63krng=,4pcngShzOem7ZkiYPuDdDb4GefU=
-5,-6,NV73lQhmO9oA+p3xcI3yW63krng=,KNwCA95CVBp6B66yCaJrNNShl+8=
-10,-9,NV73lQhmO9oA+p3xcI3yW63krng=,yBngKiANKPo4w4/JB2AJEwaLmOg=
-7,-12,NV73lQhmO9oA+p3xcI3yW63krng=,RJf/tLV3yXs3fnfH57aSPkvzRBM=
-9,-8,NV73lQhmO9oA+p3xcI3yW63krng=,4pcngShzOem7ZkiYPuDdDb4GefU=
-5,-7,NV73lQhmO9oA+p3xcI3yW63krng=,KNwCA95CVBp6B66yCaJrNNShl+8=
-9,-5,NV73lQhmO9oA+p3xcI3yW63krng=,4pcngShzOem7ZkiYPuDdDb4GefU=
-6,-7,NV73lQhmO9oA+p3xcI3yW63krng=,KNwCA95CVBp6B66yCaJrNNShl+8=
-9,-9,NV73lQhmO9oA+p3xcI3yW63krng=,yBngKiANKPo4w4/JB2AJEwaLmOg=
-7,-7,NV73lQhmO9oA+p3xcI3yW63krng=,KNwCA95CVBp6B66yCaJrNNShl+8=
-6,-6,NV73lQhmO9oA+p3xcI3yW63krng=,KNwCA95CVBp6B66yCaJrNNShl+8=
-5,-9,NV73lQhmO9oA+p3xcI3yW63krng=,RJf/tLV3yXs3fnfH57aSPkvzRBM=
-10,-5,NV73lQhmO9oA+p3xcI3yW63krng=,4pcngShzOem7ZkiYPuDdDb4GefU=
-7,-6,NV73lQhmO9oA+p3xcI3yW63krng=,KNwCA95CVBp6B66yCaJrNNShl+8=
-8,-10,NV73lQhmO9oA+p3xcI3yW63krng=,RJf/tLV3yXs3fnfH57aSPkvzRBM=
-6,-12,NV73lQhmO9oA+p3xcI3yW63krng=,RJf/tLV3yXs3fnfH57aSPkvzRBM=
-10,-7,NV73lQhmO9oA+p3xcI3yW63krng=,4pcngShzOem7ZkiYPuDdDb4GefU=
-11,-7,NV73lQhmO9oA+p3xcI3yW63krng=,4pcngShzOem7ZkiYPuDdDb4GefU=
-12,-11,NV73lQhmO9oA+p3xcI3yW63krng=,yBngKiANKPo4w4/JB2AJEwaLmOg=
-11,-5,NV73lQhmO9oA+p3xcI3yW63krng=,4pcngShzOem7ZkiYPuDdDb4GefU=
-12,-12,NV73lQhmO9oA+p3xcI3yW63krng=,yBngKiANKPo4w4/JB2AJEwaLmOg=
-12,-5,NV73lQhmO9oA+p3xcI3yW63krng=,4pcngShzOem7ZkiYPuDdDb4GefU=
-11,-12,NV73lQhmO9oA+p3xcI3yW63krng=,yBngKiANKPo4w4/JB2AJEwaLmOg=
-9,-6,NV73lQhmO9oA+p3xcI3yW63krng=,4pcngShzOem7ZkiYPuDdDb4GefU=
-8,-12,NV73lQhmO9oA+p3xcI3yW63krng=,RJf/tLV3yXs3fnfH57aSPkvzRBM=
-9,-7,NV73lQhmO9oA+p3xcI3yW63krng=,4pcngShzOem7ZkiYPuDdDb4GefU=
-10,-12,NV73lQhmO9oA+p3xcI3yW63krng=,yBngKiANKPo4w4/JB2AJEwaLmOg=
-10,-6,NV73lQhmO9oA+p3xcI3yW63krng=,4pcngShzOem7ZkiYPuDdDb4GefU=
-9,-12,NV73lQhmO9oA+p3xcI3yW63krng=,yBngKiANKPo4w4/JB2AJEwaLmOg=
-11,-6,NV73lQhmO9oA+p3xcI3yW63krng=,4pcngShzOem7ZkiYPuDdDb4GefU=
-12,-6,NV73lQhmO9oA+p3xcI3yW63krng=,4pcngShzOem7ZkiYPuDdDb4GefU=
-8,-11,NV73lQhmO9oA+p3xcI3yW63krng=,RJf/tLV3yXs3fnfH57aSPkvzRBM=
-5,-12,NV73lQhmO9oA+p3xcI3yW63krng=,RJf/tLV3yXs3fnfH57aSPkvzRBM=
-6,-9,NV73lQhmO9oA+p3xcI3yW63krng=,RJf/tLV3yXs3fnfH57aSPkvzRBM=
-7,-9,NV73lQhmO9oA+p3xcI3yW63krng=,RJf/tLV3yXs3fnfH57aSPkvzRBM=
-5,-10,NV73lQhmO9oA+p3xcI3yW63krng=,RJf/tLV3yXs3fnfH57aSPkvzRBM=
-6,-10,NV73lQhmO9oA+p3xcI3yW63krng=,RJf/tLV3yXs3fnfH57aSPkvzRBM=
-7,-10,NV73lQhmO9oA+p3xcI3yW63krng=,RJf/tLV3yXs3fnfH57aSPkvzRBM=
-5,-11,NV73lQhmO9oA+p3xcI3yW63krng=,RJf/tLV3yXs3fnfH57aSPkvzRBM=
-16,-9,NV73lQhmO9oA+p3xcI3yW63krng=,yBngKiANKPo4w4/JB2AJEwaLmOg=
-6,-11,NV73lQhmO9oA+p3xcI3yW63krng=,RJf/tLV3yXs3fnfH57aSPkvzRBM=
-7,-11,NV73lQhmO9oA+p3xcI3yW63krng=,RJf/tLV3yXs3fnfH57aSPkvzRBM=
-16,-10,NV73lQhmO9oA+p3xcI3yW63krng=,yBngKiANKPo4w4/JB2AJEwaLmOg=
-16,-11,NV73lQhmO9oA+p3xcI3yW63krng=,yBngKiANKPo4w4/JB2AJEwaLmOg=
-16,-12,NV73lQhmO9oA+p3xcI3yW63krng=,yBngKiANKPo4w4/JB2AJEwaLmOg=
-8,-16,NV73lQhmO9oA+p3xcI3yW63krng=,RJf/tLV3yXs3fnfH57aSPkvzRBM=
-14,-11,NV73lQhmO9oA+p3xcI3yW63krng=,yBngKiANKPo4w4/JB2AJEwaLmOg=
-5,-16,NV73lQhmO9oA+p3xcI3yW63krng=,RJf/tLV3yXs3fnfH57aSPkvzRBM=
-6,-16,NV73lQhmO9oA+p3xcI3yW63krng=,RJf/tLV3yXs3fnfH57aSPkvzRBM=
-16,-5,NV73lQhmO9oA+p3xcI3yW63krng=,4pcngShzOem7ZkiYPuDdDb4GefU=
-5,-1,NV73lQhmO9oA+p3xcI3yW63krng=,KNwCA95CVBp6B66yCaJrNNShl+8=
-10,-4,NV73lQhmO9oA+p3xcI3yW63krng=,4pcngShzOem7ZkiYPuDdDb4GefU=
-9,-1,NV73lQhmO9oA+p3xcI3yW63krng=,4pcngShzOem7ZkiYPuDdDb4GefU=
-7,-2,NV73lQhmO9oA+p3xcI3yW63krng=,KNwCA95CVBp6B66yCaJrNNShl+8=
-12,-4,NV73lQhmO9oA+p3xcI3yW63krng=,4pcngShzOem7ZkiYPuDdDb4GefU=
-10,-3,NV73lQhmO9oA+p3xcI3yW63krng=,4pcngShzOem7ZkiYPuDdDb4GefU=
-11,-4,NV73lQhmO9oA+p3xcI3yW63krng=,4pcngShzOem7ZkiYPuDdDb4GefU=
-12,-3,NV73lQhmO9oA+p3xcI3yW63krng=,4pcngShzOem7ZkiYPuDdDb4GefU=
-16,-6,NV73lQhmO9oA+p3xcI3yW63krng=,4pcngShzOem7ZkiYPuDdDb4GefU=
-6,-1,NV73lQhmO9oA+p3xcI3yW63krng=,KNwCA95CVBp6B66yCaJrNNShl+8=
-11,-3,NV73lQhmO9oA+p3xcI3yW63krng=,4pcngShzOem7ZkiYPuDdDb4GefU=
-9,-4,NV73lQhmO9oA+p3xcI3yW63krng=,4pcngShzOem7ZkiYPuDdDb4GefU=
-16,-7,NV73lQhmO9oA+p3xcI3yW63krng=,4pcngShzOem7ZkiYPuDdDb4GefU=
-10,-1,NV73lQhmO9oA+p3xcI3yW63krng=,4pcngShzOem7ZkiYPuDdDb4GefU=
-9,-3,NV73lQhmO9oA+p3xcI3yW63krng=,4pcngShzOem7ZkiYPuDdDb4GefU=
-12,-2,NV73lQhmO9oA+p3xcI3yW63krng=,4pcngShzOem7ZkiYPuDdDb4GefU=
-11,-1,NV73lQhmO9oA+p3xcI3yW63krng=,4pcngShzOem7ZkiYPuDdDb4GefU=
-7,-1,NV73lQhmO9oA+p3xcI3yW63krng=,KNwCA95CVBp6B66yCaJrNNShl+8=
-11,-2,NV73lQhmO9oA+p3xcI3yW63krng=,4pcngShzOem7ZkiYPuDdDb4GefU=
-13,-11,NV73lQhmO9oA+p3xcI3yW63krng=,yBngKiANKPo4w4/JB2AJEwaLmOg=
-8,-1,NV73lQhmO9oA+p3xcI3yW63krng=,KNwCA95CVBp6B66yCaJrNNShl+8=
-12,-1,NV73lQhmO9oA+p3xcI3yW63krng=,4pcngShzOem7ZkiYPuDdDb4GefU=
-8,-3,NV73lQhmO9oA+p3xcI3yW63krng=,KNwCA95CVBp6B66yCaJrNNShl+8=
-9,-2,NV73lQhmO9oA+p3xcI3yW63krng=,4pcngShzOem7ZkiYPuDdDb4GefU=
-6,-2,NV73lQhmO9oA+p3xcI3yW63krng=,KNwCA95CVBp6B66yCaJrNNShl+8=
-5,-2,NV73lQhmO9oA+p3xcI3yW63krng=,KNwCA95CVBp6B66yCaJrNNShl+8=
-7,-4,NV73lQhmO9oA+p3xcI3yW63krng=,KNwCA95CVBp6B66yCaJrNNShl+8=
-10,-2,NV73lQhmO9oA+p3xcI3yW63krng=,4pcngShzOem7ZkiYPuDdDb4GefU=
-5,-4,NV73lQhmO9oA+p3xcI3yW63krng=,KNwCA95CVBp6B66yCaJrNNShl+8=
-6,-4,NV73lQhmO9oA+p3xcI3yW63krng=,KNwCA95CVBp6B66yCaJrNNShl+8=
-15,-11,NV73lQhmO9oA+p3xcI3yW63krng=,yBngKiANKPo4w4/JB2AJEwaLmOg=
-8,-2,NV73lQhmO9oA+p3xcI3yW63krng=,KNwCA95CVBp6B66yCaJrNNShl+8=
-5,-3,NV73lQhmO9oA+p3xcI3yW63krng=,KNwCA95CVBp6B66yCaJrNNShl+8=
-6,-3,NV73lQhmO9oA+p3xcI3yW63krng=,KNwCA95CVBp6B66yCaJrNNShl+8=
-8,-4,NV73lQhmO9oA+p3xcI3yW63krng=,KNwCA95CVBp6B66yCaJrNNShl+8=
-7,-3,NV73lQhmO9oA+p3xcI3yW63krng=,KNwCA95CVBp6B66yCaJrNNShl+8=
-13,-12,NV73lQhmO9oA+p3xcI3yW63krng=,yBngKiANKPo4w4/JB2AJEwaLmOg=
-12,-16,NV73lQhmO9oA+p3xcI3yW63krng=,yBngKiANKPo4w4/JB2AJEwaLmOg=
-11,-16,NV73lQhmO9oA+p3xcI3yW63krng=,yBngKiANKPo4w4/JB2AJEwaLmOg=
-14,-12,NV73lQhmO9oA+p3xcI3yW63krng=,yBngKiANKPo4w4/JB2AJEwaLmOg=
-10,-16,NV73lQhmO9oA+p3xcI3yW63krng=,yBngKiANKPo4w4/JB2AJEwaLmOg=
-9,-16,NV73lQhmO9oA+p3xcI3yW63krng=,yBngKiANKPo4w4/JB2AJEwaLmOg=
-15,-12,NV73lQhmO9oA+p3xcI3yW63krng=,yBngKiANKPo4w4/JB2AJEwaLmOg=
-9,-13,NV73lQhmO9oA+p3xcI3yW63krng=,yBngKiANKPo4w4/JB2AJEwaLmOg=
-10,-13,NV73lQhmO9oA+p3xcI3yW63krng=,yBngKiANKPo4w4/JB2AJEwaLmOg=
-15,-10,NV73lQhmO9oA+p3xcI3yW63krng=,yBngKiANKPo4w4/JB2AJEwaLmOg=
-7,-16,NV73lQhmO9oA+p3xcI3yW63krng=,RJf/tLV3yXs3fnfH57aSPkvzRBM=
-1,-13,NV73lQhmO9oA+p3xcI3yW63krng=,RJf/tLV3yXs3fnfH57aSPkvzRBM=
-12,-14,NV73lQhmO9oA+p3xcI3yW63krng=,yBngKiANKPo4w4/JB2AJEwaLmOg=
-1,-16,NV73lQhmO9oA+p3xcI3yW63krng=,RJf/tLV3yXs3fnfH57aSPkvzRBM=
-11,-14,NV73lQhmO9oA+p3xcI3yW63krng=,yBngKiANKPo4w4/JB2AJEwaLmOg=
-1,-14,NV73lQhmO9oA+p3xcI3yW63krng=,RJf/tLV3yXs3fnfH57aSPkvzRBM=
-11,-13,NV73lQhmO9oA+p3xcI3yW63krng=,yBngKiANKPo4w4/JB2AJEwaLmOg=
-10,-14,NV73lQhmO9oA+p3xcI3yW63krng=,yBngKiANKPo4w4/JB2AJEwaLmOg=
-2,-16,NV73lQhmO9oA+p3xcI3yW63krng=,RJf/tLV3yXs3fnfH57aSPkvzRBM=
-1,-10,NV73lQhmO9oA+p3xcI3yW63krng=,RJf/tLV3yXs3fnfH57aSPkvzRBM=
-14,-10,NV73lQhmO9oA+p3xcI3yW63krng=,yBngKiANKPo4w4/JB2AJEwaLmOg=
-12,-13,NV73lQhmO9oA+p3xcI3yW63krng=,yBngKiANKPo4w4/JB2AJEwaLmOg=
-10,-15,NV73lQhmO9oA+p3xcI3yW63krng=,yBngKiANKPo4w4/JB2AJEwaLmOg=
-1,-15,NV73lQhmO9oA+p3xcI3yW63krng=,RJf/tLV3yXs3fnfH57aSPkvzRBM=
-3,-16,NV73lQhmO9oA+p3xcI3yW63krng=,RJf/tLV3yXs3fnfH57aSPkvzRBM=
-9,-15,NV73lQhmO9oA+p3xcI3yW63krng=,yBngKiANKPo4w4/JB2AJEwaLmOg=
-9,-14,NV73lQhmO9oA+p3xcI3yW63krng=,yBngKiANKPo4w4/JB2AJEwaLmOg=
-4,-16,NV73lQhmO9oA+p3xcI3yW63krng=,RJf/tLV3yXs3fnfH57aSPkvzRBM=
-1,-11,NV73lQhmO9oA+p3xcI3yW63krng=,RJf/tLV3yXs3fnfH57aSPkvzRBM=
-13,-10,NV73lQhmO9oA+p3xcI3yW63krng=,yBngKiANKPo4w4/JB2AJEwaLmOg=
-2,-15,NV73lQhmO9oA+p3xcI3yW63krng=,RJf/tLV3yXs3fnfH57aSPkvzRBM=
-12,-15,NV73lQhmO9oA+p3xcI3yW63krng=,yBngKiANKPo4w4/JB2AJEwaLmOg=
-1,-12,NV73lQhmO9oA+p3xcI3yW63krng=,RJf/tLV3yXs3fnfH57aSPkvzRBM=
-3,-15,NV73lQhmO9oA+p3xcI3yW63krng=,RJf/tLV3yXs3fnfH57aSPkvzRBM=
-8,-15,NV73lQhmO9oA+p3xcI3yW63krng=,RJf/tLV3yXs3fnfH57aSPkvzRBM=
-2,-9,NV73lQhmO9oA+p3xcI3yW63krng=,RJf/tLV3yXs3fnfH57aSPkvzRBM=
-11,-15,NV73lQhmO9oA+p3xcI3yW63krng=,yBngKiANKPo4w4/JB2AJEwaLmOg=
-4,-15,NV73lQhmO9oA+p3xcI3yW63krng=,RJf/tLV3yXs3fnfH57aSPkvzRBM=
-8,-13,NV73lQhmO9oA+p3xcI3yW63krng=,RJf/tLV3yXs3fnfH57aSPkvzRBM=
-15,-9,NV73lQhmO9oA+p3xcI3yW63krng=,yBngKiANKPo4w4/JB2AJEwaLmOg=
-13,-1,NV73lQhmO9oA+p3xcI3yW63krng=,4pcngShzOem7ZkiYPuDdDb4GefU=
-4,-14,NV73lQhmO9oA+p3xcI3yW63krng=,RJf/tLV3yXs3fnfH57aSPkvzRBM=
-8,-14,NV73lQhmO9oA+p3xcI3yW63krng=,RJf/tLV3yXs3fnfH57aSPkvzRBM=
-2,-13,NV73lQhmO9oA+p3xcI3yW63krng=,RJf/tLV3yXs3fnfH57aSPkvzRBM=
-14,-1,NV73lQhmO9oA+p3xcI3yW63krng=,4pcngShzOem7ZkiYPuDdDb4GefU=
-3,-13,NV73lQhmO9oA+p3xcI3yW63krng=,RJf/tLV3yXs3fnfH57aSPkvzRBM=
-7,-14,NV73lQhmO9oA+p3xcI3yW63krng=,RJf/tLV3yXs3fnfH57aSPkvzRBM=
-2,-14,NV73lQhmO9oA+p3xcI3yW63krng=,RJf/tLV3yXs3fnfH57aSPkvzRBM=
-1,-9,NV73lQhmO9oA+p3xcI3yW63krng=,RJf/tLV3yXs3fnfH57aSPkvzRBM=
-4,-13,NV73lQhmO9oA+p3xcI3yW63krng=,RJf/tLV3yXs3fnfH57aSPkvzRBM=
-16,-8,NV73lQhmO9oA+p3xcI3yW63krng=,4pcngShzOem7ZkiYPuDdDb4GefU=
-13,-4,NV73lQhmO9oA+p3xcI3yW63krng=,4pcngShzOem7ZkiYPuDdDb4GefU=
-16,-1,NV73lQhmO9oA+p3xcI3yW63krng=,4pcngShzOem7ZkiYPuDdDb4GefU=
-3,-14,NV73lQhmO9oA+p3xcI3yW63krng=,RJf/tLV3yXs3fnfH57aSPkvzRBM=
-14,-4,NV73lQhmO9oA+p3xcI3yW63krng=,4pcngShzOem7ZkiYPuDdDb4GefU=
-5,-15,NV73lQhmO9oA+p3xcI3yW63krng=,RJf/tLV3yXs3fnfH57aSPkvzRBM=
-15,-1,NV73lQhmO9oA+p3xcI3yW63krng=,4pcngShzOem7ZkiYPuDdDb4GefU=
-6,-14,NV73lQhmO9oA+p3xcI3yW63krng=,RJf/tLV3yXs3fnfH57aSPkvzRBM=
-14,-9,NV73lQhmO9oA+p3xcI3yW63krng=,yBngKiANKPo4w4/JB2AJEwaLmOg=
-15,-4,NV73lQhmO9oA+p3xcI3yW63krng=,4pcngShzOem7ZkiYPuDdDb4GefU=
-15,-3,NV73lQhmO9oA+p3xcI3yW63krng=,4pcngShzOem7ZkiYPuDdDb4GefU=
-14,-3,NV73lQhmO9oA+p3xcI3yW63krng=,4pcngShzOem7ZkiYPuDdDb4GefU=
-14,-2,NV73lQhmO9oA+p3xcI3yW63krng=,4pcngShzOem7ZkiYPuDdDb4GefU=
-13,-3,NV73lQhmO9oA+p3xcI3yW63krng=,4pcngShzOem7ZkiYPuDdDb4GefU=
-15,-2,NV73lQhmO9oA+p3xcI3yW63krng=,4pcngShzOem7ZkiYPuDdDb4GefU=
-6,-15,NV73lQhmO9oA+p3xcI3yW63krng=,RJf/tLV3yXs3fnfH57aSPkvzRBM=
-5,-14,NV73lQhmO9oA+p3xcI3yW63krng=,RJf/tLV3yXs3fnfH57aSPkvzRBM=
-15,-7,NV73lQhmO9oA+p3xcI3yW63krng=,4pcngShzOem7ZkiYPuDdDb4GefU=
-16,-2,NV73lQhmO9oA+p3xcI3yW63krng=,4pcngShzOem7ZkiYPuDdDb4GefU=
-7,-13,NV73lQhmO9oA+p3xcI3yW63krng=,RJf/tLV3yXs3fnfH57aSPkvzRBM=
-13,-2,NV73lQhmO9oA+p3xcI3yW63krng=,4pcngShzOem7ZkiYPuDdDb4GefU=
-3,-12,NV73lQhmO9oA+p3xcI3yW63krng=,RJf/tLV3yXs3fnfH57aSPkvzRBM=
-4,-3,NV73lQhmO9oA+p3xcI3yW63krng=,KNwCA95CVBp6B66yCaJrNNShl+8=
-6,-13,NV73lQhmO9oA+p3xcI3yW63krng=,RJf/tLV3yXs3fnfH57aSPkvzRBM=
-16,-4,NV73lQhmO9oA+p3xcI3yW63krng=,4pcngShzOem7ZkiYPuDdDb4GefU=
-16,-3,NV73lQhmO9oA+p3xcI3yW63krng=,4pcngShzOem7ZkiYPuDdDb4GefU=
-7,-15,NV73lQhmO9oA+p3xcI3yW63krng=,RJf/tLV3yXs3fnfH57aSPkvzRBM=
-3,-3,NV73lQhmO9oA+p3xcI3yW63krng=,KNwCA95CVBp6B66yCaJrNNShl+8=
-2,-7,NV73lQhmO9oA+p3xcI3yW63krng=,KNwCA95CVBp6B66yCaJrNNShl+8=
-13,-9,NV73lQhmO9oA+p3xcI3yW63krng=,yBngKiANKPo4w4/JB2AJEwaLmOg=
-1,-6,NV73lQhmO9oA+p3xcI3yW63krng=,KNwCA95CVBp6B66yCaJrNNShl+8=
-2,-3,NV73lQhmO9oA+p3xcI3yW63krng=,KNwCA95CVBp6B66yCaJrNNShl+8=
-16,-16,NV73lQhmO9oA+p3xcI3yW63krng=,yBngKiANKPo4w4/JB2AJEwaLmOg=
-4,-6,NV73lQhmO9oA+p3xcI3yW63krng=,KNwCA95CVBp6B66yCaJrNNShl+8=
-4,-12,NV73lQhmO9oA+p3xcI3yW63krng=,RJf/tLV3yXs3fnfH57aSPkvzRBM=
-2,-2,NV73lQhmO9oA+p3xcI3yW63krng=,KNwCA95CVBp6B66yCaJrNNShl+8=
-5,-13,NV73lQhmO9oA+p3xcI3yW63krng=,RJf/tLV3yXs3fnfH57aSPkvzRBM=
-4,-5,NV73lQhmO9oA+p3xcI3yW63krng=,KNwCA95CVBp6B66yCaJrNNShl+8=
-4,-7,NV73lQhmO9oA+p3xcI3yW63krng=,KNwCA95CVBp6B66yCaJrNNShl+8=
-15,-8,NV73lQhmO9oA+p3xcI3yW63krng=,4pcngShzOem7ZkiYPuDdDb4GefU=
-2,-6,NV73lQhmO9oA+p3xcI3yW63krng=,KNwCA95CVBp6B66yCaJrNNShl+8=
-2,-12,NV73lQhmO9oA+p3xcI3yW63krng=,RJf/tLV3yXs3fnfH57aSPkvzRBM=
-2,-5,NV73lQhmO9oA+p3xcI3yW63krng=,KNwCA95CVBp6B66yCaJrNNShl+8=
-3,-6,NV73lQhmO9oA+p3xcI3yW63krng=,KNwCA95CVBp6B66yCaJrNNShl+8=
-3,-5,NV73lQhmO9oA+p3xcI3yW63krng=,KNwCA95CVBp6B66yCaJrNNShl+8=
-4,-4,NV73lQhmO9oA+p3xcI3yW63krng=,KNwCA95CVBp6B66yCaJrNNShl+8=
-3,-4,NV73lQhmO9oA+p3xcI3yW63krng=,KNwCA95CVBp6B66yCaJrNNShl+8=
-13,-7,NV73lQhmO9oA+p3xcI3yW63krng=,4pcngShzOem7ZkiYPuDdDb4GefU=
-13,-14,NV73lQhmO9oA+p3xcI3yW63krng=,yBngKiANKPo4w4/JB2AJEwaLmOg=
-14,-7,NV73lQhmO9oA+p3xcI3yW63krng=,4pcngShzOem7ZkiYPuDdDb4GefU=
-1,-5,NV73lQhmO9oA+p3xcI3yW63krng=,KNwCA95CVBp6B66yCaJrNNShl+8=
-4,-2,NV73lQhmO9oA+p3xcI3yW63krng=,KNwCA95CVBp6B66yCaJrNNShl+8=
-3,-7,NV73lQhmO9oA+p3xcI3yW63krng=,KNwCA95CVBp6B66yCaJrNNShl+8=
-14,-14,NV73lQhmO9oA+p3xcI3yW63krng=,yBngKiANKPo4w4/JB2AJEwaLmOg=
-3,-11,NV73lQhmO9oA+p3xcI3yW63krng=,RJf/tLV3yXs3fnfH57aSPkvzRBM=
-3,-2,NV73lQhmO9oA+p3xcI3yW63krng=,KNwCA95CVBp6B66yCaJrNNShl+8=
-15,-6,NV73lQhmO9oA+p3xcI3yW63krng=,4pcngShzOem7ZkiYPuDdDb4GefU=
-1,-4,NV73lQhmO9oA+p3xcI3yW63krng=,KNwCA95CVBp6B66yCaJrNNShl+8=
-3,-8,NV73lQhmO9oA+p3xcI3yW63krng=,KNwCA95CVBp6B66yCaJrNNShl+8=
-4,-11,NV73lQhmO9oA+p3xcI3yW63krng=,RJf/tLV3yXs3fnfH57aSPkvzRBM=
-4,-8,NV73lQhmO9oA+p3xcI3yW63krng=,KNwCA95CVBp6B66yCaJrNNShl+8=
-14,-6,NV73lQhmO9oA+p3xcI3yW63krng=,4pcngShzOem7ZkiYPuDdDb4GefU=
-14,-8,NV73lQhmO9oA+p3xcI3yW63krng=,4pcngShzOem7ZkiYPuDdDb4GefU=
-2,-11,NV73lQhmO9oA+p3xcI3yW63krng=,RJf/tLV3yXs3fnfH57aSPkvzRBM=
-4,-1,NV73lQhmO9oA+p3xcI3yW63krng=,KNwCA95CVBp6B66yCaJrNNShl+8=
-1,-2,NV73lQhmO9oA+p3xcI3yW63krng=,KNwCA95CVBp6B66yCaJrNNShl+8=
-2,-1,NV73lQhmO9oA+p3xcI3yW63krng=,KNwCA95CVBp6B66yCaJrNNShl+8=
-13,-6,NV73lQhmO9oA+p3xcI3yW63krng=,4pcngShzOem7ZkiYPuDdDb4GefU=
-3,-1,NV73lQhmO9oA+p3xcI3yW63krng=,KNwCA95CVBp6B66yCaJrNNShl+8=
-1,-1,NV73lQhmO9oA+p3xcI3yW63krng=,KNwCA95CVBp6B66yCaJrNNShl+8=
-2,-8,NV73lQhmO9oA+p3xcI3yW63krng=,KNwCA95CVBp6B66yCaJrNNShl+8=
-13,-8,NV73lQhmO9oA+p3xcI3yW63krng=,4pcngShzOem7ZkiYPuDdDb4GefU=
-1,-8,NV73lQhmO9oA+p3xcI3yW63krng=,KNwCA95CVBp6B66yCaJrNNShl+8=
-1,-7,NV73lQhmO9oA+p3xcI3yW63krng=,KNwCA95CVBp6B66yCaJrNNShl+8=
-2,-4,NV73lQhmO9oA+p3xcI3yW63krng=,KNwCA95CVBp6B66yCaJrNNShl+8=
-4,-10,NV73lQhmO9oA+p3xcI3yW63krng=,RJf/tLV3yXs3fnfH57aSPkvzRBM=
-15,-14,NV73lQhmO9oA+p3xcI3yW63krng=,yBngKiANKPo4w4/JB2AJEwaLmOg=
-15,-5,NV73lQhmO9oA+p3xcI3yW63krng=,4pcngShzOem7ZkiYPuDdDb4GefU=
-14,-15,NV73lQhmO9oA+p3xcI3yW63krng=,yBngKiANKPo4w4/JB2AJEwaLmOg=
-13,-5,NV73lQhmO9oA+p3xcI3yW63krng=,4pcngShzOem7ZkiYPuDdDb4GefU=
-13,-15,NV73lQhmO9oA+p3xcI3yW63krng=,yBngKiANKPo4w4/JB2AJEwaLmOg=
-3,-10,NV73lQhmO9oA+p3xcI3yW63krng=,RJf/tLV3yXs3fnfH57aSPkvzRBM=
-14,-5,NV73lQhmO9oA+p3xcI3yW63krng=,4pcngShzOem7ZkiYPuDdDb4GefU=
-4,-9,NV73lQhmO9oA+p3xcI3yW63krng=,RJf/tLV3yXs3fnfH57aSPkvzRBM=
-16,-15,NV73lQhmO9oA+p3xcI3yW63krng=,yBngKiANKPo4w4/JB2AJEwaLmOg=
-1,-3,NV73lQhmO9oA+p3xcI3yW63krng=,KNwCA95CVBp6B66yCaJrNNShl+8=
-13,-13,NV73lQhmO9oA+p3xcI3yW63krng=,yBngKiANKPo4w4/JB2AJEwaLmOg=
-15,-13,NV73lQhmO9oA+p3xcI3yW63krng=,yBngKiANKPo4w4/JB2AJEwaLmOg=
-15,-15,NV73lQhmO9oA+p3xcI3yW63krng=,yBngKiANKPo4w4/JB2AJEwaLmOg=
-2,-10,NV73lQhmO9oA+p3xcI3yW63krng=,RJf/tLV3yXs3fnfH57aSPkvzRBM=
-3,-9,NV73lQhmO9oA+p3xcI3yW63krng=,RJf/tLV3yXs3fnfH57aSPkvzRBM=
-13,-16,NV73lQhmO9oA+p3xcI3yW63krng=,yBngKiANKPo4w4/JB2AJEwaLmOg=
-14,-16,NV73lQhmO9oA+p3xcI3yW63krng=,yBngKiANKPo4w4/JB2AJEwaLmOg=
-14,-13,NV73lQhmO9oA+p3xcI3yW63krng=,yBngKiANKPo4w4/JB2AJEwaLmOg=
-15,-16,NV73lQhmO9oA+p3xcI3yW63krng=,yBngKiANKPo4w4/JB2AJEwaLmOg=
-16,-13,NV73lQhmO9oA+p3xcI3yW63krng=,yBngKiANKPo4w4/JB2AJEwaLmOg=
-16,-14,NV73lQhmO9oA+p3xcI3yW63krng=,yBngKiANKPo4w4/JB2AJEwaLmOg=
-10,-24,pr2YpLysGWaNvS8gXVeBjTaSTR0=,D26WPZHN7dS6fS69zyfvqGLzdoM=
-11,-24,pr2YpLysGWaNvS8gXVeBjTaSTR0=,D26WPZHN7dS6fS69zyfvqGLzdoM=
-12,-24,pr2YpLysGWaNvS8gXVeBjTaSTR0=,D26WPZHN7dS6fS69zyfvqGLzdoM=
-9,-21,pr2YpLysGWaNvS8gXVeBjTaSTR0=,D26WPZHN7dS6fS69zyfvqGLzdoM=
-9,-24,pr2YpLysGWaNvS8gXVeBjTaSTR0=,D26WPZHN7dS6fS69zyfvqGLzdoM=
-10,-21,pr2YpLysGWaNvS8gXVeBjTaSTR0=,D26WPZHN7dS6fS69zyfvqGLzdoM=
-9,-17,pr2YpLysGWaNvS8gXVeBjTaSTR0=,D26WPZHN7dS6fS69zyfvqGLzdoM=
-10,-17,pr2YpLysGWaNvS8gXVeBjTaSTR0=,D26WPZHN7dS6fS69zyfvqGLzdoM=
-9,-26,pr2YpLysGWaNvS8gXVeBjTaSTR0=,EpQ26YLQVFt1rZfPHVibLCQku8c=
-11,-21,pr2YpLysGWaNvS8gXVeBjTaSTR0=,D26WPZHN7dS6fS69zyfvqGLzdoM=
-9,-27,pr2YpLysGWaNvS8gXVeBjTaSTR0=,EpQ26YLQVFt1rZfPHVibLCQku8c=
-11,-30,pr2YpLysGWaNvS8gXVeBjTaSTR0=,EpQ26YLQVFt1rZfPHVibLCQku8c=
-12,-30,pr2YpLysGWaNvS8gXVeBjTaSTR0=,EpQ26YLQVFt1rZfPHVibLCQku8c=
-11,-17,pr2YpLysGWaNvS8gXVeBjTaSTR0=,D26WPZHN7dS6fS69zyfvqGLzdoM=
-9,-28,pr2YpLysGWaNvS8gXVeBjTaSTR0=,EpQ26YLQVFt1rZfPHVibLCQku8c=
-12,-17,pr2YpLysGWaNvS8gXVeBjTaSTR0=,D26WPZHN7dS6fS69zyfvqGLzdoM=
-9,-18,pr2YpLysGWaNvS8gXVeBjTaSTR0=,D26WPZHN7dS6fS69zyfvqGLzdoM=
-12,-21,pr2YpLysGWaNvS8gXVeBjTaSTR0=,D26WPZHN7dS6fS69zyfvqGLzdoM=
-16,-17,pr2YpLysGWaNvS8gXVeBjTaSTR0=,D26WPZHN7dS6fS69zyfvqGLzdoM=
-10,-18,pr2YpLysGWaNvS8gXVeBjTaSTR0=,D26WPZHN7dS6fS69zyfvqGLzdoM=
-10,-30,pr2YpLysGWaNvS8gXVeBjTaSTR0=,EpQ26YLQVFt1rZfPHVibLCQku8c=
-11,-18,pr2YpLysGWaNvS8gXVeBjTaSTR0=,D26WPZHN7dS6fS69zyfvqGLzdoM=
-1,-32,pr2YpLysGWaNvS8gXVeBjTaSTR0=,PZpcSNF+qL32txGQsXNQIVgswDk=
-12,-29,pr2YpLysGWaNvS8gXVeBjTaSTR0=,EpQ26YLQVFt1rZfPHVibLCQku8c=
-9,-31,pr2YpLysGWaNvS8gXVeBjTaSTR0=,EpQ26YLQVFt1rZfPHVibLCQku8c=
-12,-18,pr2YpLysGWaNvS8gXVeBjTaSTR0=,D26WPZHN7dS6fS69zyfvqGLzdoM=
-2,-29,pr2YpLysGWaNvS8gXVeBjTaSTR0=,PZpcSNF+qL32txGQsXNQIVgswDk=
-6,-21,pr2YpLysGWaNvS8gXVeBjTaSTR0=,x+wX78D5JcAazmPqN4cLbWtaXeM=
-5,-21,pr2YpLysGWaNvS8gXVeBjTaSTR0=,x+wX78D5JcAazmPqN4cLbWtaXeM=
-9,-22,pr2YpLysGWaNvS8gXVeBjTaSTR0=,D26WPZHN7dS6fS69zyfvqGLzdoM=
-1,-22,pr2YpLysGWaNvS8gXVeBjTaSTR0=,x+wX78D5JcAazmPqN4cLbWtaXeM=
-9,-19,pr2YpLysGWaNvS8gXVeBjTaSTR0=,D26WPZHN7dS6fS69zyfvqGLzdoM=
-9,-25,pr2YpLysGWaNvS8gXVeBjTaSTR0=,EpQ26YLQVFt1rZfPHVibLCQku8c=
-4,-21,pr2YpLysGWaNvS8gXVeBjTaSTR0=,x+wX78D5JcAazmPqN4cLbWtaXeM=
-16,-18,pr2YpLysGWaNvS8gXVeBjTaSTR0=,D26WPZHN7dS6fS69zyfvqGLzdoM=
-5,-28,pr2YpLysGWaNvS8gXVeBjTaSTR0=,PZpcSNF+qL32txGQsXNQIVgswDk=
-10,-19,pr2YpLysGWaNvS8gXVeBjTaSTR0=,D26WPZHN7dS6fS69zyfvqGLzdoM=
-12,-23,pr2YpLysGWaNvS8gXVeBjTaSTR0=,D26WPZHN7dS6fS69zyfvqGLzdoM=
-1,-23,pr2YpLysGWaNvS8gXVeBjTaSTR0=,x+wX78D5JcAazmPqN4cLbWtaXeM=
-9,-29,pr2YpLysGWaNvS8gXVeBjTaSTR0=,EpQ26YLQVFt1rZfPHVibLCQku8c=
-11,-23,pr2YpLysGWaNvS8gXVeBjTaSTR0=,D26WPZHN7dS6fS69zyfvqGLzdoM=
-6,-28,pr2YpLysGWaNvS8gXVeBjTaSTR0=,PZpcSNF+qL32txGQsXNQIVgswDk=
-16,-31,pr2YpLysGWaNvS8gXVeBjTaSTR0=,EpQ26YLQVFt1rZfPHVibLCQku8c=
-10,-22,pr2YpLysGWaNvS8gXVeBjTaSTR0=,D26WPZHN7dS6fS69zyfvqGLzdoM=
-12,-22,pr2YpLysGWaNvS8gXVeBjTaSTR0=,D26WPZHN7dS6fS69zyfvqGLzdoM=
-8,-28,pr2YpLysGWaNvS8gXVeBjTaSTR0=,PZpcSNF+qL32txGQsXNQIVgswDk=
-1,-25,pr2YpLysGWaNvS8gXVeBjTaSTR0=,PZpcSNF+qL32txGQsXNQIVgswDk=
-9,-23,pr2YpLysGWaNvS8gXVeBjTaSTR0=,D26WPZHN7dS6fS69zyfvqGLzdoM=
-11,-22,pr2YpLysGWaNvS8gXVeBjTaSTR0=,D26WPZHN7dS6fS69zyfvqGLzdoM=
-7,-17,pr2YpLysGWaNvS8gXVeBjTaSTR0=,x+wX78D5JcAazmPqN4cLbWtaXeM=
-10,-23,pr2YpLysGWaNvS8gXVeBjTaSTR0=,D26WPZHN7dS6fS69zyfvqGLzdoM=
-9,-32,pr2YpLysGWaNvS8gXVeBjTaSTR0=,EpQ26YLQVFt1rZfPHVibLCQku8c=
-1,-21,pr2YpLysGWaNvS8gXVeBjTaSTR0=,x+wX78D5JcAazmPqN4cLbWtaXeM=
-14,-20,pr2YpLysGWaNvS8gXVeBjTaSTR0=,D26WPZHN7dS6fS69zyfvqGLzdoM=
-7,-28,pr2YpLysGWaNvS8gXVeBjTaSTR0=,PZpcSNF+qL32txGQsXNQIVgswDk=
-6,-17,pr2YpLysGWaNvS8gXVeBjTaSTR0=,x+wX78D5JcAazmPqN4cLbWtaXeM=
-11,-19,pr2YpLysGWaNvS8gXVeBjTaSTR0=,D26WPZHN7dS6fS69zyfvqGLzdoM=
-15,-20,pr2YpLysGWaNvS8gXVeBjTaSTR0=,D26WPZHN7dS6fS69zyfvqGLzdoM=
-3,-21,pr2YpLysGWaNvS8gXVeBjTaSTR0=,x+wX78D5JcAazmPqN4cLbWtaXeM=
-16,-24,pr2YpLysGWaNvS8gXVeBjTaSTR0=,D26WPZHN7dS6fS69zyfvqGLzdoM=
-1,-24,pr2YpLysGWaNvS8gXVeBjTaSTR0=,x+wX78D5JcAazmPqN4cLbWtaXeM=
-11,-29,pr2YpLysGWaNvS8gXVeBjTaSTR0=,EpQ26YLQVFt1rZfPHVibLCQku8c=
-12,-20,pr2YpLysGWaNvS8gXVeBjTaSTR0=,D26WPZHN7dS6fS69zyfvqGLzdoM=
-9,-20,pr2YpLysGWaNvS8gXVeBjTaSTR0=,D26WPZHN7dS6fS69zyfvqGLzdoM=
-16,-30,pr2YpLysGWaNvS8gXVeBjTaSTR0=,EpQ26YLQVFt1rZfPHVibLCQku8c=
-12,-19,pr2YpLysGWaNvS8gXVeBjTaSTR0=,D26WPZHN7dS6fS69zyfvqGLzdoM=
-16,-19,pr2YpLysGWaNvS8gXVeBjTaSTR0=,D26WPZHN7dS6fS69zyfvqGLzdoM=
-10,-32,pr2YpLysGWaNvS8gXVeBjTaSTR0=,EpQ26YLQVFt1rZfPHVibLCQku8c=
-11,-20,pr2YpLysGWaNvS8gXVeBjTaSTR0=,D26WPZHN7dS6fS69zyfvqGLzdoM=
-16,-25,pr2YpLysGWaNvS8gXVeBjTaSTR0=,EpQ26YLQVFt1rZfPHVibLCQku8c=
-2,-18,pr2YpLysGWaNvS8gXVeBjTaSTR0=,x+wX78D5JcAazmPqN4cLbWtaXeM=
-5,-17,pr2YpLysGWaNvS8gXVeBjTaSTR0=,x+wX78D5JcAazmPqN4cLbWtaXeM=
-16,-26,pr2YpLysGWaNvS8gXVeBjTaSTR0=,EpQ26YLQVFt1rZfPHVibLCQku8c=
-15,-29,pr2YpLysGWaNvS8gXVeBjTaSTR0=,EpQ26YLQVFt1rZfPHVibLCQku8c=
-4,-17,pr2YpLysGWaNvS8gXVeBjTaSTR0=,x+wX78D5JcAazmPqN4cLbWtaXeM=
-3,-17,pr2YpLysGWaNvS8gXVeBjTaSTR0=,x+wX78D5JcAazmPqN4cLbWtaXeM=
-10,-29,pr2YpLysGWaNvS8gXVeBjTaSTR0=,EpQ26YLQVFt1rZfPHVibLCQku8c=
-10,-20,pr2YpLysGWaNvS8gXVeBjTaSTR0=,D26WPZHN7dS6fS69zyfvqGLzdoM=
-4,-28,pr2YpLysGWaNvS8gXVeBjTaSTR0=,PZpcSNF+qL32txGQsXNQIVgswDk=
-12,-28,pr2YpLysGWaNvS8gXVeBjTaSTR0=,EpQ26YLQVFt1rZfPHVibLCQku8c=
-2,-21,pr2YpLysGWaNvS8gXVeBjTaSTR0=,x+wX78D5JcAazmPqN4cLbWtaXeM=
-3,-28,pr2YpLysGWaNvS8gXVeBjTaSTR0=,PZpcSNF+qL32txGQsXNQIVgswDk=
-13,-29,pr2YpLysGWaNvS8gXVeBjTaSTR0=,EpQ26YLQVFt1rZfPHVibLCQku8c=
-13,-20,pr2YpLysGWaNvS8gXVeBjTaSTR0=,D26WPZHN7dS6fS69zyfvqGLzdoM=
-12,-27,pr2YpLysGWaNvS8gXVeBjTaSTR0=,EpQ26YLQVFt1rZfPHVibLCQku8c=
-14,-29,pr2YpLysGWaNvS8gXVeBjTaSTR0=,EpQ26YLQVFt1rZfPHVibLCQku8c=
-10,-28,pr2YpLysGWaNvS8gXVeBjTaSTR0=,EpQ26YLQVFt1rZfPHVibLCQku8c=
-11,-32,pr2YpLysGWaNvS8gXVeBjTaSTR0=,EpQ26YLQVFt1rZfPHVibLCQku8c=
-1,-17,pr2YpLysGWaNvS8gXVeBjTaSTR0=,x+wX78D5JcAazmPqN4cLbWtaXeM=
-2,-28,pr2YpLysGWaNvS8gXVeBjTaSTR0=,PZpcSNF+qL32txGQsXNQIVgswDk=
-7,-22,pr2YpLysGWaNvS8gXVeBjTaSTR0=,x+wX78D5JcAazmPqN4cLbWtaXeM=
-11,-28,pr2YpLysGWaNvS8gXVeBjTaSTR0=,EpQ26YLQVFt1rZfPHVibLCQku8c=
-6,-22,pr2YpLysGWaNvS8gXVeBjTaSTR0=,x+wX78D5JcAazmPqN4cLbWtaXeM=
-1,-19,pr2YpLysGWaNvS8gXVeBjTaSTR0=,x+wX78D5JcAazmPqN4cLbWtaXeM=
-11,-27,pr2YpLysGWaNvS8gXVeBjTaSTR0=,EpQ26YLQVFt1rZfPHVibLCQku8c=
-15,-28,pr2YpLysGWaNvS8gXVeBjTaSTR0=,EpQ26YLQVFt1rZfPHVibLCQku8c=
-1,-20,pr2YpLysGWaNvS8gXVeBjTaSTR0=,x+wX78D5JcAazmPqN4cLbWtaXeM=
-4,-20,pr2YpLysGWaNvS8gXVeBjTaSTR0=,x+wX78D5JcAazmPqN4cLbWtaXeM=
-5,-22,pr2YpLysGWaNvS8gXVeBjTaSTR0=,x+wX78D5JcAazmPqN4cLbWtaXeM=
-16,-27,pr2YpLysGWaNvS8gXVeBjTaSTR0=,EpQ26YLQVFt1rZfPHVibLCQku8c=
-7,-23,pr2YpLysGWaNvS8gXVeBjTaSTR0=,x+wX78D5JcAazmPqN4cLbWtaXeM=
-10,-27,pr2YpLysGWaNvS8gXVeBjTaSTR0=,EpQ26YLQVFt1rZfPHVibLCQku8c=
-4,-22,pr2YpLysGWaNvS8gXVeBjTaSTR0=,x+wX78D5JcAazmPqN4cLbWtaXeM=
-1,-18,pr2YpLysGWaNvS8gXVeBjTaSTR0=,x+wX78D5JcAazmPqN4cLbWtaXeM=
-6,-23,pr2YpLysGWaNvS8gXVeBjTaSTR0=,x+wX78D5JcAazmPqN4cLbWtaXeM=
-16,-20,pr2YpLysGWaNvS8gXVeBjTaSTR0=,D26WPZHN7dS6fS69zyfvqGLzdoM=
-10,-26,pr2YpLysGWaNvS8gXVeBjTaSTR0=,EpQ26YLQVFt1rZfPHVibLCQku8c=
-12,-26,pr2YpLysGWaNvS8gXVeBjTaSTR0=,EpQ26YLQVFt1rZfPHVibLCQku8c=
-2,-17,pr2YpLysGWaNvS8gXVeBjTaSTR0=,x+wX78D5JcAazmPqN4cLbWtaXeM=
-5,-23,pr2YpLysGWaNvS8gXVeBjTaSTR0=,x+wX78D5JcAazmPqN4cLbWtaXeM=
-3,-22,pr2YpLysGWaNvS8gXVeBjTaSTR0=,x+wX78D5JcAazmPqN4cLbWtaXeM=
-8,-27,pr2YpLysGWaNvS8gXVeBjTaSTR0=,PZpcSNF+qL32txGQsXNQIVgswDk=
-11,-31,pr2YpLysGWaNvS8gXVeBjTaSTR0=,EpQ26YLQVFt1rZfPHVibLCQku8c=
-12,-31,pr2YpLysGWaNvS8gXVeBjTaSTR0=,EpQ26YLQVFt1rZfPHVibLCQku8c=
-8,-17,pr2YpLysGWaNvS8gXVeBjTaSTR0=,x+wX78D5JcAazmPqN4cLbWtaXeM=
-10,-31,pr2YpLysGWaNvS8gXVeBjTaSTR0=,EpQ26YLQVFt1rZfPHVibLCQku8c=
-12,-25,pr2YpLysGWaNvS8gXVeBjTaSTR0=,EpQ26YLQVFt1rZfPHVibLCQku8c=
-15,-19,pr2YpLysGWaNvS8gXVeBjTaSTR0=,D26WPZHN7dS6fS69zyfvqGLzdoM=
-12,-32,pr2YpLysGWaNvS8gXVeBjTaSTR0=,EpQ26YLQVFt1rZfPHVibLCQku8c=
-11,-26,pr2YpLysGWaNvS8gXVeBjTaSTR0=,EpQ26YLQVFt1rZfPHVibLCQku8c=
-8,-18,pr2YpLysGWaNvS8gXVeBjTaSTR0=,x+wX78D5JcAazmPqN4cLbWtaXeM=
-4,-23,pr2YpLysGWaNvS8gXVeBjTaSTR0=,x+wX78D5JcAazmPqN4cLbWtaXeM=
-13,-17,pr2YpLysGWaNvS8gXVeBjTaSTR0=,D26WPZHN7dS6fS69zyfvqGLzdoM=
-16,-32,pr2YpLysGWaNvS8gXVeBjTaSTR0=,EpQ26YLQVFt1rZfPHVibLCQku8c=
-3,-23,pr2YpLysGWaNvS8gXVeBjTaSTR0=,x+wX78D5JcAazmPqN4cLbWtaXeM=
-7,-27,pr2YpLysGWaNvS8gXVeBjTaSTR0=,PZpcSNF+qL32txGQsXNQIVgswDk=
-10,-25,pr2YpLysGWaNvS8gXVeBjTaSTR0=,EpQ26YLQVFt1rZfPHVibLCQku8c=
-14,-28,pr2YpLysGWaNvS8gXVeBjTaSTR0=,EpQ26YLQVFt1rZfPHVibLCQku8c=
-8,-19,pr2YpLysGWaNvS8gXVeBjTaSTR0=,x+wX78D5JcAazmPqN4cLbWtaXeM=
-7,-21,pr2YpLysGWaNvS8gXVeBjTaSTR0=,x+wX78D5JcAazmPqN4cLbWtaXeM=
-13,-28,pr2YpLysGWaNvS8gXVeBjTaSTR0=,EpQ26YLQVFt1rZfPHVibLCQku8c=
-14,-19,pr2YpLysGWaNvS8gXVeBjTaSTR0=,D26WPZHN7dS6fS69zyfvqGLzdoM=
-14,-17,pr2YpLysGWaNvS8gXVeBjTaSTR0=,D26WPZHN7dS6fS69zyfvqGLzdoM=
-8,-20,pr2YpLysGWaNvS8gXVeBjTaSTR0=,x+wX78D5JcAazmPqN4cLbWtaXeM=
-3,-20,pr2YpLysGWaNvS8gXVeBjTaSTR0=,x+wX78D5JcAazmPqN4cLbWtaXeM=
-2,-20,pr2YpLysGWaNvS8gXVeBjTaSTR0=,x+wX78D5JcAazmPqN4cLbWtaXeM=
-7,-20,pr2YpLysGWaNvS8gXVeBjTaSTR0=,x+wX78D5JcAazmPqN4cLbWtaXeM=
-15,-27,pr2YpLysGWaNvS8gXVeBjTaSTR0=,EpQ26YLQVFt1rZfPHVibLCQku8c=
-2,-19,pr2YpLysGWaNvS8gXVeBjTaSTR0=,x+wX78D5JcAazmPqN4cLbWtaXeM=
-3,-19,pr2YpLysGWaNvS8gXVeBjTaSTR0=,x+wX78D5JcAazmPqN4cLbWtaXeM=
-6,-20,pr2YpLysGWaNvS8gXVeBjTaSTR0=,x+wX78D5JcAazmPqN4cLbWtaXeM=
-15,-17,pr2YpLysGWaNvS8gXVeBjTaSTR0=,D26WPZHN7dS6fS69zyfvqGLzdoM=
-14,-18,pr2YpLysGWaNvS8gXVeBjTaSTR0=,D26WPZHN7dS6fS69zyfvqGLzdoM=
-9,-30,pr2YpLysGWaNvS8gXVeBjTaSTR0=,EpQ26YLQVFt1rZfPHVibLCQku8c=
-5,-19,pr2YpLysGWaNvS8gXVeBjTaSTR0=,x+wX78D5JcAazmPqN4cLbWtaXeM=
-6,-27,pr2YpLysGWaNvS8gXVeBjTaSTR0=,PZpcSNF+qL32txGQsXNQIVgswDk=
-7,-19,pr2YpLysGWaNvS8gXVeBjTaSTR0=,x+wX78D5JcAazmPqN4cLbWtaXeM=
-15,-18,pr2YpLysGWaNvS8gXVeBjTaSTR0=,D26WPZHN7dS6fS69zyfvqGLzdoM=
-11,-25,pr2YpLysGWaNvS8gXVeBjTaSTR0=,EpQ26YLQVFt1rZfPHVibLCQku8c=
-13,-19,pr2YpLysGWaNvS8gXVeBjTaSTR0=,D26WPZHN7dS6fS69zyfvqGLzdoM=
-13,-18,pr2YpLysGWaNvS8gXVeBjTaSTR0=,D26WPZHN7dS6fS69zyfvqGLzdoM=
-6,-19,pr2YpLysGWaNvS8gXVeBjTaSTR0=,x+wX78D5JcAazmPqN4cLbWtaXeM=
-5,-20,pr2YpLysGWaNvS8gXVeBjTaSTR0=,x+wX78D5JcAazmPqN4cLbWtaXeM=
-7,-18,pr2YpLysGWaNvS8gXVeBjTaSTR0=,x+wX78D5JcAazmPqN4cLbWtaXeM=
-6,-18,pr2YpLysGWaNvS8gXVeBjTaSTR0=,x+wX78D5JcAazmPqN4cLbWtaXeM=
-2,-23,pr2YpLysGWaNvS8gXVeBjTaSTR0=,x+wX78D5JcAazmPqN4cLbWtaXeM=
-16,-28,pr2YpLysGWaNvS8gXVeBjTaSTR0=,EpQ26YLQVFt1rZfPHVibLCQku8c=
-4,-18,pr2YpLysGWaNvS8gXVeBjTaSTR0=,x+wX78D5JcAazmPqN4cLbWtaXeM=
-3,-18,pr2YpLysGWaNvS8gXVeBjTaSTR0=,x+wX78D5JcAazmPqN4cLbWtaXeM=
-4,-19,pr2YpLysGWaNvS8gXVeBjTaSTR0=,x+wX78D5JcAazmPqN4cLbWtaXeM=
-2,-22,pr2YpLysGWaNvS8gXVeBjTaSTR0=,x+wX78D5JcAazmPqN4cLbWtaXeM=
-8,-22,pr2YpLysGWaNvS8gXVeBjTaSTR0=,x+wX78D5JcAazmPqN4cLbWtaXeM=
-8,-23,pr2YpLysGWaNvS8gXVeBjTaSTR0=,x+wX78D5JcAazmPqN4cLbWtaXeM=
-8,-21,pr2YpLysGWaNvS8gXVeBjTaSTR0=,x+wX78D5JcAazmPqN4cLbWtaXeM=
-14,-27,pr2YpLysGWaNvS8gXVeBjTaSTR0=,EpQ26YLQVFt1rZfPHVibLCQku8c=
-13,-26,pr2YpLysGWaNvS8gXVeBjTaSTR0=,EpQ26YLQVFt1rZfPHVibLCQku8c=
-14,-26,pr2YpLysGWaNvS8gXVeBjTaSTR0=,EpQ26YLQVFt1rZfPHVibLCQku8c=
-5,-27,pr2YpLysGWaNvS8gXVeBjTaSTR0=,PZpcSNF+qL32txGQsXNQIVgswDk=
-5,-18,pr2YpLysGWaNvS8gXVeBjTaSTR0=,x+wX78D5JcAazmPqN4cLbWtaXeM=
-7,-31,EZ5w/LrbRd/XxwzMYA3iHutsdmc=,PZpcSNF+qL32txGQsXNQIVgswDk=
-6,-31,EZ5w/LrbRd/XxwzMYA3iHutsdmc=,PZpcSNF+qL32txGQsXNQIVgswDk=
-15,-26,EZ5w/LrbRd/XxwzMYA3iHutsdmc=,EpQ26YLQVFt1rZfPHVibLCQku8c=
-4,-30,EZ5w/LrbRd/XxwzMYA3iHutsdmc=,PZpcSNF+qL32txGQsXNQIVgswDk=
-4,-27,EZ5w/LrbRd/XxwzMYA3iHutsdmc=,PZpcSNF+qL32txGQsXNQIVgswDk=
-3,-30,EZ5w/LrbRd/XxwzMYA3iHutsdmc=,PZpcSNF+qL32txGQsXNQIVgswDk=
-8,-31,EZ5w/LrbRd/XxwzMYA3iHutsdmc=,PZpcSNF+qL32txGQsXNQIVgswDk=
-13,-27,EZ5w/LrbRd/XxwzMYA3iHutsdmc=,EpQ26YLQVFt1rZfPHVibLCQku8c=
-7,-30,EZ5w/LrbRd/XxwzMYA3iHutsdmc=,PZpcSNF+qL32txGQsXNQIVgswDk=
-8,-30,EZ5w/LrbRd/XxwzMYA3iHutsdmc=,PZpcSNF+qL32txGQsXNQIVgswDk=
-2,-30,EZ5w/LrbRd/XxwzMYA3iHutsdmc=,PZpcSNF+qL32txGQsXNQIVgswDk=
-5,-30,EZ5w/LrbRd/XxwzMYA3iHutsdmc=,PZpcSNF+qL32txGQsXNQIVgswDk=
-3,-27,EZ5w/LrbRd/XxwzMYA3iHutsdmc=,PZpcSNF+qL32txGQsXNQIVgswDk=
-2,-24,EZ5w/LrbRd/XxwzMYA3iHutsdmc=,x+wX78D5JcAazmPqN4cLbWtaXeM=
-8,-29,EZ5w/LrbRd/XxwzMYA3iHutsdmc=,PZpcSNF+qL32txGQsXNQIVgswDk=
-6,-30,EZ5w/LrbRd/XxwzMYA3iHutsdmc=,PZpcSNF+qL32txGQsXNQIVgswDk=
-4,-29,EZ5w/LrbRd/XxwzMYA3iHutsdmc=,PZpcSNF+qL32txGQsXNQIVgswDk=
-3,-29,EZ5w/LrbRd/XxwzMYA3iHutsdmc=,PZpcSNF+qL32txGQsXNQIVgswDk=
-15,-31,EZ5w/LrbRd/XxwzMYA3iHutsdmc=,EpQ26YLQVFt1rZfPHVibLCQku8c=
-13,-31,EZ5w/LrbRd/XxwzMYA3iHutsdmc=,EpQ26YLQVFt1rZfPHVibLCQku8c=
-1,-28,EZ5w/LrbRd/XxwzMYA3iHutsdmc=,PZpcSNF+qL32txGQsXNQIVgswDk=
-1,-29,EZ5w/LrbRd/XxwzMYA3iHutsdmc=,PZpcSNF+qL32txGQsXNQIVgswDk=
-16,-29,EZ5w/LrbRd/XxwzMYA3iHutsdmc=,EpQ26YLQVFt1rZfPHVibLCQku8c=
-1,-26,EZ5w/LrbRd/XxwzMYA3iHutsdmc=,PZpcSNF+qL32txGQsXNQIVgswDk=
-1,-27,EZ5w/LrbRd/XxwzMYA3iHutsdmc=,PZpcSNF+qL32txGQsXNQIVgswDk=
-8,-26,EZ5w/LrbRd/XxwzMYA3iHutsdmc=,PZpcSNF+qL32txGQsXNQIVgswDk=
-5,-24,EZ5w/LrbRd/XxwzMYA3iHutsdmc=,x+wX78D5JcAazmPqN4cLbWtaXeM=
-1,-31,EZ5w/LrbRd/XxwzMYA3iHutsdmc=,PZpcSNF+qL32txGQsXNQIVgswDk=
-2,-31,EZ5w/LrbRd/XxwzMYA3iHutsdmc=,PZpcSNF+qL32txGQsXNQIVgswDk=
-6,-29,EZ5w/LrbRd/XxwzMYA3iHutsdmc=,PZpcSNF+qL32txGQsXNQIVgswDk=
-6,-24,EZ5w/LrbRd/XxwzMYA3iHutsdmc=,x+wX78D5JcAazmPqN4cLbWtaXeM=
-3,-24,EZ5w/LrbRd/XxwzMYA3iHutsdmc=,x+wX78D5JcAazmPqN4cLbWtaXeM=
-14,-31,EZ5w/LrbRd/XxwzMYA3iHutsdmc=,EpQ26YLQVFt1rZfPHVibLCQku8c=
-4,-31,EZ5w/LrbRd/XxwzMYA3iHutsdmc=,PZpcSNF+qL32txGQsXNQIVgswDk=
-3,-31,EZ5w/LrbRd/XxwzMYA3iHutsdmc=,PZpcSNF+qL32txGQsXNQIVgswDk=
-5,-29,EZ5w/LrbRd/XxwzMYA3iHutsdmc=,PZpcSNF+qL32txGQsXNQIVgswDk=
-2,-27,EZ5w/LrbRd/XxwzMYA3iHutsdmc=,PZpcSNF+qL32txGQsXNQIVgswDk=
-7,-29,EZ5w/LrbRd/XxwzMYA3iHutsdmc=,PZpcSNF+qL32txGQsXNQIVgswDk=
-13,-30,EZ5w/LrbRd/XxwzMYA3iHutsdmc=,EpQ26YLQVFt1rZfPHVibLCQku8c=
-1,-30,EZ5w/LrbRd/XxwzMYA3iHutsdmc=,PZpcSNF+qL32txGQsXNQIVgswDk=
-7,-32,EZ5w/LrbRd/XxwzMYA3iHutsdmc=,PZpcSNF+qL32txGQsXNQIVgswDk=
-7,-26,EZ5w/LrbRd/XxwzMYA3iHutsdmc=,PZpcSNF+qL32txGQsXNQIVgswDk=
-15,-30,EZ5w/LrbRd/XxwzMYA3iHutsdmc=,EpQ26YLQVFt1rZfPHVibLCQku8c=
-2,-25,EZ5w/LrbRd/XxwzMYA3iHutsdmc=,PZpcSNF+qL32txGQsXNQIVgswDk=
-4,-25,EZ5w/LrbRd/XxwzMYA3iHutsdmc=,PZpcSNF+qL32txGQsXNQIVgswDk=
-7,-24,EZ5w/LrbRd/XxwzMYA3iHutsdmc=,x+wX78D5JcAazmPqN4cLbWtaXeM=
-5,-31,EZ5w/LrbRd/XxwzMYA3iHutsdmc=,PZpcSNF+qL32txGQsXNQIVgswDk=
-2,-32,EZ5w/LrbRd/XxwzMYA3iHutsdmc=,PZpcSNF+qL32txGQsXNQIVgswDk=
-4,-24,EZ5w/LrbRd/XxwzMYA3iHutsdmc=,x+wX78D5JcAazmPqN4cLbWtaXeM=
-13,-32,EZ5w/LrbRd/XxwzMYA3iHutsdmc=,EpQ26YLQVFt1rZfPHVibLCQku8c=
-2,-26,EZ5w/LrbRd/XxwzMYA3iHutsdmc=,PZpcSNF+qL32txGQsXNQIVgswDk=
-6,-25,EZ5w/LrbRd/XxwzMYA3iHutsdmc=,PZpcSNF+qL32txGQsXNQIVgswDk=
-4,-32,EZ5w/LrbRd/XxwzMYA3iHutsdmc=,PZpcSNF+qL32txGQsXNQIVgswDk=
-5,-25,EZ5w/LrbRd/XxwzMYA3iHutsdmc=,PZpcSNF+qL32txGQsXNQIVgswDk=
-3,-26,EZ5w/LrbRd/XxwzMYA3iHutsdmc=,PZpcSNF+qL32txGQsXNQIVgswDk=
-15,-23,EZ5w/LrbRd/XxwzMYA3iHutsdmc=,D26WPZHN7dS6fS69zyfvqGLzdoM=
-6,-32,EZ5w/LrbRd/XxwzMYA3iHutsdmc=,PZpcSNF+qL32txGQsXNQIVgswDk=
-14,-30,EZ5w/LrbRd/XxwzMYA3iHutsdmc=,EpQ26YLQVFt1rZfPHVibLCQku8c=
-3,-25,EZ5w/LrbRd/XxwzMYA3iHutsdmc=,PZpcSNF+qL32txGQsXNQIVgswDk=
-5,-26,EZ5w/LrbRd/XxwzMYA3iHutsdmc=,PZpcSNF+qL32txGQsXNQIVgswDk=
-3,-32,EZ5w/LrbRd/XxwzMYA3iHutsdmc=,PZpcSNF+qL32txGQsXNQIVgswDk=
-4,-26,EZ5w/LrbRd/XxwzMYA3iHutsdmc=,PZpcSNF+qL32txGQsXNQIVgswDk=
-8,-32,EZ5w/LrbRd/XxwzMYA3iHutsdmc=,PZpcSNF+qL32txGQsXNQIVgswDk=
-8,-24,EZ5w/LrbRd/XxwzMYA3iHutsdmc=,x+wX78D5JcAazmPqN4cLbWtaXeM=
-7,-25,EZ5w/LrbRd/XxwzMYA3iHutsdmc=,PZpcSNF+qL32txGQsXNQIVgswDk=
-6,-26,EZ5w/LrbRd/XxwzMYA3iHutsdmc=,PZpcSNF+qL32txGQsXNQIVgswDk=
-8,-25,EZ5w/LrbRd/XxwzMYA3iHutsdmc=,PZpcSNF+qL32txGQsXNQIVgswDk=
-5,-32,EZ5w/LrbRd/XxwzMYA3iHutsdmc=,PZpcSNF+qL32txGQsXNQIVgswDk=
-13,-22,EZ5w/LrbRd/XxwzMYA3iHutsdmc=,D26WPZHN7dS6fS69zyfvqGLzdoM=
-15,-22,EZ5w/LrbRd/XxwzMYA3iHutsdmc=,D26WPZHN7dS6fS69zyfvqGLzdoM=
-14,-25,EZ5w/LrbRd/XxwzMYA3iHutsdmc=,EpQ26YLQVFt1rZfPHVibLCQku8c=
-14,-32,EZ5w/LrbRd/XxwzMYA3iHutsdmc=,EpQ26YLQVFt1rZfPHVibLCQku8c=
-15,-21,EZ5w/LrbRd/XxwzMYA3iHutsdmc=,D26WPZHN7dS6fS69zyfvqGLzdoM=
-14,-22,EZ5w/LrbRd/XxwzMYA3iHutsdmc=,D26WPZHN7dS6fS69zyfvqGLzdoM=
-15,-25,EZ5w/LrbRd/XxwzMYA3iHutsdmc=,EpQ26YLQVFt1rZfPHVibLCQku8c=
-13,-25,EZ5w/LrbRd/XxwzMYA3iHutsdmc=,EpQ26YLQVFt1rZfPHVibLCQku8c=
-13,-23,EZ5w/LrbRd/XxwzMYA3iHutsdmc=,D26WPZHN7dS6fS69zyfvqGLzdoM=
-14,-23,EZ5w/LrbRd/XxwzMYA3iHutsdmc=,D26WPZHN7dS6fS69zyfvqGLzdoM=
-14,-21,EZ5w/LrbRd/XxwzMYA3iHutsdmc=,D26WPZHN7dS6fS69zyfvqGLzdoM=
-14,-24,EZ5w/LrbRd/XxwzMYA3iHutsdmc=,D26WPZHN7dS6fS69zyfvqGLzdoM=
-13,-21,EZ5w/LrbRd/XxwzMYA3iHutsdmc=,D26WPZHN7dS6fS69zyfvqGLzdoM=
-13,-24,EZ5w/LrbRd/XxwzMYA3iHutsdmc=,D26WPZHN7dS6fS69zyfvqGLzdoM=
-16,-23,EZ5w/LrbRd/XxwzMYA3iHutsdmc=,D26WPZHN7dS6fS69zyfvqGLzdoM=
-15,-32,EZ5w/LrbRd/XxwzMYA3iHutsdmc=,EpQ26YLQVFt1rZfPHVibLCQku8c=
-16,-21,EZ5w/LrbRd/XxwzMYA3iHutsdmc=,D26WPZHN7dS6fS69zyfvqGLzdoM=
-15,-24,EZ5w/LrbRd/XxwzMYA3iHutsdmc=,D26WPZHN7dS6fS69zyfvqGLzdoM=
-16,-22,EZ5w/LrbRd/XxwzMYA3iHutsdmc=,D26WPZHN7dS6fS69zyfvqGLzdoM=
-28,-30,m01TgK3tHsD9Tg6CbgYW7IOi2pE=,s74gQ7mnGIWdvIuNlHPekvOzIGo=
-31,-29,m01TgK3tHsD9Tg6CbgYW7IOi2pE=,s74gQ7mnGIWdvIuNlHPekvOzIGo=
-30,-29,m01TgK3tHsD9Tg6CbgYW7IOi2pE=,s74gQ7mnGIWdvIuNlHPekvOzIGo=
-29,-29,m01TgK3tHsD9Tg6CbgYW7IOi2pE=,s74gQ7mnGIWdvIuNlHPekvOzIGo=
-31,-28,m01TgK3tHsD9Tg6CbgYW7IOi2pE=,s74gQ7mnGIWdvIuNlHPekvOzIGo=
-30,-28,m01TgK3tHsD9Tg6CbgYW7IOi2pE=,s74gQ7mnGIWdvIuNlHPekvOzIGo=
-29,-28,m01TgK3tHsD9Tg6CbgYW7IOi2pE=,s74gQ7mnGIWdvIuNlHPekvOzIGo=
-31,-27,m01TgK3tHsD9Tg6CbgYW7IOi2pE=,s74gQ7mnGIWdvIuNlHPekvOzIGo=
-30,-27,m01TgK3tHsD9Tg6CbgYW7IOi2pE=,s74gQ7mnGIWdvIuNlHPekvOzIGo=
-31,-26,m01TgK3tHsD9Tg6CbgYW7IOi2pE=,s74gQ7mnGIWdvIuNlHPekvOzIGo=
-30,-26,m01TgK3tHsD9Tg6CbgYW7IOi2pE=,s74gQ7mnGIWdvIuNlHPekvOzIGo=
-31,-31,m01TgK3tHsD9Tg6CbgYW7IOi2pE=,s74gQ7mnGIWdvIuNlHPekvOzIGo=
-30,-31,m01TgK3tHsD9Tg6CbgYW7IOi2pE=,s74gQ7mnGIWdvIuNlHPekvOzIGo=
-29,-31,m01TgK3tHsD9Tg6CbgYW7IOi2pE=,s74gQ7mnGIWdvIuNlHPekvOzIGo=
-28,-31,m01TgK3tHsD9Tg6CbgYW7IOi2pE=,s74gQ7mnGIWdvIuNlHPekvOzIGo=
-27,-31,m01TgK3tHsD9Tg6CbgYW7IOi2pE=,s74gQ7mnGIWdvIuNlHPekvOzIGo=
-31,-30,m01TgK3tHsD9Tg6CbgYW7IOi2pE=,s74gQ7mnGIWdvIuNlHPekvOzIGo=
-30,-30,m01TgK3tHsD9Tg6CbgYW7IOi2pE=,s74gQ7mnGIWdvIuNlHPekvOzIGo=
-29,-30,m01TgK3tHsD9Tg6CbgYW7IOi2pE=,s74gQ7mnGIWdvIuNlHPekvOzIGo=
-31,-23,m01TgK3tHsD9Tg6CbgYW7IOi2pE=,tsGbmQKKqOU8EgjNbYCefJjiBUE=
-30,-23,m01TgK3tHsD9Tg6CbgYW7IOi2pE=,tsGbmQKKqOU8EgjNbYCefJjiBUE=
-31,-22,m01TgK3tHsD9Tg6CbgYW7IOi2pE=,tsGbmQKKqOU8EgjNbYCefJjiBUE=
-30,-22,m01TgK3tHsD9Tg6CbgYW7IOi2pE=,tsGbmQKKqOU8EgjNbYCefJjiBUE=
-31,-21,m01TgK3tHsD9Tg6CbgYW7IOi2pE=,tsGbmQKKqOU8EgjNbYCefJjiBUE=
-30,-21,m01TgK3tHsD9Tg6CbgYW7IOi2pE=,tsGbmQKKqOU8EgjNbYCefJjiBUE=
-31,-25,m01TgK3tHsD9Tg6CbgYW7IOi2pE=,s74gQ7mnGIWdvIuNlHPekvOzIGo=
-30,-25,m01TgK3tHsD9Tg6CbgYW7IOi2pE=,s74gQ7mnGIWdvIuNlHPekvOzIGo=
-31,-20,m01TgK3tHsD9Tg6CbgYW7IOi2pE=,tsGbmQKKqOU8EgjNbYCefJjiBUE=
-30,-20,m01TgK3tHsD9Tg6CbgYW7IOi2pE=,tsGbmQKKqOU8EgjNbYCefJjiBUE=
-31,-24,m01TgK3tHsD9Tg6CbgYW7IOi2pE=,tsGbmQKKqOU8EgjNbYCefJjiBUE=
-30,-24,m01TgK3tHsD9Tg6CbgYW7IOi2pE=,tsGbmQKKqOU8EgjNbYCefJjiBUE=
-31,-19,m01TgK3tHsD9Tg6CbgYW7IOi2pE=,tsGbmQKKqOU8EgjNbYCefJjiBUE=
-32,-23,m01TgK3tHsD9Tg6CbgYW7IOi2pE=,tsGbmQKKqOU8EgjNbYCefJjiBUE=
-32,-22,m01TgK3tHsD9Tg6CbgYW7IOi2pE=,tsGbmQKKqOU8EgjNbYCefJjiBUE=
-32,-21,m01TgK3tHsD9Tg6CbgYW7IOi2pE=,tsGbmQKKqOU8EgjNbYCefJjiBUE=
-32,-20,m01TgK3tHsD9Tg6CbgYW7IOi2pE=,tsGbmQKKqOU8EgjNbYCefJjiBUE=
-32,-19,m01TgK3tHsD9Tg6CbgYW7IOi2pE=,tsGbmQKKqOU8EgjNbYCefJjiBUE=
-32,-18,m01TgK3tHsD9Tg6CbgYW7IOi2pE=,tsGbmQKKqOU8EgjNbYCefJjiBUE=
-25,-26,m01TgK3tHsD9Tg6CbgYW7IOi2pE=,s74gQ7mnGIWdvIuNlHPekvOzIGo=
-23,-32,m01TgK3tHsD9Tg6CbgYW7IOi2pE=,pyxdMq/AVKBjZ3XadHCwlpUv/+Q=
-22,-32,m01TgK3tHsD9Tg6CbgYW7IOi2pE=,pyxdMq/AVKBjZ3XadHCwlpUv/+Q=
-21,-32,m01TgK3tHsD9Tg6CbgYW7IOi2pE=,pyxdMq/AVKBjZ3XadHCwlpUv/+Q=
-24,-32,m01TgK3tHsD9Tg6CbgYW7IOi2pE=,pyxdMq/AVKBjZ3XadHCwlpUv/+Q=
-25,-27,m01TgK3tHsD9Tg6CbgYW7IOi2pE=,s74gQ7mnGIWdvIuNlHPekvOzIGo=
-21,-31,m01TgK3tHsD9Tg6CbgYW7IOi2pE=,pyxdMq/AVKBjZ3XadHCwlpUv/+Q=
-25,-32,m01TgK3tHsD9Tg6CbgYW7IOi2pE=,s74gQ7mnGIWdvIuNlHPekvOzIGo=
-25,-28,m01TgK3tHsD9Tg6CbgYW7IOi2pE=,s74gQ7mnGIWdvIuNlHPekvOzIGo=
-28,-29,m01TgK3tHsD9Tg6CbgYW7IOi2pE=,s74gQ7mnGIWdvIuNlHPekvOzIGo=
-27,-30,m01TgK3tHsD9Tg6CbgYW7IOi2pE=,s74gQ7mnGIWdvIuNlHPekvOzIGo=
-25,-31,m01TgK3tHsD9Tg6CbgYW7IOi2pE=,s74gQ7mnGIWdvIuNlHPekvOzIGo=
-22,-31,m01TgK3tHsD9Tg6CbgYW7IOi2pE=,pyxdMq/AVKBjZ3XadHCwlpUv/+Q=
-20,-30,m01TgK3tHsD9Tg6CbgYW7IOi2pE=,pyxdMq/AVKBjZ3XadHCwlpUv/+Q=
-26,-30,m01TgK3tHsD9Tg6CbgYW7IOi2pE=,s74gQ7mnGIWdvIuNlHPekvOzIGo=
-27,-29,m01TgK3tHsD9Tg6CbgYW7IOi2pE=,s74gQ7mnGIWdvIuNlHPekvOzIGo=
-23,-31,m01TgK3tHsD9Tg6CbgYW7IOi2pE=,pyxdMq/AVKBjZ3XadHCwlpUv/+Q=
-26,-29,m01TgK3tHsD9Tg6CbgYW7IOi2pE=,s74gQ7mnGIWdvIuNlHPekvOzIGo=
-26,-25,m01TgK3tHsD9Tg6CbgYW7IOi2pE=,s74gQ7mnGIWdvIuNlHPekvOzIGo=
-21,-29,m01TgK3tHsD9Tg6CbgYW7IOi2pE=,pyxdMq/AVKBjZ3XadHCwlpUv/+Q=
-17,-31,m01TgK3tHsD9Tg6CbgYW7IOi2pE=,pyxdMq/AVKBjZ3XadHCwlpUv/+Q=
-17,-32,m01TgK3tHsD9Tg6CbgYW7IOi2pE=,pyxdMq/AVKBjZ3XadHCwlpUv/+Q=
-26,-32,m01TgK3tHsD9Tg6CbgYW7IOi2pE=,s74gQ7mnGIWdvIuNlHPekvOzIGo=
-26,-31,m01TgK3tHsD9Tg6CbgYW7IOi2pE=,s74gQ7mnGIWdvIuNlHPekvOzIGo=
-25,-29,m01TgK3tHsD9Tg6CbgYW7IOi2pE=,s74gQ7mnGIWdvIuNlHPekvOzIGo=
-32,-29,m01TgK3tHsD9Tg6CbgYW7IOi2pE=,s74gQ7mnGIWdvIuNlHPekvOzIGo=
-32,-28,m01TgK3tHsD9Tg6CbgYW7IOi2pE=,s74gQ7mnGIWdvIuNlHPekvOzIGo=
-32,-17,m01TgK3tHsD9Tg6CbgYW7IOi2pE=,tsGbmQKKqOU8EgjNbYCefJjiBUE=
-27,-32,m01TgK3tHsD9Tg6CbgYW7IOi2pE=,s74gQ7mnGIWdvIuNlHPekvOzIGo=
-28,-32,m01TgK3tHsD9Tg6CbgYW7IOi2pE=,s74gQ7mnGIWdvIuNlHPekvOzIGo=
-32,-30,m01TgK3tHsD9Tg6CbgYW7IOi2pE=,s74gQ7mnGIWdvIuNlHPekvOzIGo=
-32,-31,m01TgK3tHsD9Tg6CbgYW7IOi2pE=,s74gQ7mnGIWdvIuNlHPekvOzIGo=
-29,-32,m01TgK3tHsD9Tg6CbgYW7IOi2pE=,s74gQ7mnGIWdvIuNlHPekvOzIGo=
-30,-32,m01TgK3tHsD9Tg6CbgYW7IOi2pE=,s74gQ7mnGIWdvIuNlHPekvOzIGo=
-31,-32,m01TgK3tHsD9Tg6CbgYW7IOi2pE=,s74gQ7mnGIWdvIuNlHPekvOzIGo=
-32,-32,m01TgK3tHsD9Tg6CbgYW7IOi2pE=,s74gQ7mnGIWdvIuNlHPekvOzIGo=
-22,-29,m01TgK3tHsD9Tg6CbgYW7IOi2pE=,pyxdMq/AVKBjZ3XadHCwlpUv/+Q=
-29,-17,m01TgK3tHsD9Tg6CbgYW7IOi2pE=,tsGbmQKKqOU8EgjNbYCefJjiBUE=
-29,-20,m01TgK3tHsD9Tg6CbgYW7IOi2pE=,tsGbmQKKqOU8EgjNbYCefJjiBUE=
-27,-25,m01TgK3tHsD9Tg6CbgYW7IOi2pE=,s74gQ7mnGIWdvIuNlHPekvOzIGo=
-29,-24,m01TgK3tHsD9Tg6CbgYW7IOi2pE=,tsGbmQKKqOU8EgjNbYCefJjiBUE=
-19,-30,m01TgK3tHsD9Tg6CbgYW7IOi2pE=,pyxdMq/AVKBjZ3XadHCwlpUv/+Q=
-32,-27,m01TgK3tHsD9Tg6CbgYW7IOi2pE=,s74gQ7mnGIWdvIuNlHPekvOzIGo=
-32,-26,m01TgK3tHsD9Tg6CbgYW7IOi2pE=,s74gQ7mnGIWdvIuNlHPekvOzIGo=
-32,-25,m01TgK3tHsD9Tg6CbgYW7IOi2pE=,s74gQ7mnGIWdvIuNlHPekvOzIGo=
-32,-24,m01TgK3tHsD9Tg6CbgYW7IOi2pE=,tsGbmQKKqOU8EgjNbYCefJjiBUE=
-29,-21,m01TgK3tHsD9Tg6CbgYW7IOi2pE=,tsGbmQKKqOU8EgjNbYCefJjiBUE=
-20,-29,m01TgK3tHsD9Tg6CbgYW7IOi2pE=,pyxdMq/AVKBjZ3XadHCwlpUv/+Q=
-24,-31,m01TgK3tHsD9Tg6CbgYW7IOi2pE=,pyxdMq/AVKBjZ3XadHCwlpUv/+Q=
-30,-19,m01TgK3tHsD9Tg6CbgYW7IOi2pE=,tsGbmQKKqOU8EgjNbYCefJjiBUE=
-22,-30,m01TgK3tHsD9Tg6CbgYW7IOi2pE=,pyxdMq/AVKBjZ3XadHCwlpUv/+Q=
-31,-18,m01TgK3tHsD9Tg6CbgYW7IOi2pE=,tsGbmQKKqOU8EgjNbYCefJjiBUE=
-19,-29,m01TgK3tHsD9Tg6CbgYW7IOi2pE=,pyxdMq/AVKBjZ3XadHCwlpUv/+Q=
-21,-30,m01TgK3tHsD9Tg6CbgYW7IOi2pE=,pyxdMq/AVKBjZ3XadHCwlpUv/+Q=
-17,-29,m01TgK3tHsD9Tg6CbgYW7IOi2pE=,pyxdMq/AVKBjZ3XadHCwlpUv/+Q=
-29,-27,m01TgK3tHsD9Tg6CbgYW7IOi2pE=,s74gQ7mnGIWdvIuNlHPekvOzIGo=
-29,-25,m01TgK3tHsD9Tg6CbgYW7IOi2pE=,s74gQ7mnGIWdvIuNlHPekvOzIGo=
-30,-17,m01TgK3tHsD9Tg6CbgYW7IOi2pE=,tsGbmQKKqOU8EgjNbYCefJjiBUE=
-24,-30,m01TgK3tHsD9Tg6CbgYW7IOi2pE=,pyxdMq/AVKBjZ3XadHCwlpUv/+Q=
-25,-30,m01TgK3tHsD9Tg6CbgYW7IOi2pE=,s74gQ7mnGIWdvIuNlHPekvOzIGo=
-23,-29,m01TgK3tHsD9Tg6CbgYW7IOi2pE=,pyxdMq/AVKBjZ3XadHCwlpUv/+Q=
-18,-30,m01TgK3tHsD9Tg6CbgYW7IOi2pE=,pyxdMq/AVKBjZ3XadHCwlpUv/+Q=
-31,-17,m01TgK3tHsD9Tg6CbgYW7IOi2pE=,tsGbmQKKqOU8EgjNbYCefJjiBUE=
-29,-22,m01TgK3tHsD9Tg6CbgYW7IOi2pE=,tsGbmQKKqOU8EgjNbYCefJjiBUE=
-23,-30,m01TgK3tHsD9Tg6CbgYW7IOi2pE=,pyxdMq/AVKBjZ3XadHCwlpUv/+Q=
-29,-26,m01TgK3tHsD9Tg6CbgYW7IOi2pE=,s74gQ7mnGIWdvIuNlHPekvOzIGo=
-29,-19,m01TgK3tHsD9Tg6CbgYW7IOi2pE=,tsGbmQKKqOU8EgjNbYCefJjiBUE=
-30,-18,m01TgK3tHsD9Tg6CbgYW7IOi2pE=,tsGbmQKKqOU8EgjNbYCefJjiBUE=
-28,-28,m01TgK3tHsD9Tg6CbgYW7IOi2pE=,s74gQ7mnGIWdvIuNlHPekvOzIGo=
-28,-25,m01TgK3tHsD9Tg6CbgYW7IOi2pE=,s74gQ7mnGIWdvIuNlHPekvOzIGo=
-29,-23,m01TgK3tHsD9Tg6CbgYW7IOi2pE=,tsGbmQKKqOU8EgjNbYCefJjiBUE=
-29,-18,m01TgK3tHsD9Tg6CbgYW7IOi2pE=,tsGbmQKKqOU8EgjNbYCefJjiBUE=
-21,-28,m01TgK3tHsD9Tg6CbgYW7IOi2pE=,pyxdMq/AVKBjZ3XadHCwlpUv/+Q=
-20,-24,m01TgK3tHsD9Tg6CbgYW7IOi2pE=,U70F3T+O3YLuobVUEx21RTjrtss=
-24,-25,m01TgK3tHsD9Tg6CbgYW7IOi2pE=,pyxdMq/AVKBjZ3XadHCwlpUv/+Q=
-26,-26,m01TgK3tHsD9Tg6CbgYW7IOi2pE=,s74gQ7mnGIWdvIuNlHPekvOzIGo=
-22,-28,m01TgK3tHsD9Tg6CbgYW7IOi2pE=,pyxdMq/AVKBjZ3XadHCwlpUv/+Q=
-23,-28,m01TgK3tHsD9Tg6CbgYW7IOi2pE=,pyxdMq/AVKBjZ3XadHCwlpUv/+Q=
-27,-23,m01TgK3tHsD9Tg6CbgYW7IOi2pE=,tsGbmQKKqOU8EgjNbYCefJjiBUE=
-24,-29,m01TgK3tHsD9Tg6CbgYW7IOi2pE=,pyxdMq/AVKBjZ3XadHCwlpUv/+Q=
-17,-30,m01TgK3tHsD9Tg6CbgYW7IOi2pE=,pyxdMq/AVKBjZ3XadHCwlpUv/+Q=
-28,-23,m01TgK3tHsD9Tg6CbgYW7IOi2pE=,tsGbmQKKqOU8EgjNbYCefJjiBUE=
-18,-28,m01TgK3tHsD9Tg6CbgYW7IOi2pE=,pyxdMq/AVKBjZ3XadHCwlpUv/+Q=
-18,-20,2GeTdxG7FtUiUCoWj7+2DDl6jh4=,U70F3T+O3YLuobVUEx21RTjrtss=
-25,-25,2GeTdxG7FtUiUCoWj7+2DDl6jh4=,s74gQ7mnGIWdvIuNlHPekvOzIGo=
-24,-28,2GeTdxG7FtUiUCoWj7+2DDl6jh4=,pyxdMq/AVKBjZ3XadHCwlpUv/+Q=
-20,-28,2GeTdxG7FtUiUCoWj7+2DDl6jh4=,pyxdMq/AVKBjZ3XadHCwlpUv/+Q=
-19,-28,2GeTdxG7FtUiUCoWj7+2DDl6jh4=,pyxdMq/AVKBjZ3XadHCwlpUv/+Q=
-23,-27,2GeTdxG7FtUiUCoWj7+2DDl6jh4=,pyxdMq/AVKBjZ3XadHCwlpUv/+Q=
-27,-28,2GeTdxG7FtUiUCoWj7+2DDl6jh4=,s74gQ7mnGIWdvIuNlHPekvOzIGo=
-26,-28,2GeTdxG7FtUiUCoWj7+2DDl6jh4=,s74gQ7mnGIWdvIuNlHPekvOzIGo=
-22,-27,2GeTdxG7FtUiUCoWj7+2DDl6jh4=,pyxdMq/AVKBjZ3XadHCwlpUv/+Q=
-27,-26,2GeTdxG7FtUiUCoWj7+2DDl6jh4=,s74gQ7mnGIWdvIuNlHPekvOzIGo=
-18,-29,2GeTdxG7FtUiUCoWj7+2DDl6jh4=,pyxdMq/AVKBjZ3XadHCwlpUv/+Q=
-28,-27,2GeTdxG7FtUiUCoWj7+2DDl6jh4=,s74gQ7mnGIWdvIuNlHPekvOzIGo=
-23,-25,2GeTdxG7FtUiUCoWj7+2DDl6jh4=,pyxdMq/AVKBjZ3XadHCwlpUv/+Q=
-21,-27,2GeTdxG7FtUiUCoWj7+2DDl6jh4=,pyxdMq/AVKBjZ3XadHCwlpUv/+Q=
-26,-23,2GeTdxG7FtUiUCoWj7+2DDl6jh4=,tsGbmQKKqOU8EgjNbYCefJjiBUE=
-18,-32,2GeTdxG7FtUiUCoWj7+2DDl6jh4=,pyxdMq/AVKBjZ3XadHCwlpUv/+Q=
-28,-22,2GeTdxG7FtUiUCoWj7+2DDl6jh4=,tsGbmQKKqOU8EgjNbYCefJjiBUE=
-27,-27,2GeTdxG7FtUiUCoWj7+2DDl6jh4=,s74gQ7mnGIWdvIuNlHPekvOzIGo=
-27,-22,2GeTdxG7FtUiUCoWj7+2DDl6jh4=,tsGbmQKKqOU8EgjNbYCefJjiBUE=
-19,-24,2GeTdxG7FtUiUCoWj7+2DDl6jh4=,U70F3T+O3YLuobVUEx21RTjrtss=
-20,-31,2GeTdxG7FtUiUCoWj7+2DDl6jh4=,pyxdMq/AVKBjZ3XadHCwlpUv/+Q=
-23,-26,2GeTdxG7FtUiUCoWj7+2DDl6jh4=,pyxdMq/AVKBjZ3XadHCwlpUv/+Q=
-24,-27,2GeTdxG7FtUiUCoWj7+2DDl6jh4=,pyxdMq/AVKBjZ3XadHCwlpUv/+Q=
-26,-27,2GeTdxG7FtUiUCoWj7+2DDl6jh4=,s74gQ7mnGIWdvIuNlHPekvOzIGo=
-19,-32,2GeTdxG7FtUiUCoWj7+2DDl6jh4=,pyxdMq/AVKBjZ3XadHCwlpUv/+Q=
-28,-26,2GeTdxG7FtUiUCoWj7+2DDl6jh4=,s74gQ7mnGIWdvIuNlHPekvOzIGo=
-22,-26,2GeTdxG7FtUiUCoWj7+2DDl6jh4=,pyxdMq/AVKBjZ3XadHCwlpUv/+Q=
-20,-27,2GeTdxG7FtUiUCoWj7+2DDl6jh4=,pyxdMq/AVKBjZ3XadHCwlpUv/+Q=
-28,-21,2GeTdxG7FtUiUCoWj7+2DDl6jh4=,tsGbmQKKqOU8EgjNbYCefJjiBUE=
-26,-22,2GeTdxG7FtUiUCoWj7+2DDl6jh4=,tsGbmQKKqOU8EgjNbYCefJjiBUE=
-22,-25,2GeTdxG7FtUiUCoWj7+2DDl6jh4=,pyxdMq/AVKBjZ3XadHCwlpUv/+Q=
-19,-27,2GeTdxG7FtUiUCoWj7+2DDl6jh4=,pyxdMq/AVKBjZ3XadHCwlpUv/+Q=
-18,-27,2GeTdxG7FtUiUCoWj7+2DDl6jh4=,pyxdMq/AVKBjZ3XadHCwlpUv/+Q=
-25,-22,2GeTdxG7FtUiUCoWj7+2DDl6jh4=,tsGbmQKKqOU8EgjNbYCefJjiBUE=
-20,-32,2GeTdxG7FtUiUCoWj7+2DDl6jh4=,pyxdMq/AVKBjZ3XadHCwlpUv/+Q=
-19,-31,2GeTdxG7FtUiUCoWj7+2DDl6jh4=,pyxdMq/AVKBjZ3XadHCwlpUv/+Q=
-27,-21,2GeTdxG7FtUiUCoWj7+2DDl6jh4=,tsGbmQKKqOU8EgjNbYCefJjiBUE=
-21,-26,2GeTdxG7FtUiUCoWj7+2DDl6jh4=,pyxdMq/AVKBjZ3XadHCwlpUv/+Q=
-24,-26,2GeTdxG7FtUiUCoWj7+2DDl6jh4=,pyxdMq/AVKBjZ3XadHCwlpUv/+Q=
-20,-26,2GeTdxG7FtUiUCoWj7+2DDl6jh4=,pyxdMq/AVKBjZ3XadHCwlpUv/+Q=
-19,-26,2GeTdxG7FtUiUCoWj7+2DDl6jh4=,pyxdMq/AVKBjZ3XadHCwlpUv/+Q=
-26,-21,2GeTdxG7FtUiUCoWj7+2DDl6jh4=,tsGbmQKKqOU8EgjNbYCefJjiBUE=
-18,-31,2GeTdxG7FtUiUCoWj7+2DDl6jh4=,pyxdMq/AVKBjZ3XadHCwlpUv/+Q=
-21,-25,2GeTdxG7FtUiUCoWj7+2DDl6jh4=,pyxdMq/AVKBjZ3XadHCwlpUv/+Q=
-18,-18,2GeTdxG7FtUiUCoWj7+2DDl6jh4=,U70F3T+O3YLuobVUEx21RTjrtss=
-18,-26,2GeTdxG7FtUiUCoWj7+2DDl6jh4=,pyxdMq/AVKBjZ3XadHCwlpUv/+Q=
-28,-20,2GeTdxG7FtUiUCoWj7+2DDl6jh4=,tsGbmQKKqOU8EgjNbYCefJjiBUE=
-17,-28,2GeTdxG7FtUiUCoWj7+2DDl6jh4=,pyxdMq/AVKBjZ3XadHCwlpUv/+Q=
-27,-20,2GeTdxG7FtUiUCoWj7+2DDl6jh4=,tsGbmQKKqOU8EgjNbYCefJjiBUE=
-27,-24,2GeTdxG7FtUiUCoWj7+2DDl6jh4=,tsGbmQKKqOU8EgjNbYCefJjiBUE=
-26,-24,2GeTdxG7FtUiUCoWj7+2DDl6jh4=,tsGbmQKKqOU8EgjNbYCefJjiBUE=
-17,-26,2GeTdxG7FtUiUCoWj7+2DDl6jh4=,pyxdMq/AVKBjZ3XadHCwlpUv/+Q=
-17,-25,2GeTdxG7FtUiUCoWj7+2DDl6jh4=,pyxdMq/AVKBjZ3XadHCwlpUv/+Q=
-26,-20,2GeTdxG7FtUiUCoWj7+2DDl6jh4=,tsGbmQKKqOU8EgjNbYCefJjiBUE=
-17,-27,2GeTdxG7FtUiUCoWj7+2DDl6jh4=,pyxdMq/AVKBjZ3XadHCwlpUv/+Q=
-26,-18,2GeTdxG7FtUiUCoWj7+2DDl6jh4=,tsGbmQKKqOU8EgjNbYCefJjiBUE=
-28,-24,2GeTdxG7FtUiUCoWj7+2DDl6jh4=,tsGbmQKKqOU8EgjNbYCefJjiBUE=
-19,-25,2GeTdxG7FtUiUCoWj7+2DDl6jh4=,pyxdMq/AVKBjZ3XadHCwlpUv/+Q=
-28,-19,2GeTdxG7FtUiUCoWj7+2DDl6jh4=,tsGbmQKKqOU8EgjNbYCefJjiBUE=
-27,-18,2GeTdxG7FtUiUCoWj7+2DDl6jh4=,tsGbmQKKqOU8EgjNbYCefJjiBUE=
-20,-25,2GeTdxG7FtUiUCoWj7+2DDl6jh4=,pyxdMq/AVKBjZ3XadHCwlpUv/+Q=
-28,-18,2GeTdxG7FtUiUCoWj7+2DDl6jh4=,tsGbmQKKqOU8EgjNbYCefJjiBUE=
-18,-25,2GeTdxG7FtUiUCoWj7+2DDl6jh4=,pyxdMq/AVKBjZ3XadHCwlpUv/+Q=
-26,-19,2GeTdxG7FtUiUCoWj7+2DDl6jh4=,tsGbmQKKqOU8EgjNbYCefJjiBUE=
-20,-20,2GeTdxG7FtUiUCoWj7+2DDl6jh4=,U70F3T+O3YLuobVUEx21RTjrtss=
-18,-24,2GeTdxG7FtUiUCoWj7+2DDl6jh4=,U70F3T+O3YLuobVUEx21RTjrtss=
-22,-24,2GeTdxG7FtUiUCoWj7+2DDl6jh4=,U70F3T+O3YLuobVUEx21RTjrtss=
-25,-23,2GeTdxG7FtUiUCoWj7+2DDl6jh4=,tsGbmQKKqOU8EgjNbYCefJjiBUE=
-26,-17,2GeTdxG7FtUiUCoWj7+2DDl6jh4=,tsGbmQKKqOU8EgjNbYCefJjiBUE=
-27,-17,2GeTdxG7FtUiUCoWj7+2DDl6jh4=,tsGbmQKKqOU8EgjNbYCefJjiBUE=
-19,-23,2GeTdxG7FtUiUCoWj7+2DDl6jh4=,U70F3T+O3YLuobVUEx21RTjrtss=
-19,-20,2GeTdxG7FtUiUCoWj7+2DDl6jh4=,U70F3T+O3YLuobVUEx21RTjrtss=
-20,-23,2GeTdxG7FtUiUCoWj7+2DDl6jh4=,U70F3T+O3YLuobVUEx21RTjrtss=
-25,-18,2GeTdxG7FtUiUCoWj7+2DDl6jh4=,tsGbmQKKqOU8EgjNbYCefJjiBUE=
-25,-19,2GeTdxG7FtUiUCoWj7+2DDl6jh4=,tsGbmQKKqOU8EgjNbYCefJjiBUE=
-19,-19,2GeTdxG7FtUiUCoWj7+2DDl6jh4=,U70F3T+O3YLuobVUEx21RTjrtss=
-25,-24,2GeTdxG7FtUiUCoWj7+2DDl6jh4=,tsGbmQKKqOU8EgjNbYCefJjiBUE=
-21,-24,2GeTdxG7FtUiUCoWj7+2DDl6jh4=,U70F3T+O3YLuobVUEx21RTjrtss=
-28,-17,2GeTdxG7FtUiUCoWj7+2DDl6jh4=,tsGbmQKKqOU8EgjNbYCefJjiBUE=
-21,-19,2GeTdxG7FtUiUCoWj7+2DDl6jh4=,U70F3T+O3YLuobVUEx21RTjrtss=
-17,-20,2GeTdxG7FtUiUCoWj7+2DDl6jh4=,U70F3T+O3YLuobVUEx21RTjrtss=
-18,-23,2GeTdxG7FtUiUCoWj7+2DDl6jh4=,U70F3T+O3YLuobVUEx21RTjrtss=
-23,-21,2GeTdxG7FtUiUCoWj7+2DDl6jh4=,U70F3T+O3YLuobVUEx21RTjrtss=
-19,-22,2GeTdxG7FtUiUCoWj7+2DDl6jh4=,U70F3T+O3YLuobVUEx21RTjrtss=
-18,-22,2GeTdxG7FtUiUCoWj7+2DDl6jh4=,U70F3T+O3YLuobVUEx21RTjrtss=
-22,-19,2GeTdxG7FtUiUCoWj7+2DDl6jh4=,U70F3T+O3YLuobVUEx21RTjrtss=
-27,-19,2GeTdxG7FtUiUCoWj7+2DDl6jh4=,tsGbmQKKqOU8EgjNbYCefJjiBUE=
-22,-20,2GeTdxG7FtUiUCoWj7+2DDl6jh4=,U70F3T+O3YLuobVUEx21RTjrtss=
-21,-22,2GeTdxG7FtUiUCoWj7+2DDl6jh4=,U70F3T+O3YLuobVUEx21RTjrtss=
-20,-22,2GeTdxG7FtUiUCoWj7+2DDl6jh4=,U70F3T+O3YLuobVUEx21RTjrtss=
-24,-22,2GeTdxG7FtUiUCoWj7+2DDl6jh4=,U70F3T+O3YLuobVUEx21RTjrtss=
-22,-22,2GeTdxG7FtUiUCoWj7+2DDl6jh4=,U70F3T+O3YLuobVUEx21RTjrtss=
-21,-20,2GeTdxG7FtUiUCoWj7+2DDl6jh4=,U70F3T+O3YLuobVUEx21RTjrtss=
-17,-23,2GeTdxG7FtUiUCoWj7+2DDl6jh4=,U70F3T+O3YLuobVUEx21RTjrtss=
-17,-24,2GeTdxG7FtUiUCoWj7+2DDl6jh4=,U70F3T+O3YLuobVUEx21RTjrtss=
-17,-18,2GeTdxG7FtUiUCoWj7+2DDl6jh4=,U70F3T+O3YLuobVUEx21RTjrtss=
-24,-21,2GeTdxG7FtUiUCoWj7+2DDl6jh4=,U70F3T+O3YLuobVUEx21RTjrtss=
-20,-19,2GeTdxG7FtUiUCoWj7+2DDl6jh4=,U70F3T+O3YLuobVUEx21RTjrtss=
-17,-21,2GeTdxG7FtUiUCoWj7+2DDl6jh4=,U70F3T+O3YLuobVUEx21RTjrtss=
-17,-19,2GeTdxG7FtUiUCoWj7+2DDl6jh4=,U70F3T+O3YLuobVUEx21RTjrtss=
-24,-20,2GeTdxG7FtUiUCoWj7+2DDl6jh4=,U70F3T+O3YLuobVUEx21RTjrtss=
-18,-21,2GeTdxG7FtUiUCoWj7+2DDl6jh4=,U70F3T+O3YLuobVUEx21RTjrtss=
-17,-22,2GeTdxG7FtUiUCoWj7+2DDl6jh4=,U70F3T+O3YLuobVUEx21RTjrtss=
-19,-21,2GeTdxG7FtUiUCoWj7+2DDl6jh4=,U70F3T+O3YLuobVUEx21RTjrtss=
-24,-23,2GeTdxG7FtUiUCoWj7+2DDl6jh4=,U70F3T+O3YLuobVUEx21RTjrtss=
-25,-17,2GeTdxG7FtUiUCoWj7+2DDl6jh4=,tsGbmQKKqOU8EgjNbYCefJjiBUE=
-20,-21,2GeTdxG7FtUiUCoWj7+2DDl6jh4=,U70F3T+O3YLuobVUEx21RTjrtss=
-22,-17,2GeTdxG7FtUiUCoWj7+2DDl6jh4=,U70F3T+O3YLuobVUEx21RTjrtss=
-24,-17,2GeTdxG7FtUiUCoWj7+2DDl6jh4=,U70F3T+O3YLuobVUEx21RTjrtss=
-21,-21,2GeTdxG7FtUiUCoWj7+2DDl6jh4=,U70F3T+O3YLuobVUEx21RTjrtss=
-23,-17,2GeTdxG7FtUiUCoWj7+2DDl6jh4=,U70F3T+O3YLuobVUEx21RTjrtss=
-23,-20,2GeTdxG7FtUiUCoWj7+2DDl6jh4=,U70F3T+O3YLuobVUEx21RTjrtss=
-23,-19,2GeTdxG7FtUiUCoWj7+2DDl6jh4=,U70F3T+O3YLuobVUEx21RTjrtss=
-21,-17,2GeTdxG7FtUiUCoWj7+2DDl6jh4=,U70F3T+O3YLuobVUEx21RTjrtss=
-18,-17,2GeTdxG7FtUiUCoWj7+2DDl6jh4=,U70F3T+O3YLuobVUEx21RTjrtss=
-17,-17,2GeTdxG7FtUiUCoWj7+2DDl6jh4=,U70F3T+O3YLuobVUEx21RTjrtss=
-19,-17,2GeTdxG7FtUiUCoWj7+2DDl6jh4=,U70F3T+O3YLuobVUEx21RTjrtss=
-25,-20,2GeTdxG7FtUiUCoWj7+2DDl6jh4=,tsGbmQKKqOU8EgjNbYCefJjiBUE=
-21,-18,2GeTdxG7FtUiUCoWj7+2DDl6jh4=,U70F3T+O3YLuobVUEx21RTjrtss=
-20,-18,2GeTdxG7FtUiUCoWj7+2DDl6jh4=,U70F3T+O3YLuobVUEx21RTjrtss=
-20,-17,2GeTdxG7FtUiUCoWj7+2DDl6jh4=,U70F3T+O3YLuobVUEx21RTjrtss=
-25,-21,2GeTdxG7FtUiUCoWj7+2DDl6jh4=,tsGbmQKKqOU8EgjNbYCefJjiBUE=
-22,-21,2GeTdxG7FtUiUCoWj7+2DDl6jh4=,U70F3T+O3YLuobVUEx21RTjrtss=
-23,-24,2GeTdxG7FtUiUCoWj7+2DDl6jh4=,U70F3T+O3YLuobVUEx21RTjrtss=
-23,-18,2GeTdxG7FtUiUCoWj7+2DDl6jh4=,U70F3T+O3YLuobVUEx21RTjrtss=
-19,-18,2GeTdxG7FtUiUCoWj7+2DDl6jh4=,U70F3T+O3YLuobVUEx21RTjrtss=
-21,-23,2GeTdxG7FtUiUCoWj7+2DDl6jh4=,U70F3T+O3YLuobVUEx21RTjrtss=
-23,-22,2GeTdxG7FtUiUCoWj7+2DDl6jh4=,U70F3T+O3YLuobVUEx21RTjrtss=
-23,-23,2GeTdxG7FtUiUCoWj7+2DDl6jh4=,U70F3T+O3YLuobVUEx21RTjrtss=
-24,-18,2GeTdxG7FtUiUCoWj7+2DDl6jh4=,U70F3T+O3YLuobVUEx21RTjrtss=
-24,-24,2GeTdxG7FtUiUCoWj7+2DDl6jh4=,U70F3T+O3YLuobVUEx21RTjrtss=
-18,-19,2GeTdxG7FtUiUCoWj7+2DDl6jh4=,U70F3T+O3YLuobVUEx21RTjrtss=
-24,-19,2GeTdxG7FtUiUCoWj7+2DDl6jh4=,U70F3T+O3YLuobVUEx21RTjrtss=
-22,-23,2GeTdxG7FtUiUCoWj7+2DDl6jh4=,U70F3T+O3YLuobVUEx21RTjrtss=
-22,-18,2GeTdxG7FtUiUCoWj7+2DDl6jh4=,U70F3T+O3YLuobVUEx21RTjrtss=
-26,-8,2GeTdxG7FtUiUCoWj7+2DDl6jh4=,uy/1BwSby1PcMbrKAMuBjHD5JtI=
-27,-8,EsPr3Lm/ld8fxGLH1qd9kJWYvyU=,uy/1BwSby1PcMbrKAMuBjHD5JtI=
-28,-8,EsPr3Lm/ld8fxGLH1qd9kJWYvyU=,uy/1BwSby1PcMbrKAMuBjHD5JtI=
-24,-1,EsPr3Lm/ld8fxGLH1qd9kJWYvyU=,UaAfmHX//WVkQr0Wt/2adgZN9Ww=
-25,-1,EsPr3Lm/ld8fxGLH1qd9kJWYvyU=,uy/1BwSby1PcMbrKAMuBjHD5JtI=
-17,-1,EsPr3Lm/ld8fxGLH1qd9kJWYvyU=,UaAfmHX//WVkQr0Wt/2adgZN9Ww=
-25,-8,EsPr3Lm/ld8fxGLH1qd9kJWYvyU=,uy/1BwSby1PcMbrKAMuBjHD5JtI=
-17,-2,EsPr3Lm/ld8fxGLH1qd9kJWYvyU=,UaAfmHX//WVkQr0Wt/2adgZN9Ww=
-32,-9,EsPr3Lm/ld8fxGLH1qd9kJWYvyU=,nrBKL92Vp/s/LD8ZQRT60HAum9E=
-26,-1,EsPr3Lm/ld8fxGLH1qd9kJWYvyU=,uy/1BwSby1PcMbrKAMuBjHD5JtI=
-21,-1,EsPr3Lm/ld8fxGLH1qd9kJWYvyU=,UaAfmHX//WVkQr0Wt/2adgZN9Ww=
-20,-2,EsPr3Lm/ld8fxGLH1qd9kJWYvyU=,UaAfmHX//WVkQr0Wt/2adgZN9Ww=
-23,-2,EsPr3Lm/ld8fxGLH1qd9kJWYvyU=,UaAfmHX//WVkQr0Wt/2adgZN9Ww=
-17,-3,EsPr3Lm/ld8fxGLH1qd9kJWYvyU=,UaAfmHX//WVkQr0Wt/2adgZN9Ww=
-32,-10,EsPr3Lm/ld8fxGLH1qd9kJWYvyU=,nrBKL92Vp/s/LD8ZQRT60HAum9E=
-20,-3,EsPr3Lm/ld8fxGLH1qd9kJWYvyU=,UaAfmHX//WVkQr0Wt/2adgZN9Ww=
-19,-3,EsPr3Lm/ld8fxGLH1qd9kJWYvyU=,UaAfmHX//WVkQr0Wt/2adgZN9Ww=
-18,-4,EsPr3Lm/ld8fxGLH1qd9kJWYvyU=,UaAfmHX//WVkQr0Wt/2adgZN9Ww=
-22,-2,EsPr3Lm/ld8fxGLH1qd9kJWYvyU=,UaAfmHX//WVkQr0Wt/2adgZN9Ww=
-32,-16,EsPr3Lm/ld8fxGLH1qd9kJWYvyU=,nrBKL92Vp/s/LD8ZQRT60HAum9E=
-32,-11,EsPr3Lm/ld8fxGLH1qd9kJWYvyU=,nrBKL92Vp/s/LD8ZQRT60HAum9E=
-22,-1,EsPr3Lm/ld8fxGLH1qd9kJWYvyU=,UaAfmHX//WVkQr0Wt/2adgZN9Ww=
-26,-4,EsPr3Lm/ld8fxGLH1qd9kJWYvyU=,uy/1BwSby1PcMbrKAMuBjHD5JtI=
-27,-1,EsPr3Lm/ld8fxGLH1qd9kJWYvyU=,uy/1BwSby1PcMbrKAMuBjHD5JtI=
-17,-4,EsPr3Lm/ld8fxGLH1qd9kJWYvyU=,UaAfmHX//WVkQr0Wt/2adgZN9Ww=
-28,-4,EsPr3Lm/ld8fxGLH1qd9kJWYvyU=,uy/1BwSby1PcMbrKAMuBjHD5JtI=
-29,-16,EsPr3Lm/ld8fxGLH1qd9kJWYvyU=,nrBKL92Vp/s/LD8ZQRT60HAum9E=
-22,-3,EsPr3Lm/ld8fxGLH1qd9kJWYvyU=,UaAfmHX//WVkQr0Wt/2adgZN9Ww=
-27,-4,EsPr3Lm/ld8fxGLH1qd9kJWYvyU=,uy/1BwSby1PcMbrKAMuBjHD5JtI=
-31,-7,EsPr3Lm/ld8fxGLH1qd9kJWYvyU=,uy/1BwSby1PcMbrKAMuBjHD5JtI=
-32,-1,EsPr3Lm/ld8fxGLH1qd9kJWYvyU=,uy/1BwSby1PcMbrKAMuBjHD5JtI=
-28,-3,EsPr3Lm/ld8fxGLH1qd9kJWYvyU=,uy/1BwSby1PcMbrKAMuBjHD5JtI=
-32,-12,EsPr3Lm/ld8fxGLH1qd9kJWYvyU=,nrBKL92Vp/s/LD8ZQRT60HAum9E=
-32,-8,EsPr3Lm/ld8fxGLH1qd9kJWYvyU=,uy/1BwSby1PcMbrKAMuBjHD5JtI=
-23,-1,EsPr3Lm/ld8fxGLH1qd9kJWYvyU=,UaAfmHX//WVkQr0Wt/2adgZN9Ww=
-18,-1,EsPr3Lm/ld8fxGLH1qd9kJWYvyU=,UaAfmHX//WVkQr0Wt/2adgZN9Ww=
-30,-7,EsPr3Lm/ld8fxGLH1qd9kJWYvyU=,uy/1BwSby1PcMbrKAMuBjHD5JtI=
-31,-13,EsPr3Lm/ld8fxGLH1qd9kJWYvyU=,nrBKL92Vp/s/LD8ZQRT60HAum9E=
-28,-1,EsPr3Lm/ld8fxGLH1qd9kJWYvyU=,uy/1BwSby1PcMbrKAMuBjHD5JtI=
-31,-6,EsPr3Lm/ld8fxGLH1qd9kJWYvyU=,uy/1BwSby1PcMbrKAMuBjHD5JtI=
-29,-7,EsPr3Lm/ld8fxGLH1qd9kJWYvyU=,uy/1BwSby1PcMbrKAMuBjHD5JtI=
-29,-9,EsPr3Lm/ld8fxGLH1qd9kJWYvyU=,nrBKL92Vp/s/LD8ZQRT60HAum9E=
-30,-6,EsPr3Lm/ld8fxGLH1qd9kJWYvyU=,uy/1BwSby1PcMbrKAMuBjHD5JtI=
-30,-13,EsPr3Lm/ld8fxGLH1qd9kJWYvyU=,nrBKL92Vp/s/LD8ZQRT60HAum9E=
-32,-3,EsPr3Lm/ld8fxGLH1qd9kJWYvyU=,uy/1BwSby1PcMbrKAMuBjHD5JtI=
-25,-2,EsPr3Lm/ld8fxGLH1qd9kJWYvyU=,uy/1BwSby1PcMbrKAMuBjHD5JtI=
-30,-16,EsPr3Lm/ld8fxGLH1qd9kJWYvyU=,nrBKL92Vp/s/LD8ZQRT60HAum9E=
-19,-1,EsPr3Lm/ld8fxGLH1qd9kJWYvyU=,UaAfmHX//WVkQr0Wt/2adgZN9Ww=
-27,-3,EsPr3Lm/ld8fxGLH1qd9kJWYvyU=,uy/1BwSby1PcMbrKAMuBjHD5JtI=
-18,-3,EsPr3Lm/ld8fxGLH1qd9kJWYvyU=,UaAfmHX//WVkQr0Wt/2adgZN9Ww=
-30,-9,EsPr3Lm/ld8fxGLH1qd9kJWYvyU=,nrBKL92Vp/s/LD8ZQRT60HAum9E=
-32,-4,EsPr3Lm/ld8fxGLH1qd9kJWYvyU=,uy/1BwSby1PcMbrKAMuBjHD5JtI=
-21,-3,EsPr3Lm/ld8fxGLH1qd9kJWYvyU=,UaAfmHX//WVkQr0Wt/2adgZN9Ww=
-29,-6,EsPr3Lm/ld8fxGLH1qd9kJWYvyU=,uy/1BwSby1PcMbrKAMuBjHD5JtI=
-21,-2,EsPr3Lm/ld8fxGLH1qd9kJWYvyU=,UaAfmHX//WVkQr0Wt/2adgZN9Ww=
-25,-4,EsPr3Lm/ld8fxGLH1qd9kJWYvyU=,uy/1BwSby1PcMbrKAMuBjHD5JtI=
-26,-2,EsPr3Lm/ld8fxGLH1qd9kJWYvyU=,uy/1BwSby1PcMbrKAMuBjHD5JtI=
-20,-1,EsPr3Lm/ld8fxGLH1qd9kJWYvyU=,UaAfmHX//WVkQr0Wt/2adgZN9Ww=
-29,-13,EsPr3Lm/ld8fxGLH1qd9kJWYvyU=,nrBKL92Vp/s/LD8ZQRT60HAum9E=
-31,-5,EsPr3Lm/ld8fxGLH1qd9kJWYvyU=,uy/1BwSby1PcMbrKAMuBjHD5JtI=
-31,-9,EsPr3Lm/ld8fxGLH1qd9kJWYvyU=,nrBKL92Vp/s/LD8ZQRT60HAum9E=
-32,-5,EsPr3Lm/ld8fxGLH1qd9kJWYvyU=,uy/1BwSby1PcMbrKAMuBjHD5JtI=
-23,-3,EsPr3Lm/ld8fxGLH1qd9kJWYvyU=,UaAfmHX//WVkQr0Wt/2adgZN9Ww=
-31,-16,EsPr3Lm/ld8fxGLH1qd9kJWYvyU=,nrBKL92Vp/s/LD8ZQRT60HAum9E=
-26,-3,EsPr3Lm/ld8fxGLH1qd9kJWYvyU=,uy/1BwSby1PcMbrKAMuBjHD5JtI=
-27,-2,EsPr3Lm/ld8fxGLH1qd9kJWYvyU=,uy/1BwSby1PcMbrKAMuBjHD5JtI=
-18,-2,EsPr3Lm/ld8fxGLH1qd9kJWYvyU=,UaAfmHX//WVkQr0Wt/2adgZN9Ww=
-32,-14,EsPr3Lm/ld8fxGLH1qd9kJWYvyU=,nrBKL92Vp/s/LD8ZQRT60HAum9E=
-24,-2,EsPr3Lm/ld8fxGLH1qd9kJWYvyU=,UaAfmHX//WVkQr0Wt/2adgZN9Ww=
-32,-6,EsPr3Lm/ld8fxGLH1qd9kJWYvyU=,uy/1BwSby1PcMbrKAMuBjHD5JtI=
-28,-2,EsPr3Lm/ld8fxGLH1qd9kJWYvyU=,uy/1BwSby1PcMbrKAMuBjHD5JtI=
-29,-10,EsPr3Lm/ld8fxGLH1qd9kJWYvyU=,nrBKL92Vp/s/LD8ZQRT60HAum9E=
-32,-2,EsPr3Lm/ld8fxGLH1qd9kJWYvyU=,uy/1BwSby1PcMbrKAMuBjHD5JtI=
-32,-15,EsPr3Lm/ld8fxGLH1qd9kJWYvyU=,nrBKL92Vp/s/LD8ZQRT60HAum9E=
-31,-15,EsPr3Lm/ld8fxGLH1qd9kJWYvyU=,nrBKL92Vp/s/LD8ZQRT60HAum9E=
-19,-2,EsPr3Lm/ld8fxGLH1qd9kJWYvyU=,UaAfmHX//WVkQr0Wt/2adgZN9Ww=
-21,-4,EsPr3Lm/ld8fxGLH1qd9kJWYvyU=,UaAfmHX//WVkQr0Wt/2adgZN9Ww=
-32,-7,EsPr3Lm/ld8fxGLH1qd9kJWYvyU=,uy/1BwSby1PcMbrKAMuBjHD5JtI=
-32,-13,EsPr3Lm/ld8fxGLH1qd9kJWYvyU=,nrBKL92Vp/s/LD8ZQRT60HAum9E=
-25,-3,EsPr3Lm/ld8fxGLH1qd9kJWYvyU=,uy/1BwSby1PcMbrKAMuBjHD5JtI=
-30,-10,EsPr3Lm/ld8fxGLH1qd9kJWYvyU=,nrBKL92Vp/s/LD8ZQRT60HAum9E=
-20,-4,EsPr3Lm/ld8fxGLH1qd9kJWYvyU=,UaAfmHX//WVkQr0Wt/2adgZN9Ww=
-19,-4,EsPr3Lm/ld8fxGLH1qd9kJWYvyU=,UaAfmHX//WVkQr0Wt/2adgZN9Ww=
-30,-5,EsPr3Lm/ld8fxGLH1qd9kJWYvyU=,uy/1BwSby1PcMbrKAMuBjHD5JtI=
-24,-3,EsPr3Lm/ld8fxGLH1qd9kJWYvyU=,UaAfmHX//WVkQr0Wt/2adgZN9Ww=
-31,-12,EsPr3Lm/ld8fxGLH1qd9kJWYvyU=,nrBKL92Vp/s/LD8ZQRT60HAum9E=
-31,-10,EsPr3Lm/ld8fxGLH1qd9kJWYvyU=,nrBKL92Vp/s/LD8ZQRT60HAum9E=
-31,-1,EsPr3Lm/ld8fxGLH1qd9kJWYvyU=,uy/1BwSby1PcMbrKAMuBjHD5JtI=
-29,-15,EsPr3Lm/ld8fxGLH1qd9kJWYvyU=,nrBKL92Vp/s/LD8ZQRT60HAum9E=
-29,-12,EsPr3Lm/ld8fxGLH1qd9kJWYvyU=,nrBKL92Vp/s/LD8ZQRT60HAum9E=
-31,-4,EsPr3Lm/ld8fxGLH1qd9kJWYvyU=,uy/1BwSby1PcMbrKAMuBjHD5JtI=
-29,-11,EsPr3Lm/ld8fxGLH1qd9kJWYvyU=,nrBKL92Vp/s/LD8ZQRT60HAum9E=
-30,-11,EsPr3Lm/ld8fxGLH1qd9kJWYvyU=,nrBKL92Vp/s/LD8ZQRT60HAum9E=
-29,-14,EsPr3Lm/ld8fxGLH1qd9kJWYvyU=,nrBKL92Vp/s/LD8ZQRT60HAum9E=
-30,-1,EsPr3Lm/ld8fxGLH1qd9kJWYvyU=,uy/1BwSby1PcMbrKAMuBjHD5JtI=
-29,-5,EsPr3Lm/ld8fxGLH1qd9kJWYvyU=,uy/1BwSby1PcMbrKAMuBjHD5JtI=
-22,-4,EsPr3Lm/ld8fxGLH1qd9kJWYvyU=,UaAfmHX//WVkQr0Wt/2adgZN9Ww=
-30,-4,EsPr3Lm/ld8fxGLH1qd9kJWYvyU=,uy/1BwSby1PcMbrKAMuBjHD5JtI=
-31,-11,EsPr3Lm/ld8fxGLH1qd9kJWYvyU=,nrBKL92Vp/s/LD8ZQRT60HAum9E=
-31,-14,EsPr3Lm/ld8fxGLH1qd9kJWYvyU=,nrBKL92Vp/s/LD8ZQRT60HAum9E=
-30,-3,EsPr3Lm/ld8fxGLH1qd9kJWYvyU=,uy/1BwSby1PcMbrKAMuBjHD5JtI=
-31,-3,EsPr3Lm/ld8fxGLH1qd9kJWYvyU=,uy/1BwSby1PcMbrKAMuBjHD5JtI=
-30,-12,EsPr3Lm/ld8fxGLH1qd9kJWYvyU=,nrBKL92Vp/s/LD8ZQRT60HAum9E=
-30,-2,EsPr3Lm/ld8fxGLH1qd9kJWYvyU=,uy/1BwSby1PcMbrKAMuBjHD5JtI=
-29,-2,EsPr3Lm/ld8fxGLH1qd9kJWYvyU=,uy/1BwSby1PcMbrKAMuBjHD5JtI=
-30,-15,EsPr3Lm/ld8fxGLH1qd9kJWYvyU=,nrBKL92Vp/s/LD8ZQRT60HAum9E=
-31,-2,EsPr3Lm/ld8fxGLH1qd9kJWYvyU=,uy/1BwSby1PcMbrKAMuBjHD5JtI=
-30,-14,EsPr3Lm/ld8fxGLH1qd9kJWYvyU=,nrBKL92Vp/s/LD8ZQRT60HAum9E=
-29,-1,EsPr3Lm/ld8fxGLH1qd9kJWYvyU=,uy/1BwSby1PcMbrKAMuBjHD5JtI=
-30,-8,EsPr3Lm/ld8fxGLH1qd9kJWYvyU=,uy/1BwSby1PcMbrKAMuBjHD5JtI=
-29,-8,EsPr3Lm/ld8fxGLH1qd9kJWYvyU=,uy/1BwSby1PcMbrKAMuBjHD5JtI=
-31,-8,EsPr3Lm/ld8fxGLH1qd9kJWYvyU=,uy/1BwSby1PcMbrKAMuBjHD5JtI=
-25,-9,EsPr3Lm/ld8fxGLH1qd9kJWYvyU=,nrBKL92Vp/s/LD8ZQRT60HAum9E=
-29,-3,EsPr3Lm/ld8fxGLH1qd9kJWYvyU=,uy/1BwSby1PcMbrKAMuBjHD5JtI=
-26,-12,EsPr3Lm/ld8fxGLH1qd9kJWYvyU=,nrBKL92Vp/s/LD8ZQRT60HAum9E=
-27,-11,EsPr3Lm/ld8fxGLH1qd9kJWYvyU=,nrBKL92Vp/s/LD8ZQRT60HAum9E=
-28,-12,EsPr3Lm/ld8fxGLH1qd9kJWYvyU=,nrBKL92Vp/s/LD8ZQRT60HAum9E=
-27,-12,Vhxf+AqpQHlfdM34u2F0inMNZks=,nrBKL92Vp/s/LD8ZQRT60HAum9E=
-28,-11,Vhxf+AqpQHlfdM34u2F0inMNZks=,nrBKL92Vp/s/LD8ZQRT60HAum9E=
-24,-4,Vhxf+AqpQHlfdM34u2F0inMNZks=,UaAfmHX//WVkQr0Wt/2adgZN9Ww=
-25,-15,Vhxf+AqpQHlfdM34u2F0inMNZks=,nrBKL92Vp/s/LD8ZQRT60HAum9E=
-23,-4,Vhxf+AqpQHlfdM34u2F0inMNZks=,UaAfmHX//WVkQr0Wt/2adgZN9Ww=
-26,-14,Vhxf+AqpQHlfdM34u2F0inMNZks=,nrBKL92Vp/s/LD8ZQRT60HAum9E=
-26,-13,Vhxf+AqpQHlfdM34u2F0inMNZks=,nrBKL92Vp/s/LD8ZQRT60HAum9E=
-28,-13,Vhxf+AqpQHlfdM34u2F0inMNZks=,nrBKL92Vp/s/LD8ZQRT60HAum9E=
-27,-14,Vhxf+AqpQHlfdM34u2F0inMNZks=,nrBKL92Vp/s/LD8ZQRT60HAum9E=
-26,-11,Vhxf+AqpQHlfdM34u2F0inMNZks=,nrBKL92Vp/s/LD8ZQRT60HAum9E=
-28,-9,Vhxf+AqpQHlfdM34u2F0inMNZks=,nrBKL92Vp/s/LD8ZQRT60HAum9E=
-27,-10,Vhxf+AqpQHlfdM34u2F0inMNZks=,nrBKL92Vp/s/LD8ZQRT60HAum9E=
-28,-10,Vhxf+AqpQHlfdM34u2F0inMNZks=,nrBKL92Vp/s/LD8ZQRT60HAum9E=
-26,-10,Vhxf+AqpQHlfdM34u2F0inMNZks=,nrBKL92Vp/s/LD8ZQRT60HAum9E=
-27,-9,Vhxf+AqpQHlfdM34u2F0inMNZks=,nrBKL92Vp/s/LD8ZQRT60HAum9E=
-25,-5,Vhxf+AqpQHlfdM34u2F0inMNZks=,uy/1BwSby1PcMbrKAMuBjHD5JtI=
-27,-13,Vhxf+AqpQHlfdM34u2F0inMNZks=,nrBKL92Vp/s/LD8ZQRT60HAum9E=
-26,-9,Vhxf+AqpQHlfdM34u2F0inMNZks=,nrBKL92Vp/s/LD8ZQRT60HAum9E=
-28,-16,Vhxf+AqpQHlfdM34u2F0inMNZks=,nrBKL92Vp/s/LD8ZQRT60HAum9E=
-28,-14,Vhxf+AqpQHlfdM34u2F0inMNZks=,nrBKL92Vp/s/LD8ZQRT60HAum9E=
-25,-10,Vhxf+AqpQHlfdM34u2F0inMNZks=,nrBKL92Vp/s/LD8ZQRT60HAum9E=
-25,-11,Vhxf+AqpQHlfdM34u2F0inMNZks=,nrBKL92Vp/s/LD8ZQRT60HAum9E=
-25,-14,Vhxf+AqpQHlfdM34u2F0inMNZks=,nrBKL92Vp/s/LD8ZQRT60HAum9E=
-28,-15,Vhxf+AqpQHlfdM34u2F0inMNZks=,nrBKL92Vp/s/LD8ZQRT60HAum9E=
-29,-4,Vhxf+AqpQHlfdM34u2F0inMNZks=,uy/1BwSby1PcMbrKAMuBjHD5JtI=
-25,-16,Vhxf+AqpQHlfdM34u2F0inMNZks=,nrBKL92Vp/s/LD8ZQRT60HAum9E=
-26,-15,Vhxf+AqpQHlfdM34u2F0inMNZks=,nrBKL92Vp/s/LD8ZQRT60HAum9E=
-27,-16,Vhxf+AqpQHlfdM34u2F0inMNZks=,nrBKL92Vp/s/LD8ZQRT60HAum9E=
-25,-12,Vhxf+AqpQHlfdM34u2F0inMNZks=,nrBKL92Vp/s/LD8ZQRT60HAum9E=
-21,-8,Vhxf+AqpQHlfdM34u2F0inMNZks=,UaAfmHX//WVkQr0Wt/2adgZN9Ww=
-20,-5,Vhxf+AqpQHlfdM34u2F0inMNZks=,UaAfmHX//WVkQr0Wt/2adgZN9Ww=
-26,-16,Vhxf+AqpQHlfdM34u2F0inMNZks=,nrBKL92Vp/s/LD8ZQRT60HAum9E=
-26,-5,Vhxf+AqpQHlfdM34u2F0inMNZks=,uy/1BwSby1PcMbrKAMuBjHD5JtI=
-19,-13,Vhxf+AqpQHlfdM34u2F0inMNZks=,p1ndn9yDI33mu78TVz4hbbr4SzI=
-25,-7,Vhxf+AqpQHlfdM34u2F0inMNZks=,uy/1BwSby1PcMbrKAMuBjHD5JtI=
-21,-13,Vhxf+AqpQHlfdM34u2F0inMNZks=,p1ndn9yDI33mu78TVz4hbbr4SzI=
-25,-13,Vhxf+AqpQHlfdM34u2F0inMNZks=,nrBKL92Vp/s/LD8ZQRT60HAum9E=
-23,-13,Vhxf+AqpQHlfdM34u2F0inMNZks=,p1ndn9yDI33mu78TVz4hbbr4SzI=
-22,-13,Vhxf+AqpQHlfdM34u2F0inMNZks=,p1ndn9yDI33mu78TVz4hbbr4SzI=
-20,-13,Vhxf+AqpQHlfdM34u2F0inMNZks=,p1ndn9yDI33mu78TVz4hbbr4SzI=
-24,-13,Vhxf+AqpQHlfdM34u2F0inMNZks=,p1ndn9yDI33mu78TVz4hbbr4SzI=
-25,-6,Vhxf+AqpQHlfdM34u2F0inMNZks=,uy/1BwSby1PcMbrKAMuBjHD5JtI=
-19,-5,Vhxf+AqpQHlfdM34u2F0inMNZks=,UaAfmHX//WVkQr0Wt/2adgZN9Ww=
-27,-15,Vhxf+AqpQHlfdM34u2F0inMNZks=,nrBKL92Vp/s/LD8ZQRT60HAum9E=
-18,-13,Vhxf+AqpQHlfdM34u2F0inMNZks=,p1ndn9yDI33mu78TVz4hbbr4SzI=
-27,-5,Vhxf+AqpQHlfdM34u2F0inMNZks=,uy/1BwSby1PcMbrKAMuBjHD5JtI=
-28,-6,Vhxf+AqpQHlfdM34u2F0inMNZks=,uy/1BwSby1PcMbrKAMuBjHD5JtI=
-28,-7,Vhxf+AqpQHlfdM34u2F0inMNZks=,uy/1BwSby1PcMbrKAMuBjHD5JtI=
-18,-5,Vhxf+AqpQHlfdM34u2F0inMNZks=,UaAfmHX//WVkQr0Wt/2adgZN9Ww=
-21,-6,Vhxf+AqpQHlfdM34u2F0inMNZks=,UaAfmHX//WVkQr0Wt/2adgZN9Ww=
-20,-6,Vhxf+AqpQHlfdM34u2F0inMNZks=,UaAfmHX//WVkQr0Wt/2adgZN9Ww=
-19,-6,Vhxf+AqpQHlfdM34u2F0inMNZks=,UaAfmHX//WVkQr0Wt/2adgZN9Ww=
-18,-7,Vhxf+AqpQHlfdM34u2F0inMNZks=,UaAfmHX//WVkQr0Wt/2adgZN9Ww=
-24,-12,Vhxf+AqpQHlfdM34u2F0inMNZks=,p1ndn9yDI33mu78TVz4hbbr4SzI=
-22,-6,Vhxf+AqpQHlfdM34u2F0inMNZks=,UaAfmHX//WVkQr0Wt/2adgZN9Ww=
-28,-5,Vhxf+AqpQHlfdM34u2F0inMNZks=,uy/1BwSby1PcMbrKAMuBjHD5JtI=
-26,-7,Vhxf+AqpQHlfdM34u2F0inMNZks=,uy/1BwSby1PcMbrKAMuBjHD5JtI=
-18,-6,Vhxf+AqpQHlfdM34u2F0inMNZks=,UaAfmHX//WVkQr0Wt/2adgZN9Ww=
-23,-7,Vhxf+AqpQHlfdM34u2F0inMNZks=,UaAfmHX//WVkQr0Wt/2adgZN9Ww=
-20,-8,Vhxf+AqpQHlfdM34u2F0inMNZks=,UaAfmHX//WVkQr0Wt/2adgZN9Ww=
-22,-7,Vhxf+AqpQHlfdM34u2F0inMNZks=,UaAfmHX//WVkQr0Wt/2adgZN9Ww=
-21,-7,Vhxf+AqpQHlfdM34u2F0inMNZks=,UaAfmHX//WVkQr0Wt/2adgZN9Ww=
-19,-7,Vhxf+AqpQHlfdM34u2F0inMNZks=,UaAfmHX//WVkQr0Wt/2adgZN9Ww=
-24,-6,Vhxf+AqpQHlfdM34u2F0inMNZks=,UaAfmHX//WVkQr0Wt/2adgZN9Ww=
-24,-7,Vhxf+AqpQHlfdM34u2F0inMNZks=,UaAfmHX//WVkQr0Wt/2adgZN9Ww=
-23,-6,Vhxf+AqpQHlfdM34u2F0inMNZks=,UaAfmHX//WVkQr0Wt/2adgZN9Ww=
-21,-5,Vhxf+AqpQHlfdM34u2F0inMNZks=,UaAfmHX//WVkQr0Wt/2adgZN9Ww=
-24,-15,Vhxf+AqpQHlfdM34u2F0inMNZks=,p1ndn9yDI33mu78TVz4hbbr4SzI=
-26,-6,Vhxf+AqpQHlfdM34u2F0inMNZks=,uy/1BwSby1PcMbrKAMuBjHD5JtI=
-20,-7,Vhxf+AqpQHlfdM34u2F0inMNZks=,UaAfmHX//WVkQr0Wt/2adgZN9Ww=
-21,-15,Vhxf+AqpQHlfdM34u2F0inMNZks=,p1ndn9yDI33mu78TVz4hbbr4SzI=
-23,-15,Vhxf+AqpQHlfdM34u2F0inMNZks=,p1ndn9yDI33mu78TVz4hbbr4SzI=
-22,-15,Vhxf+AqpQHlfdM34u2F0inMNZks=,p1ndn9yDI33mu78TVz4hbbr4SzI=
-23,-12,Vhxf+AqpQHlfdM34u2F0inMNZks=,p1ndn9yDI33mu78TVz4hbbr4SzI=
-23,-14,Vhxf+AqpQHlfdM34u2F0inMNZks=,p1ndn9yDI33mu78TVz4hbbr4SzI=
-24,-14,Vhxf+AqpQHlfdM34u2F0inMNZks=,p1ndn9yDI33mu78TVz4hbbr4SzI=
-17,-14,Vhxf+AqpQHlfdM34u2F0inMNZks=,p1ndn9yDI33mu78TVz4hbbr4SzI=
-18,-14,Vhxf+AqpQHlfdM34u2F0inMNZks=,p1ndn9yDI33mu78TVz4hbbr4SzI=
-22,-14,Vhxf+AqpQHlfdM34u2F0inMNZks=,p1ndn9yDI33mu78TVz4hbbr4SzI=
-20,-14,Vhxf+AqpQHlfdM34u2F0inMNZks=,p1ndn9yDI33mu78TVz4hbbr4SzI=
-21,-14,Vhxf+AqpQHlfdM34u2F0inMNZks=,p1ndn9yDI33mu78TVz4hbbr4SzI=
-19,-14,Vhxf+AqpQHlfdM34u2F0inMNZks=,p1ndn9yDI33mu78TVz4hbbr4SzI=
-17,-13,Vhxf+AqpQHlfdM34u2F0inMNZks=,p1ndn9yDI33mu78TVz4hbbr4SzI=
-27,-6,Vhxf+AqpQHlfdM34u2F0inMNZks=,uy/1BwSby1PcMbrKAMuBjHD5JtI=
-27,-7,Vhxf+AqpQHlfdM34u2F0inMNZks=,uy/1BwSby1PcMbrKAMuBjHD5JtI=
-17,-12,Vhxf+AqpQHlfdM34u2F0inMNZks=,p1ndn9yDI33mu78TVz4hbbr4SzI=
-23,-16,Vhxf+AqpQHlfdM34u2F0inMNZks=,p1ndn9yDI33mu78TVz4hbbr4SzI=
-22,-8,Vhxf+AqpQHlfdM34u2F0inMNZks=,UaAfmHX//WVkQr0Wt/2adgZN9Ww=
-22,-16,Vhxf+AqpQHlfdM34u2F0inMNZks=,p1ndn9yDI33mu78TVz4hbbr4SzI=
-17,-15,Vhxf+AqpQHlfdM34u2F0inMNZks=,p1ndn9yDI33mu78TVz4hbbr4SzI=
-21,-16,Vhxf+AqpQHlfdM34u2F0inMNZks=,p1ndn9yDI33mu78TVz4hbbr4SzI=
-22,-12,Vhxf+AqpQHlfdM34u2F0inMNZks=,p1ndn9yDI33mu78TVz4hbbr4SzI=
-17,-10,Vhxf+AqpQHlfdM34u2F0inMNZks=,p1ndn9yDI33mu78TVz4hbbr4SzI=
-20,-16,Vhxf+AqpQHlfdM34u2F0inMNZks=,p1ndn9yDI33mu78TVz4hbbr4SzI=
-17,-6,Vhxf+AqpQHlfdM34u2F0inMNZks=,UaAfmHX//WVkQr0Wt/2adgZN9Ww=
-19,-16,Vhxf+AqpQHlfdM34u2F0inMNZks=,p1ndn9yDI33mu78TVz4hbbr4SzI=
-17,-8,Vhxf+AqpQHlfdM34u2F0inMNZks=,UaAfmHX//WVkQr0Wt/2adgZN9Ww=
-18,-16,Vhxf+AqpQHlfdM34u2F0inMNZks=,p1ndn9yDI33mu78TVz4hbbr4SzI=
-24,-16,Vhxf+AqpQHlfdM34u2F0inMNZks=,p1ndn9yDI33mu78TVz4hbbr4SzI=
-17,-9,Vhxf+AqpQHlfdM34u2F0inMNZks=,p1ndn9yDI33mu78TVz4hbbr4SzI=
-17,-7,Vhxf+AqpQHlfdM34u2F0inMNZks=,UaAfmHX//WVkQr0Wt/2adgZN9Ww=
-19,-8,Vhxf+AqpQHlfdM34u2F0inMNZks=,UaAfmHX//WVkQr0Wt/2adgZN9Ww=
-18,-15,Vhxf+AqpQHlfdM34u2F0inMNZks=,p1ndn9yDI33mu78TVz4hbbr4SzI=
-17,-16,Vhxf+AqpQHlfdM34u2F0inMNZks=,p1ndn9yDI33mu78TVz4hbbr4SzI=
-23,-8,Vhxf+AqpQHlfdM34u2F0inMNZks=,UaAfmHX//WVkQr0Wt/2adgZN9Ww=
-24,-8,Vhxf+AqpQHlfdM34u2F0inMNZks=,UaAfmHX//WVkQr0Wt/2adgZN9Ww=
-21,-9,Vhxf+AqpQHlfdM34u2F0inMNZks=,p1ndn9yDI33mu78TVz4hbbr4SzI=
-19,-15,Vhxf+AqpQHlfdM34u2F0inMNZks=,p1ndn9yDI33mu78TVz4hbbr4SzI=
-22,-5,Vhxf+AqpQHlfdM34u2F0inMNZks=,UaAfmHX//WVkQr0Wt/2adgZN9Ww=
-20,-9,Vhxf+AqpQHlfdM34u2F0inMNZks=,p1ndn9yDI33mu78TVz4hbbr4SzI=
-18,-9,Vhxf+AqpQHlfdM34u2F0inMNZks=,p1ndn9yDI33mu78TVz4hbbr4SzI=
-22,-9,Vhxf+AqpQHlfdM34u2F0inMNZks=,p1ndn9yDI33mu78TVz4hbbr4SzI=
-19,-9,Vhxf+AqpQHlfdM34u2F0inMNZks=,p1ndn9yDI33mu78TVz4hbbr4SzI=
-23,-9,Vhxf+AqpQHlfdM34u2F0inMNZks=,p1ndn9yDI33mu78TVz4hbbr4SzI=
-24,-9,Vhxf+AqpQHlfdM34u2F0inMNZks=,p1ndn9yDI33mu78TVz4hbbr4SzI=
-20,-15,Vhxf+AqpQHlfdM34u2F0inMNZks=,p1ndn9yDI33mu78TVz4hbbr4SzI=
-17,-11,Vhxf+AqpQHlfdM34u2F0inMNZks=,p1ndn9yDI33mu78TVz4hbbr4SzI=
-21,-12,Vhxf+AqpQHlfdM34u2F0inMNZks=,p1ndn9yDI33mu78TVz4hbbr4SzI=
-22,-10,Vhxf+AqpQHlfdM34u2F0inMNZks=,p1ndn9yDI33mu78TVz4hbbr4SzI=
-21,-10,Vhxf+AqpQHlfdM34u2F0inMNZks=,p1ndn9yDI33mu78TVz4hbbr4SzI=
-17,-5,Vhxf+AqpQHlfdM34u2F0inMNZks=,UaAfmHX//WVkQr0Wt/2adgZN9Ww=
-23,-10,Vhxf+AqpQHlfdM34u2F0inMNZks=,p1ndn9yDI33mu78TVz4hbbr4SzI=
-24,-10,Vhxf+AqpQHlfdM34u2F0inMNZks=,p1ndn9yDI33mu78TVz4hbbr4SzI=
-18,-11,Vhxf+AqpQHlfdM34u2F0inMNZks=,p1ndn9yDI33mu78TVz4hbbr4SzI=
-23,-11,Vhxf+AqpQHlfdM34u2F0inMNZks=,p1ndn9yDI33mu78TVz4hbbr4SzI=
-22,-11,Vhxf+AqpQHlfdM34u2F0inMNZks=,p1ndn9yDI33mu78TVz4hbbr4SzI=
-20,-10,Vhxf+AqpQHlfdM34u2F0inMNZks=,p1ndn9yDI33mu78TVz4hbbr4SzI=
-19,-11,Vhxf+AqpQHlfdM34u2F0inMNZks=,p1ndn9yDI33mu78TVz4hbbr4SzI=
-18,-10,Vhxf+AqpQHlfdM34u2F0inMNZks=,p1ndn9yDI33mu78TVz4hbbr4SzI=
-19,-10,Vhxf+AqpQHlfdM34u2F0inMNZks=,p1ndn9yDI33mu78TVz4hbbr4SzI=
-18,-8,Vhxf+AqpQHlfdM34u2F0inMNZks=,UaAfmHX//WVkQr0Wt/2adgZN9Ww=
-20,-11,Vhxf+AqpQHlfdM34u2F0inMNZks=,p1ndn9yDI33mu78TVz4hbbr4SzI=
-24,-11,Vhxf+AqpQHlfdM34u2F0inMNZks=,p1ndn9yDI33mu78TVz4hbbr4SzI=
-21,-11,Vhxf+AqpQHlfdM34u2F0inMNZks=,p1ndn9yDI33mu78TVz4hbbr4SzI=
-19,-12,Vhxf+AqpQHlfdM34u2F0inMNZks=,p1ndn9yDI33mu78TVz4hbbr4SzI=
-20,-12,Vhxf+AqpQHlfdM34u2F0inMNZks=,p1ndn9yDI33mu78TVz4hbbr4SzI=
-18,-12,nh0qIs8inGhjQ9OfWvv0WkLm/1c=,p1ndn9yDI33mu78TVz4hbbr4SzI=
-23,-5,nh0qIs8inGhjQ9OfWvv0WkLm/1c=,UaAfmHX//WVkQr0Wt/2adgZN9Ww=
-24,-5,nh0qIs8inGhjQ9OfWvv0WkLm/1c=,UaAfmHX//WVkQr0Wt/2adgZN9Ww=
