-25,4,bM6gIk/DP0HuaTFx9D9gTi9KL3s=,idANsx140LVMN5MyKQBsSjiW2EQ=
-25,8,bM6gIk/DP0HuaTFx9D9gTi9KL3s=,Y8ND8vEtlZLN/mEj3Saw+SoTyXw=
-25,5,bM6gIk/DP0HuaTFx9D9gTi9KL3s=,idANsx140LVMN5MyKQBsSjiW2EQ=
-25,9,bM6gIk/DP0HuaTFx9D9gTi9KL3s=,Y8ND8vEtlZLN/mEj3Saw+SoTyXw=
-25,11,bM6gIk/DP0HuaTFx9D9gTi9KL3s=,Y8ND8vEtlZLN/mEj3Saw+SoTyXw=
-25,10,bM6gIk/DP0HuaTFx9D9gTi9KL3s=,Y8ND8vEtlZLN/mEj3Saw+SoTyXw=
-26,9,bM6gIk/DP0HuaTFx9D9gTi9KL3s=,Y8ND8vEtlZLN/mEj3Saw+SoTyXw=
-27,9,bM6gIk/DP0HuaTFx9D9gTi9KL3s=,Y8ND8vEtlZLN/mEj3Saw+SoTyXw=
-28,9,bM6gIk/DP0HuaTFx9D9gTi9KL3s=,Y8ND8vEtlZLN/mEj3Saw+SoTyXw=
-26,8,bM6gIk/DP0HuaTFx9D9gTi9KL3s=,Y8ND8vEtlZLN/mEj3Saw+SoTyXw=
-24,9,bM6gIk/DP0HuaTFx9D9gTi9KL3s=,Hr6jucpRF6gtON9qyIV9CuyKxIs=
-24,5,bM6gIk/DP0HuaTFx9D9gTi9KL3s=,i2Kscd9uIhBPY0wacSxZ1ej2oQw=
-25,7,bM6gIk/DP0HuaTFx9D9gTi9KL3s=,idANsx140LVMN5MyKQBsSjiW2EQ=
-24,11,bM6gIk/DP0HuaTFx9D9gTi9KL3s=,Hr6jucpRF6gtON9qyIV9CuyKxIs=
-25,6,bM6gIk/DP0HuaTFx9D9gTi9KL3s=,idANsx140LVMN5MyKQBsSjiW2EQ=
-21,11,bM6gIk/DP0HuaTFx9D9gTi9KL3s=,Hr6jucpRF6gtON9qyIV9CuyKxIs=
-23,11,bM6gIk/DP0HuaTFx9D9gTi9KL3s=,Hr6jucpRF6gtON9qyIV9CuyKxIs=
-22,11,bM6gIk/DP0HuaTFx9D9gTi9KL3s=,Hr6jucpRF6gtON9qyIV9CuyKxIs=
-23,5,bM6gIk/DP0HuaTFx9D9gTi9KL3s=,i2Kscd9uIhBPY0wacSxZ1ej2oQw=
-24,8,bM6gIk/DP0HuaTFx9D9gTi9KL3s=,Hr6jucpRF6gtON9qyIV9CuyKxIs=
-17,7,bM6gIk/DP0HuaTFx9D9gTi9KL3s=,i2Kscd9uIhBPY0wacSxZ1ej2oQw=
-26,7,bM6gIk/DP0HuaTFx9D9gTi9KL3s=,idANsx140LVMN5MyKQBsSjiW2EQ=
-23,8,bM6gIk/DP0HuaTFx9D9gTi9KL3s=,Hr6jucpRF6gtON9qyIV9CuyKxIs=
-19,4,bM6gIk/DP0HuaTFx9D9gTi9KL3s=,i2Kscd9uIhBPY0wacSxZ1ej2oQw=
-22,8,bM6gIk/DP0HuaTFx9D9gTi9KL3s=,Hr6jucpRF6gtON9qyIV9CuyKxIs=
-18,0,bM6gIk/DP0HuaTFx9D9gTi9KL3s=,i2Kscd9uIhBPY0wacSxZ1ej2oQw=
-20,4,bM6gIk/DP0HuaTFx9D9gTi9KL3s=,i2Kscd9uIhBPY0wacSxZ1ej2oQw=
-21,8,bM6gIk/DP0HuaTFx9D9gTi9KL3s=,Hr6jucpRF6gtON9qyIV9CuyKxIs=
-27,8,bM6gIk/DP0HuaTFx9D9gTi9KL3s=,Y8ND8vEtlZLN/mEj3Saw+SoTyXw=
-23,9,bM6gIk/DP0HuaTFx9D9gTi9KL3s=,Hr6jucpRF6gtON9qyIV9CuyKxIs=
-18,4,bM6gIk/DP0HuaTFx9D9gTi9KL3s=,i2Kscd9uIhBPY0wacSxZ1ej2oQw=
-22,5,bM6gIk/DP0HuaTFx9D9gTi9KL3s=,i2Kscd9uIhBPY0wacSxZ1ej2oQw=
-20,1,bM6gIk/DP0HuaTFx9D9gTi9KL3s=,i2Kscd9uIhBPY0wacSxZ1ej2oQw=
-17,0,bM6gIk/DP0HuaTFx9D9gTi9KL3s=,i2Kscd9uIhBPY0wacSxZ1ej2oQw=
-27,7,bM6gIk/DP0HuaTFx9D9gTi9KL3s=,idANsx140LVMN5MyKQBsSjiW2EQ=
-21,5,bM6gIk/DP0HuaTFx9D9gTi9KL3s=,i2Kscd9uIhBPY0wacSxZ1ej2oQw=
-22,9,bM6gIk/DP0HuaTFx9D9gTi9KL3s=,Hr6jucpRF6gtON9qyIV9CuyKxIs=
-21,9,bM6gIk/DP0HuaTFx9D9gTi9KL3s=,Hr6jucpRF6gtON9qyIV9CuyKxIs=
-21,4,bM6gIk/DP0HuaTFx9D9gTi9KL3s=,i2Kscd9uIhBPY0wacSxZ1ej2oQw=
-20,5,bM6gIk/DP0HuaTFx9D9gTi9KL3s=,i2Kscd9uIhBPY0wacSxZ1ej2oQw=
-24,10,bM6gIk/DP0HuaTFx9D9gTi9KL3s=,Hr6jucpRF6gtON9qyIV9CuyKxIs=
-24,6,bM6gIk/DP0HuaTFx9D9gTi9KL3s=,i2Kscd9uIhBPY0wacSxZ1ej2oQw=
-28,7,bM6gIk/DP0HuaTFx9D9gTi9KL3s=,idANsx140LVMN5MyKQBsSjiW2EQ=
-21,7,bM6gIk/DP0HuaTFx9D9gTi9KL3s=,i2Kscd9uIhBPY0wacSxZ1ej2oQw=
-23,10,bM6gIk/DP0HuaTFx9D9gTi9KL3s=,Hr6jucpRF6gtON9qyIV9CuyKxIs=
-24,0,bM6gIk/DP0HuaTFx9D9gTi9KL3s=,i2Kscd9uIhBPY0wacSxZ1ej2oQw=
-21,10,bM6gIk/DP0HuaTFx9D9gTi9KL3s=,Hr6jucpRF6gtON9qyIV9CuyKxIs=
-22,10,bM6gIk/DP0HuaTFx9D9gTi9KL3s=,Hr6jucpRF6gtON9qyIV9CuyKxIs=
-25,0,bM6gIk/DP0HuaTFx9D9gTi9KL3s=,idANsx140LVMN5MyKQBsSjiW2EQ=
-19,1,bM6gIk/DP0HuaTFx9D9gTi9KL3s=,i2Kscd9uIhBPY0wacSxZ1ej2oQw=
-19,7,bM6gIk/DP0HuaTFx9D9gTi9KL3s=,i2Kscd9uIhBPY0wacSxZ1ej2oQw=
-20,7,bM6gIk/DP0HuaTFx9D9gTi9KL3s=,i2Kscd9uIhBPY0wacSxZ1ej2oQw=
-23,6,bM6gIk/DP0HuaTFx9D9gTi9KL3s=,i2Kscd9uIhBPY0wacSxZ1ej2oQw=
-28,8,bM6gIk/DP0HuaTFx9D9gTi9KL3s=,Y8ND8vEtlZLN/mEj3Saw+SoTyXw=
-22,4,bM6gIk/DP0HuaTFx9D9gTi9KL3s=,i2Kscd9uIhBPY0wacSxZ1ej2oQw=
-22,7,bM6gIk/DP0HuaTFx9D9gTi9KL3s=,i2Kscd9uIhBPY0wacSxZ1ej2oQw=
-27,2,bM6gIk/DP0HuaTFx9D9gTi9KL3s=,idANsx140LVMN5MyKQBsSjiW2EQ=
-27,0,bM6gIk/DP0HuaTFx9D9gTi9KL3s=,idANsx140LVMN5MyKQBsSjiW2EQ=
-28,2,bM6gIk/DP0HuaTFx9D9gTi9KL3s=,idANsx140LVMN5MyKQBsSjiW2EQ=
-22,6,bM6gIk/DP0HuaTFx9D9gTi9KL3s=,i2Kscd9uIhBPY0wacSxZ1ej2oQw=
-17,8,bM6gIk/DP0HuaTFx9D9gTi9KL3s=,Hr6jucpRF6gtON9qyIV9CuyKxIs=
-28,3,bM6gIk/DP0HuaTFx9D9gTi9KL3s=,idANsx140LVMN5MyKQBsSjiW2EQ=
-26,11,bM6gIk/DP0HuaTFx9D9gTi9KL3s=,Y8ND8vEtlZLN/mEj3Saw+SoTyXw=
-18,1,bM6gIk/DP0HuaTFx9D9gTi9KL3s=,i2Kscd9uIhBPY0wacSxZ1ej2oQw=
-27,3,bM6gIk/DP0HuaTFx9D9gTi9KL3s=,idANsx140LVMN5MyKQBsSjiW2EQ=
-26,0,bM6gIk/DP0HuaTFx9D9gTi9KL3s=,idANsx140LVMN5MyKQBsSjiW2EQ=
-19,2,bM6gIk/DP0HuaTFx9D9gTi9KL3s=,i2Kscd9uIhBPY0wacSxZ1ej2oQw=
-20,2,bM6gIk/DP0HuaTFx9D9gTi9KL3s=,i2Kscd9uIhBPY0wacSxZ1ej2oQw=
-21,6,bM6gIk/DP0HuaTFx9D9gTi9KL3s=,i2Kscd9uIhBPY0wacSxZ1ej2oQw=
-18,2,bM6gIk/DP0HuaTFx9D9gTi9KL3s=,i2Kscd9uIhBPY0wacSxZ1ej2oQw=
-18,7,bM6gIk/DP0HuaTFx9D9gTi9KL3s=,i2Kscd9uIhBPY0wacSxZ1ej2oQw=
-26,3,bM6gIk/DP0HuaTFx9D9gTi9KL3s=,idANsx140LVMN5MyKQBsSjiW2EQ=
-27,11,bM6gIk/DP0HuaTFx9D9gTi9KL3s=,Y8ND8vEtlZLN/mEj3Saw+SoTyXw=
-17,1,bM6gIk/DP0HuaTFx9D9gTi9KL3s=,i2Kscd9uIhBPY0wacSxZ1ej2oQw=
-26,2,bM6gIk/DP0HuaTFx9D9gTi9KL3s=,idANsx140LVMN5MyKQBsSjiW2EQ=
-23,7,bM6gIk/DP0HuaTFx9D9gTi9KL3s=,i2Kscd9uIhBPY0wacSxZ1ej2oQw=
-17,2,bM6gIk/DP0HuaTFx9D9gTi9KL3s=,i2Kscd9uIhBPY0wacSxZ1ej2oQw=
-20,10,bM6gIk/DP0HuaTFx9D9gTi9KL3s=,Hr6jucpRF6gtON9qyIV9CuyKxIs=
-24,7,bM6gIk/DP0HuaTFx9D9gTi9KL3s=,i2Kscd9uIhBPY0wacSxZ1ej2oQw=
-26,1,bM6gIk/DP0HuaTFx9D9gTi9KL3s=,idANsx140LVMN5MyKQBsSjiW2EQ=
-23,4,bM6gIk/DP0HuaTFx9D9gTi9KL3s=,i2Kscd9uIhBPY0wacSxZ1ej2oQw=
-24,1,bM6gIk/DP0HuaTFx9D9gTi9KL3s=,i2Kscd9uIhBPY0wacSxZ1ej2oQw=
-27,1,bM6gIk/DP0HuaTFx9D9gTi9KL3s=,idANsx140LVMN5MyKQBsSjiW2EQ=
-23,1,bM6gIk/DP0HuaTFx9D9gTi9KL3s=,i2Kscd9uIhBPY0wacSxZ1ej2oQw=
-17,3,bM6gIk/DP0HuaTFx9D9gTi9KL3s=,i2Kscd9uIhBPY0wacSxZ1ej2oQw=
-28,11,bM6gIk/DP0HuaTFx9D9gTi9KL3s=,Y8ND8vEtlZLN/mEj3Saw+SoTyXw=
-28,1,bM6gIk/DP0HuaTFx9D9gTi9KL3s=,idANsx140LVMN5MyKQBsSjiW2EQ=
-22,1,bM6gIk/DP0HuaTFx9D9gTi9KL3s=,i2Kscd9uIhBPY0wacSxZ1ej2oQw=
-28,0,bM6gIk/DP0HuaTFx9D9gTi9KL3s=,idANsx140LVMN5MyKQBsSjiW2EQ=
-21,1,bM6gIk/DP0HuaTFx9D9gTi9KL3s=,i2Kscd9uIhBPY0wacSxZ1ej2oQw=
-25,1,bM6gIk/DP0HuaTFx9D9gTi9KL3s=,idANsx140LVMN5MyKQBsSjiW2EQ=
-24,2,bM6gIk/DP0HuaTFx9D9gTi9KL3s=,i2Kscd9uIhBPY0wacSxZ1ej2oQw=
-26,10,bM6gIk/DP0HuaTFx9D9gTi9KL3s=,Y8ND8vEtlZLN/mEj3Saw+SoTyXw=
-17,9,bM6gIk/DP0HuaTFx9D9gTi9KL3s=,Hr6jucpRF6gtON9qyIV9CuyKxIs=
-21,0,bM6gIk/DP0HuaTFx9D9gTi9KL3s=,i2Kscd9uIhBPY0wacSxZ1ej2oQw=
-27,10,bM6gIk/DP0HuaTFx9D9gTi9KL3s=,Y8ND8vEtlZLN/mEj3Saw+SoTyXw=
-22,0,bM6gIk/DP0HuaTFx9D9gTi9KL3s=,i2Kscd9uIhBPY0wacSxZ1ej2oQw=
-23,2,bM6gIk/DP0HuaTFx9D9gTi9KL3s=,i2Kscd9uIhBPY0wacSxZ1ej2oQw=
-19,5,bM6gIk/DP0HuaTFx9D9gTi9KL3s=,i2Kscd9uIhBPY0wacSxZ1ej2oQw=
-19,10,bM6gIk/DP0HuaTFx9D9gTi9KL3s=,Hr6jucpRF6gtON9qyIV9CuyKxIs=
-23,0,bM6gIk/DP0HuaTFx9D9gTi9KL3s=,i2Kscd9uIhBPY0wacSxZ1ej2oQw=
-25,2,bM6gIk/DP0HuaTFx9D9gTi9KL3s=,idANsx140LVMN5MyKQBsSjiW2EQ=
-18,5,bM6gIk/DP0HuaTFx9D9gTi9KL3s=,i2Kscd9uIhBPY0wacSxZ1ej2oQw=
-28,10,bM6gIk/DP0HuaTFx9D9gTi9KL3s=,Y8ND8vEtlZLN/mEj3Saw+SoTyXw=
-25,3,bM6gIk/DP0HuaTFx9D9gTi9KL3s=,idANsx140LVMN5MyKQBsSjiW2EQ=
-26,5,bM6gIk/DP0HuaTFx9D9gTi9KL3s=,idANsx140LVMN5MyKQBsSjiW2EQ=
-17,11,bM6gIk/DP0HuaTFx9D9gTi9KL3s=,Hr6jucpRF6gtON9qyIV9CuyKxIs=
-23,3,bM6gIk/DP0HuaTFx9D9gTi9KL3s=,i2Kscd9uIhBPY0wacSxZ1ej2oQw=
-20,6,bM6gIk/DP0HuaTFx9D9gTi9KL3s=,i2Kscd9uIhBPY0wacSxZ1ej2oQw=
-24,3,bM6gIk/DP0HuaTFx9D9gTi9KL3s=,i2Kscd9uIhBPY0wacSxZ1ej2oQw=
-27,5,bM6gIk/DP0HuaTFx9D9gTi9KL3s=,idANsx140LVMN5MyKQBsSjiW2EQ=
-19,6,bM6gIk/DP0HuaTFx9D9gTi9KL3s=,i2Kscd9uIhBPY0wacSxZ1ej2oQw=
-21,2,bM6gIk/DP0HuaTFx9D9gTi9KL3s=,i2Kscd9uIhBPY0wacSxZ1ej2oQw=
-26,6,bM6gIk/DP0HuaTFx9D9gTi9KL3s=,idANsx140LVMN5MyKQBsSjiW2EQ=
-19,0,bM6gIk/DP0HuaTFx9D9gTi9KL3s=,i2Kscd9uIhBPY0wacSxZ1ej2oQw=
-20,0,bM6gIk/DP0HuaTFx9D9gTi9KL3s=,i2Kscd9uIhBPY0wacSxZ1ej2oQw=
-17,10,bM6gIk/DP0HuaTFx9D9gTi9KL3s=,Hr6jucpRF6gtON9qyIV9CuyKxIs=
-22,2,bM6gIk/DP0HuaTFx9D9gTi9KL3s=,i2Kscd9uIhBPY0wacSxZ1ej2oQw=
-18,6,bM6gIk/DP0HuaTFx9D9gTi9KL3s=,i2Kscd9uIhBPY0wacSxZ1ej2oQw=
-27,6,bM6gIk/DP0HuaTFx9D9gTi9KL3s=,idANsx140LVMN5MyKQBsSjiW2EQ=
-24,4,bM6gIk/DP0HuaTFx9D9gTi9KL3s=,i2Kscd9uIhBPY0wacSxZ1ej2oQw=
-18,3,bM6gIk/DP0HuaTFx9D9gTi9KL3s=,i2Kscd9uIhBPY0wacSxZ1ej2oQw=
-19,3,bM6gIk/DP0HuaTFx9D9gTi9KL3s=,i2Kscd9uIhBPY0wacSxZ1ej2oQw=
-20,3,bM6gIk/DP0HuaTFx9D9gTi9KL3s=,i2Kscd9uIhBPY0wacSxZ1ej2oQw=
-17,6,bM6gIk/DP0HuaTFx9D9gTi9KL3s=,i2Kscd9uIhBPY0wacSxZ1ej2oQw=
-21,3,bM6gIk/DP0HuaTFx9D9gTi9KL3s=,i2Kscd9uIhBPY0wacSxZ1ej2oQw=
-17,4,bM6gIk/DP0HuaTFx9D9gTi9KL3s=,i2Kscd9uIhBPY0wacSxZ1ej2oQw=
-22,3,bM6gIk/DP0HuaTFx9D9gTi9KL3s=,i2Kscd9uIhBPY0wacSxZ1ej2oQw=
-28,6,bM6gIk/DP0HuaTFx9D9gTi9KL3s=,idANsx140LVMN5MyKQBsSjiW2EQ=
-20,8,bM6gIk/DP0HuaTFx9D9gTi9KL3s=,Hr6jucpRF6gtON9qyIV9CuyKxIs=
-27,4,bM6gIk/DP0HuaTFx9D9gTi9KL3s=,idANsx140LVMN5MyKQBsSjiW2EQ=
-26,4,bM6gIk/DP0HuaTFx9D9gTi9KL3s=,idANsx140LVMN5MyKQBsSjiW2EQ=
-28,4,bM6gIk/DP0HuaTFx9D9gTi9KL3s=,idANsx140LVMN5MyKQBsSjiW2EQ=
-17,5,bM6gIk/DP0HuaTFx9D9gTi9KL3s=,i2Kscd9uIhBPY0wacSxZ1ej2oQw=
-18,10,bM6gIk/DP0HuaTFx9D9gTi9KL3s=,Hr6jucpRF6gtON9qyIV9CuyKxIs=
-20,11,bM6gIk/DP0HuaTFx9D9gTi9KL3s=,Hr6jucpRF6gtON9qyIV9CuyKxIs=
-28,5,bM6gIk/DP0HuaTFx9D9gTi9KL3s=,idANsx140LVMN5MyKQBsSjiW2EQ=
-19,11,bM6gIk/DP0HuaTFx9D9gTi9KL3s=,Hr6jucpRF6gtON9qyIV9CuyKxIs=
-18,9,bM6gIk/DP0HuaTFx9D9gTi9KL3s=,Hr6jucpRF6gtON9qyIV9CuyKxIs=
-19,8,bM6gIk/DP0HuaTFx9D9gTi9KL3s=,Hr6jucpRF6gtON9qyIV9CuyKxIs=
-19,9,bM6gIk/DP0HuaTFx9D9gTi9KL3s=,Hr6jucpRF6gtON9qyIV9CuyKxIs=
-17,15,bM6gIk/DP0HuaTFx9D9gTi9KL3s=,Hr6jucpRF6gtON9qyIV9CuyKxIs=
-18,11,bM6gIk/DP0HuaTFx9D9gTi9KL3s=,Hr6jucpRF6gtON9qyIV9CuyKxIs=
-18,8,bM6gIk/DP0HuaTFx9D9gTi9KL3s=,Hr6jucpRF6gtON9qyIV9CuyKxIs=
-19,12,bM6gIk/DP0HuaTFx9D9gTi9KL3s=,Hr6jucpRF6gtON9qyIV9CuyKxIs=
-20,12,bM6gIk/DP0HuaTFx9D9gTi9KL3s=,Hr6jucpRF6gtON9qyIV9CuyKxIs=
-18,15,bM6gIk/DP0HuaTFx9D9gTi9KL3s=,Hr6jucpRF6gtON9qyIV9CuyKxIs=
-18,12,bM6gIk/DP0HuaTFx9D9gTi9KL3s=,Hr6jucpRF6gtON9qyIV9CuyKxIs=
-20,9,bM6gIk/DP0HuaTFx9D9gTi9KL3s=,Hr6jucpRF6gtON9qyIV9CuyKxIs=
-20,13,bM6gIk/DP0HuaTFx9D9gTi9KL3s=,Hr6jucpRF6gtON9qyIV9CuyKxIs=
-18,13,bM6gIk/DP0HuaTFx9D9gTi9KL3s=,Hr6jucpRF6gtON9qyIV9CuyKxIs=
-19,15,bM6gIk/DP0HuaTFx9D9gTi9KL3s=,Hr6jucpRF6gtON9qyIV9CuyKxIs=
-19,13,bM6gIk/DP0HuaTFx9D9gTi9KL3s=,Hr6jucpRF6gtON9qyIV9CuyKxIs=
-32,14,bM6gIk/DP0HuaTFx9D9gTi9KL3s=,Y8ND8vEtlZLN/mEj3Saw+SoTyXw=
-32,8,bM6gIk/DP0HuaTFx9D9gTi9KL3s=,Y8ND8vEtlZLN/mEj3Saw+SoTyXw=
-32,13,bM6gIk/DP0HuaTFx9D9gTi9KL3s=,Y8ND8vEtlZLN/mEj3Saw+SoTyXw=
-20,15,bM6gIk/DP0HuaTFx9D9gTi9KL3s=,Hr6jucpRF6gtON9qyIV9CuyKxIs=
-32,9,bM6gIk/DP0HuaTFx9D9gTi9KL3s=,Y8ND8vEtlZLN/mEj3Saw+SoTyXw=
-25,15,bM6gIk/DP0HuaTFx9D9gTi9KL3s=,Y8ND8vEtlZLN/mEj3Saw+SoTyXw=
-19,14,bM6gIk/DP0HuaTFx9D9gTi9KL3s=,Hr6jucpRF6gtON9qyIV9CuyKxIs=
-20,14,bM6gIk/DP0HuaTFx9D9gTi9KL3s=,Hr6jucpRF6gtON9qyIV9CuyKxIs=
-28,15,bM6gIk/DP0HuaTFx9D9gTi9KL3s=,Y8ND8vEtlZLN/mEj3Saw+SoTyXw=
-29,15,bM6gIk/DP0HuaTFx9D9gTi9KL3s=,Y8ND8vEtlZLN/mEj3Saw+SoTyXw=
-32,12,bM6gIk/DP0HuaTFx9D9gTi9KL3s=,Y8ND8vEtlZLN/mEj3Saw+SoTyXw=
-30,15,bM6gIk/DP0HuaTFx9D9gTi9KL3s=,Y8ND8vEtlZLN/mEj3Saw+SoTyXw=
-32,0,bM6gIk/DP0HuaTFx9D9gTi9KL3s=,idANsx140LVMN5MyKQBsSjiW2EQ=
-31,2,bM6gIk/DP0HuaTFx9D9gTi9KL3s=,idANsx140LVMN5MyKQBsSjiW2EQ=
-18,14,bM6gIk/DP0HuaTFx9D9gTi9KL3s=,Hr6jucpRF6gtON9qyIV9CuyKxIs=
-31,1,bM6gIk/DP0HuaTFx9D9gTi9KL3s=,idANsx140LVMN5MyKQBsSjiW2EQ=
-32,2,bM6gIk/DP0HuaTFx9D9gTi9KL3s=,idANsx140LVMN5MyKQBsSjiW2EQ=
-17,12,bM6gIk/DP0HuaTFx9D9gTi9KL3s=,Hr6jucpRF6gtON9qyIV9CuyKxIs=
-31,15,bM6gIk/DP0HuaTFx9D9gTi9KL3s=,Y8ND8vEtlZLN/mEj3Saw+SoTyXw=
-17,13,bM6gIk/DP0HuaTFx9D9gTi9KL3s=,Hr6jucpRF6gtON9qyIV9CuyKxIs=
-27,15,bM6gIk/DP0HuaTFx9D9gTi9KL3s=,Y8ND8vEtlZLN/mEj3Saw+SoTyXw=
-17,14,bM6gIk/DP0HuaTFx9D9gTi9KL3s=,Hr6jucpRF6gtON9qyIV9CuyKxIs=
-32,11,bM6gIk/DP0HuaTFx9D9gTi9KL3s=,Y8ND8vEtlZLN/mEj3Saw+SoTyXw=
-30,1,bM6gIk/DP0HuaTFx9D9gTi9KL3s=,idANsx140LVMN5MyKQBsSjiW2EQ=
-31,0,bM6gIk/DP0HuaTFx9D9gTi9KL3s=,idANsx140LVMN5MyKQBsSjiW2EQ=
-32,4,bM6gIk/DP0HuaTFx9D9gTi9KL3s=,idANsx140LVMN5MyKQBsSjiW2EQ=
-30,2,bM6gIk/DP0HuaTFx9D9gTi9KL3s=,idANsx140LVMN5MyKQBsSjiW2EQ=
-32,15,bM6gIk/DP0HuaTFx9D9gTi9KL3s=,Y8ND8vEtlZLN/mEj3Saw+SoTyXw=
-31,3,bM6gIk/DP0HuaTFx9D9gTi9KL3s=,idANsx140LVMN5MyKQBsSjiW2EQ=
-21,15,bM6gIk/DP0HuaTFx9D9gTi9KL3s=,Hr6jucpRF6gtON9qyIV9CuyKxIs=
-32,1,bM6gIk/DP0HuaTFx9D9gTi9KL3s=,idANsx140LVMN5MyKQBsSjiW2EQ=
-30,3,bM6gIk/DP0HuaTFx9D9gTi9KL3s=,idANsx140LVMN5MyKQBsSjiW2EQ=
-26,15,bM6gIk/DP0HuaTFx9D9gTi9KL3s=,Y8ND8vEtlZLN/mEj3Saw+SoTyXw=
-32,3,bM6gIk/DP0HuaTFx9D9gTi9KL3s=,idANsx140LVMN5MyKQBsSjiW2EQ=
-24,15,bM6gIk/DP0HuaTFx9D9gTi9KL3s=,Hr6jucpRF6gtON9qyIV9CuyKxIs=
-29,2,bM6gIk/DP0HuaTFx9D9gTi9KL3s=,idANsx140LVMN5MyKQBsSjiW2EQ=
-32,6,bM6gIk/DP0HuaTFx9D9gTi9KL3s=,idANsx140LVMN5MyKQBsSjiW2EQ=
-31,12,bM6gIk/DP0HuaTFx9D9gTi9KL3s=,Y8ND8vEtlZLN/mEj3Saw+SoTyXw=
-30,0,bM6gIk/DP0HuaTFx9D9gTi9KL3s=,idANsx140LVMN5MyKQBsSjiW2EQ=
-32,5,bM6gIk/DP0HuaTFx9D9gTi9KL3s=,idANsx140LVMN5MyKQBsSjiW2EQ=
-29,3,bM6gIk/DP0HuaTFx9D9gTi9KL3s=,idANsx140LVMN5MyKQBsSjiW2EQ=
-32,10,bM6gIk/DP0HuaTFx9D9gTi9KL3s=,Y8ND8vEtlZLN/mEj3Saw+SoTyXw=
-30,12,bM6gIk/DP0HuaTFx9D9gTi9KL3s=,Y8ND8vEtlZLN/mEj3Saw+SoTyXw=
-29,12,bM6gIk/DP0HuaTFx9D9gTi9KL3s=,Y8ND8vEtlZLN/mEj3Saw+SoTyXw=
-29,1,bM6gIk/DP0HuaTFx9D9gTi9KL3s=,idANsx140LVMN5MyKQBsSjiW2EQ=
-31,13,bM6gIk/DP0HuaTFx9D9gTi9KL3s=,Y8ND8vEtlZLN/mEj3Saw+SoTyXw=
-29,13,bM6gIk/DP0HuaTFx9D9gTi9KL3s=,Y8ND8vEtlZLN/mEj3Saw+SoTyXw=
-22,15,bM6gIk/DP0HuaTFx9D9gTi9KL3s=,Hr6jucpRF6gtON9qyIV9CuyKxIs=
-30,13,bM6gIk/DP0HuaTFx9D9gTi9KL3s=,Y8ND8vEtlZLN/mEj3Saw+SoTyXw=
-29,0,bM6gIk/DP0HuaTFx9D9gTi9KL3s=,idANsx140LVMN5MyKQBsSjiW2EQ=
-27,12,bM6gIk/DP0HuaTFx9D9gTi9KL3s=,Y8ND8vEtlZLN/mEj3Saw+SoTyXw=
-31,14,bM6gIk/DP0HuaTFx9D9gTi9KL3s=,Y8ND8vEtlZLN/mEj3Saw+SoTyXw=
-29,9,bM6gIk/DP0HuaTFx9D9gTi9KL3s=,Y8ND8vEtlZLN/mEj3Saw+SoTyXw=
-26,12,bM6gIk/DP0HuaTFx9D9gTi9KL3s=,Y8ND8vEtlZLN/mEj3Saw+SoTyXw=
-32,7,bM6gIk/DP0HuaTFx9D9gTi9KL3s=,idANsx140LVMN5MyKQBsSjiW2EQ=
-31,5,bM6gIk/DP0HuaTFx9D9gTi9KL3s=,idANsx140LVMN5MyKQBsSjiW2EQ=
-27,13,bM6gIk/DP0HuaTFx9D9gTi9KL3s=,Y8ND8vEtlZLN/mEj3Saw+SoTyXw=
-28,13,bM6gIk/DP0HuaTFx9D9gTi9KL3s=,Y8ND8vEtlZLN/mEj3Saw+SoTyXw=
-30,14,bM6gIk/DP0HuaTFx9D9gTi9KL3s=,Y8ND8vEtlZLN/mEj3Saw+SoTyXw=
-31,6,bM6gIk/DP0HuaTFx9D9gTi9KL3s=,idANsx140LVMN5MyKQBsSjiW2EQ=
-30,5,bM6gIk/DP0HuaTFx9D9gTi9KL3s=,idANsx140LVMN5MyKQBsSjiW2EQ=
-23,15,bM6gIk/DP0HuaTFx9D9gTi9KL3s=,Hr6jucpRF6gtON9qyIV9CuyKxIs=
-29,14,bM6gIk/DP0HuaTFx9D9gTi9KL3s=,Y8ND8vEtlZLN/mEj3Saw+SoTyXw=
-30,9,bM6gIk/DP0HuaTFx9D9gTi9KL3s=,Y8ND8vEtlZLN/mEj3Saw+SoTyXw=
-24,12,bM6gIk/DP0HuaTFx9D9gTi9KL3s=,Hr6jucpRF6gtON9qyIV9CuyKxIs=
-26,13,bM6gIk/DP0HuaTFx9D9gTi9KL3s=,Y8ND8vEtlZLN/mEj3Saw+SoTyXw=
-28,14,bM6gIk/DP0HuaTFx9D9gTi9KL3s=,Y8ND8vEtlZLN/mEj3Saw+SoTyXw=
-31,4,bM6gIk/DP0HuaTFx9D9gTi9KL3s=,idANsx140LVMN5MyKQBsSjiW2EQ=
-28,12,bM6gIk/DP0HuaTFx9D9gTi9KL3s=,Y8ND8vEtlZLN/mEj3Saw+SoTyXw=
-29,5,bM6gIk/DP0HuaTFx9D9gTi9KL3s=,idANsx140LVMN5MyKQBsSjiW2EQ=
-27,14,bM6gIk/DP0HuaTFx9D9gTi9KL3s=,Y8ND8vEtlZLN/mEj3Saw+SoTyXw=
-24,13,bM6gIk/DP0HuaTFx9D9gTi9KL3s=,Hr6jucpRF6gtON9qyIV9CuyKxIs=
-23,12,bM6gIk/DP0HuaTFx9D9gTi9KL3s=,Hr6jucpRF6gtON9qyIV9CuyKxIs=
-31,9,bM6gIk/DP0HuaTFx9D9gTi9KL3s=,Y8ND8vEtlZLN/mEj3Saw+SoTyXw=
-29,4,bM6gIk/DP0HuaTFx9D9gTi9KL3s=,idANsx140LVMN5MyKQBsSjiW2EQ=
-30,4,bM6gIk/DP0HuaTFx9D9gTi9KL3s=,idANsx140LVMN5MyKQBsSjiW2EQ=
-22,12,bM6gIk/DP0HuaTFx9D9gTi9KL3s=,Hr6jucpRF6gtON9qyIV9CuyKxIs=
-26,14,bM6gIk/DP0HuaTFx9D9gTi9KL3s=,Y8ND8vEtlZLN/mEj3Saw+SoTyXw=
-29,7,bM6gIk/DP0HuaTFx9D9gTi9KL3s=,idANsx140LVMN5MyKQBsSjiW2EQ=
-29,6,bM6gIk/DP0HuaTFx9D9gTi9KL3s=,idANsx140LVMN5MyKQBsSjiW2EQ=
-21,13,bM6gIk/DP0HuaTFx9D9gTi9KL3s=,Hr6jucpRF6gtON9qyIV9CuyKxIs=
-21,14,bM6gIk/DP0HuaTFx9D9gTi9KL3s=,Hr6jucpRF6gtON9qyIV9CuyKxIs=
-31,10,bM6gIk/DP0HuaTFx9D9gTi9KL3s=,Y8ND8vEtlZLN/mEj3Saw+SoTyXw=
-23,13,bM6gIk/DP0HuaTFx9D9gTi9KL3s=,Hr6jucpRF6gtON9qyIV9CuyKxIs=
-30,6,bM6gIk/DP0HuaTFx9D9gTi9KL3s=,idANsx140LVMN5MyKQBsSjiW2EQ=
-22,13,bM6gIk/DP0HuaTFx9D9gTi9KL3s=,Hr6jucpRF6gtON9qyIV9CuyKxIs=
-25,12,bM6gIk/DP0HuaTFx9D9gTi9KL3s=,Y8ND8vEtlZLN/mEj3Saw+SoTyXw=
-30,10,bM6gIk/DP0HuaTFx9D9gTi9KL3s=,Y8ND8vEtlZLN/mEj3Saw+SoTyXw=
-30,7,bM6gIk/DP0HuaTFx9D9gTi9KL3s=,idANsx140LVMN5MyKQBsSjiW2EQ=
-23,14,bM6gIk/DP0HuaTFx9D9gTi9KL3s=,Hr6jucpRF6gtON9qyIV9CuyKxIs=
-21,12,bM6gIk/DP0HuaTFx9D9gTi9KL3s=,Hr6jucpRF6gtON9qyIV9CuyKxIs=
-25,13,bM6gIk/DP0HuaTFx9D9gTi9KL3s=,Y8ND8vEtlZLN/mEj3Saw+SoTyXw=
-30,8,bM6gIk/DP0HuaTFx9D9gTi9KL3s=,Y8ND8vEtlZLN/mEj3Saw+SoTyXw=
-24,14,bM6gIk/DP0HuaTFx9D9gTi9KL3s=,Hr6jucpRF6gtON9qyIV9CuyKxIs=
-31,8,bM6gIk/DP0HuaTFx9D9gTi9KL3s=,Y8ND8vEtlZLN/mEj3Saw+SoTyXw=
-29,10,bM6gIk/DP0HuaTFx9D9gTi9KL3s=,Y8ND8vEtlZLN/mEj3Saw+SoTyXw=
-25,14,bM6gIk/DP0HuaTFx9D9gTi9KL3s=,Y8ND8vEtlZLN/mEj3Saw+SoTyXw=
-29,8,bM6gIk/DP0HuaTFx9D9gTi9KL3s=,Y8ND8vEtlZLN/mEj3Saw+SoTyXw=
-31,7,bM6gIk/DP0HuaTFx9D9gTi9KL3s=,idANsx140LVMN5MyKQBsSjiW2EQ=
-30,11,bM6gIk/DP0HuaTFx9D9gTi9KL3s=,Y8ND8vEtlZLN/mEj3Saw+SoTyXw=
-22,14,bM6gIk/DP0HuaTFx9D9gTi9KL3s=,Hr6jucpRF6gtON9qyIV9CuyKxIs=
-31,11,bM6gIk/DP0HuaTFx9D9gTi9KL3s=,Y8ND8vEtlZLN/mEj3Saw+SoTyXw=
-29,11,bM6gIk/DP0HuaTFx9D9gTi9KL3s=,Y8ND8vEtlZLN/mEj3Saw+SoTyXw=
-23,27,UjQDDqVoHkY6gPzjbkZL5c96s9I=,23jMbsDJy4Bn2BSxwCiKefEwIzA=
-22,27,UjQDDqVoHkY6gPzjbkZL5c96s9I=,23jMbsDJy4Bn2BSxwCiKefEwIzA=
-21,27,UjQDDqVoHkY6gPzjbkZL5c96s9I=,23jMbsDJy4Bn2BSxwCiKefEwIzA=
-20,27,UjQDDqVoHkY6gPzjbkZL5c96s9I=,23jMbsDJy4Bn2BSxwCiKefEwIzA=
-19,27,UjQDDqVoHkY6gPzjbkZL5c96s9I=,23jMbsDJy4Bn2BSxwCiKefEwIzA=
-18,27,UjQDDqVoHkY6gPzjbkZL5c96s9I=,23jMbsDJy4Bn2BSxwCiKefEwIzA=
-24,27,UjQDDqVoHkY6gPzjbkZL5c96s9I=,23jMbsDJy4Bn2BSxwCiKefEwIzA=
-31,27,UjQDDqVoHkY6gPzjbkZL5c96s9I=,2dWx+fNrNMyotcHoLKfiPtSbJ7I=
-30,27,UjQDDqVoHkY6gPzjbkZL5c96s9I=,2dWx+fNrNMyotcHoLKfiPtSbJ7I=
-29,27,UjQDDqVoHkY6gPzjbkZL5c96s9I=,2dWx+fNrNMyotcHoLKfiPtSbJ7I=
-28,27,UjQDDqVoHkY6gPzjbkZL5c96s9I=,2dWx+fNrNMyotcHoLKfiPtSbJ7I=
-27,27,UjQDDqVoHkY6gPzjbkZL5c96s9I=,2dWx+fNrNMyotcHoLKfiPtSbJ7I=
-26,27,UjQDDqVoHkY6gPzjbkZL5c96s9I=,2dWx+fNrNMyotcHoLKfiPtSbJ7I=
-24,28,UjQDDqVoHkY6gPzjbkZL5c96s9I=,23jMbsDJy4Bn2BSxwCiKefEwIzA=
-25,27,UjQDDqVoHkY6gPzjbkZL5c96s9I=,2dWx+fNrNMyotcHoLKfiPtSbJ7I=
-31,28,UjQDDqVoHkY6gPzjbkZL5c96s9I=,2dWx+fNrNMyotcHoLKfiPtSbJ7I=
-30,28,UjQDDqVoHkY6gPzjbkZL5c96s9I=,2dWx+fNrNMyotcHoLKfiPtSbJ7I=
-29,28,UjQDDqVoHkY6gPzjbkZL5c96s9I=,2dWx+fNrNMyotcHoLKfiPtSbJ7I=
-28,28,UjQDDqVoHkY6gPzjbkZL5c96s9I=,2dWx+fNrNMyotcHoLKfiPtSbJ7I=
-27,28,UjQDDqVoHkY6gPzjbkZL5c96s9I=,2dWx+fNrNMyotcHoLKfiPtSbJ7I=
-26,28,UjQDDqVoHkY6gPzjbkZL5c96s9I=,2dWx+fNrNMyotcHoLKfiPtSbJ7I=
-25,28,UjQDDqVoHkY6gPzjbkZL5c96s9I=,2dWx+fNrNMyotcHoLKfiPtSbJ7I=
-31,29,UjQDDqVoHkY6gPzjbkZL5c96s9I=,2dWx+fNrNMyotcHoLKfiPtSbJ7I=
-30,29,UjQDDqVoHkY6gPzjbkZL5c96s9I=,2dWx+fNrNMyotcHoLKfiPtSbJ7I=
-29,29,UjQDDqVoHkY6gPzjbkZL5c96s9I=,2dWx+fNrNMyotcHoLKfiPtSbJ7I=
-28,29,UjQDDqVoHkY6gPzjbkZL5c96s9I=,2dWx+fNrNMyotcHoLKfiPtSbJ7I=
-24,29,UjQDDqVoHkY6gPzjbkZL5c96s9I=,23jMbsDJy4Bn2BSxwCiKefEwIzA=
-27,29,UjQDDqVoHkY6gPzjbkZL5c96s9I=,2dWx+fNrNMyotcHoLKfiPtSbJ7I=
-26,29,UjQDDqVoHkY6gPzjbkZL5c96s9I=,2dWx+fNrNMyotcHoLKfiPtSbJ7I=
-25,29,UjQDDqVoHkY6gPzjbkZL5c96s9I=,2dWx+fNrNMyotcHoLKfiPtSbJ7I=
-31,30,UjQDDqVoHkY6gPzjbkZL5c96s9I=,2dWx+fNrNMyotcHoLKfiPtSbJ7I=
-30,30,UjQDDqVoHkY6gPzjbkZL5c96s9I=,2dWx+fNrNMyotcHoLKfiPtSbJ7I=
-29,30,UjQDDqVoHkY6gPzjbkZL5c96s9I=,2dWx+fNrNMyotcHoLKfiPtSbJ7I=
-28,30,UjQDDqVoHkY6gPzjbkZL5c96s9I=,2dWx+fNrNMyotcHoLKfiPtSbJ7I=
-27,30,UjQDDqVoHkY6gPzjbkZL5c96s9I=,2dWx+fNrNMyotcHoLKfiPtSbJ7I=
-26,30,UjQDDqVoHkY6gPzjbkZL5c96s9I=,2dWx+fNrNMyotcHoLKfiPtSbJ7I=
-25,30,UjQDDqVoHkY6gPzjbkZL5c96s9I=,2dWx+fNrNMyotcHoLKfiPtSbJ7I=
-24,30,UjQDDqVoHkY6gPzjbkZL5c96s9I=,23jMbsDJy4Bn2BSxwCiKefEwIzA=
-23,28,UjQDDqVoHkY6gPzjbkZL5c96s9I=,23jMbsDJy4Bn2BSxwCiKefEwIzA=
-22,28,UjQDDqVoHkY6gPzjbkZL5c96s9I=,23jMbsDJy4Bn2BSxwCiKefEwIzA=
-21,28,UjQDDqVoHkY6gPzjbkZL5c96s9I=,23jMbsDJy4Bn2BSxwCiKefEwIzA=
-20,28,UjQDDqVoHkY6gPzjbkZL5c96s9I=,23jMbsDJy4Bn2BSxwCiKefEwIzA=
-19,28,UjQDDqVoHkY6gPzjbkZL5c96s9I=,23jMbsDJy4Bn2BSxwCiKefEwIzA=
-18,28,UjQDDqVoHkY6gPzjbkZL5c96s9I=,23jMbsDJy4Bn2BSxwCiKefEwIzA=
-23,29,UjQDDqVoHkY6gPzjbkZL5c96s9I=,23jMbsDJy4Bn2BSxwCiKefEwIzA=
-22,29,UjQDDqVoHkY6gPzjbkZL5c96s9I=,23jMbsDJy4Bn2BSxwCiKefEwIzA=
-21,29,UjQDDqVoHkY6gPzjbkZL5c96s9I=,23jMbsDJy4Bn2BSxwCiKefEwIzA=
-20,29,UjQDDqVoHkY6gPzjbkZL5c96s9I=,23jMbsDJy4Bn2BSxwCiKefEwIzA=
-19,29,UjQDDqVoHkY6gPzjbkZL5c96s9I=,23jMbsDJy4Bn2BSxwCiKefEwIzA=
-18,29,UjQDDqVoHkY6gPzjbkZL5c96s9I=,23jMbsDJy4Bn2BSxwCiKefEwIzA=
-23,30,UjQDDqVoHkY6gPzjbkZL5c96s9I=,23jMbsDJy4Bn2BSxwCiKefEwIzA=
-22,30,UjQDDqVoHkY6gPzjbkZL5c96s9I=,23jMbsDJy4Bn2BSxwCiKefEwIzA=
-21,30,UjQDDqVoHkY6gPzjbkZL5c96s9I=,23jMbsDJy4Bn2BSxwCiKefEwIzA=
-20,30,UjQDDqVoHkY6gPzjbkZL5c96s9I=,23jMbsDJy4Bn2BSxwCiKefEwIzA=
-19,30,UjQDDqVoHkY6gPzjbkZL5c96s9I=,23jMbsDJy4Bn2BSxwCiKefEwIzA=
-18,30,UjQDDqVoHkY6gPzjbkZL5c96s9I=,23jMbsDJy4Bn2BSxwCiKefEwIzA=
-25,20,UjQDDqVoHkY6gPzjbkZL5c96s9I=,ZzXxHbBwQBVj/JJLtV8ElZgXCRw=
-25,22,h3i2faZThlML0mN9ZKhdI0wZoBg=,ZzXxHbBwQBVj/JJLtV8ElZgXCRw=
-25,24,h3i2faZThlML0mN9ZKhdI0wZoBg=,2dWx+fNrNMyotcHoLKfiPtSbJ7I=
-25,23,h3i2faZThlML0mN9ZKhdI0wZoBg=,ZzXxHbBwQBVj/JJLtV8ElZgXCRw=
-25,21,h3i2faZThlML0mN9ZKhdI0wZoBg=,ZzXxHbBwQBVj/JJLtV8ElZgXCRw=
-26,24,h3i2faZThlML0mN9ZKhdI0wZoBg=,2dWx+fNrNMyotcHoLKfiPtSbJ7I=
-17,27,h3i2faZThlML0mN9ZKhdI0wZoBg=,23jMbsDJy4Bn2BSxwCiKefEwIzA=
-17,28,h3i2faZThlML0mN9ZKhdI0wZoBg=,23jMbsDJy4Bn2BSxwCiKefEwIzA=
-17,29,h3i2faZThlML0mN9ZKhdI0wZoBg=,23jMbsDJy4Bn2BSxwCiKefEwIzA=
-17,30,h3i2faZThlML0mN9ZKhdI0wZoBg=,23jMbsDJy4Bn2BSxwCiKefEwIzA=
-23,31,h3i2faZThlML0mN9ZKhdI0wZoBg=,23jMbsDJy4Bn2BSxwCiKefEwIzA=
-22,31,h3i2faZThlML0mN9ZKhdI0wZoBg=,23jMbsDJy4Bn2BSxwCiKefEwIzA=
-17,31,h3i2faZThlML0mN9ZKhdI0wZoBg=,23jMbsDJy4Bn2BSxwCiKefEwIzA=
-18,31,h3i2faZThlML0mN9ZKhdI0wZoBg=,23jMbsDJy4Bn2BSxwCiKefEwIzA=
-19,31,h3i2faZThlML0mN9ZKhdI0wZoBg=,23jMbsDJy4Bn2BSxwCiKefEwIzA=
-20,31,h3i2faZThlML0mN9ZKhdI0wZoBg=,23jMbsDJy4Bn2BSxwCiKefEwIzA=
-21,31,h3i2faZThlML0mN9ZKhdI0wZoBg=,23jMbsDJy4Bn2BSxwCiKefEwIzA=
-31,31,h3i2faZThlML0mN9ZKhdI0wZoBg=,2dWx+fNrNMyotcHoLKfiPtSbJ7I=
-30,31,h3i2faZThlML0mN9ZKhdI0wZoBg=,2dWx+fNrNMyotcHoLKfiPtSbJ7I=
-29,31,h3i2faZThlML0mN9ZKhdI0wZoBg=,2dWx+fNrNMyotcHoLKfiPtSbJ7I=
-28,31,h3i2faZThlML0mN9ZKhdI0wZoBg=,2dWx+fNrNMyotcHoLKfiPtSbJ7I=
-27,31,h3i2faZThlML0mN9ZKhdI0wZoBg=,2dWx+fNrNMyotcHoLKfiPtSbJ7I=
-26,31,h3i2faZThlML0mN9ZKhdI0wZoBg=,2dWx+fNrNMyotcHoLKfiPtSbJ7I=
-25,31,h3i2faZThlML0mN9ZKhdI0wZoBg=,2dWx+fNrNMyotcHoLKfiPtSbJ7I=
-24,31,h3i2faZThlML0mN9ZKhdI0wZoBg=,23jMbsDJy4Bn2BSxwCiKefEwIzA=
-26,23,h3i2faZThlML0mN9ZKhdI0wZoBg=,ZzXxHbBwQBVj/JJLtV8ElZgXCRw=
-24,16,h3i2faZThlML0mN9ZKhdI0wZoBg=,bRsNgxAfBzGPS/CUqCA46AA6qsE=
-20,26,h3i2faZThlML0mN9ZKhdI0wZoBg=,23jMbsDJy4Bn2BSxwCiKefEwIzA=
-27,16,h3i2faZThlML0mN9ZKhdI0wZoBg=,ZzXxHbBwQBVj/JJLtV8ElZgXCRw=
-19,21,h3i2faZThlML0mN9ZKhdI0wZoBg=,bRsNgxAfBzGPS/CUqCA46AA6qsE=
-18,21,h3i2faZThlML0mN9ZKhdI0wZoBg=,bRsNgxAfBzGPS/CUqCA46AA6qsE=
-18,26,h3i2faZThlML0mN9ZKhdI0wZoBg=,23jMbsDJy4Bn2BSxwCiKefEwIzA=
-19,26,h3i2faZThlML0mN9ZKhdI0wZoBg=,23jMbsDJy4Bn2BSxwCiKefEwIzA=
-32,26,h3i2faZThlML0mN9ZKhdI0wZoBg=,2dWx+fNrNMyotcHoLKfiPtSbJ7I=
-27,23,h3i2faZThlML0mN9ZKhdI0wZoBg=,ZzXxHbBwQBVj/JJLtV8ElZgXCRw=
-24,22,h3i2faZThlML0mN9ZKhdI0wZoBg=,bRsNgxAfBzGPS/CUqCA46AA6qsE=
-26,16,h3i2faZThlML0mN9ZKhdI0wZoBg=,ZzXxHbBwQBVj/JJLtV8ElZgXCRw=
-25,16,h3i2faZThlML0mN9ZKhdI0wZoBg=,ZzXxHbBwQBVj/JJLtV8ElZgXCRw=
-17,19,h3i2faZThlML0mN9ZKhdI0wZoBg=,bRsNgxAfBzGPS/CUqCA46AA6qsE=
-20,21,h3i2faZThlML0mN9ZKhdI0wZoBg=,bRsNgxAfBzGPS/CUqCA46AA6qsE=
-28,16,h3i2faZThlML0mN9ZKhdI0wZoBg=,ZzXxHbBwQBVj/JJLtV8ElZgXCRw=
-21,21,h3i2faZThlML0mN9ZKhdI0wZoBg=,bRsNgxAfBzGPS/CUqCA46AA6qsE=
-24,25,h3i2faZThlML0mN9ZKhdI0wZoBg=,23jMbsDJy4Bn2BSxwCiKefEwIzA=
-32,27,h3i2faZThlML0mN9ZKhdI0wZoBg=,2dWx+fNrNMyotcHoLKfiPtSbJ7I=
-32,28,h3i2faZThlML0mN9ZKhdI0wZoBg=,2dWx+fNrNMyotcHoLKfiPtSbJ7I=
-32,29,h3i2faZThlML0mN9ZKhdI0wZoBg=,2dWx+fNrNMyotcHoLKfiPtSbJ7I=
-32,25,h3i2faZThlML0mN9ZKhdI0wZoBg=,2dWx+fNrNMyotcHoLKfiPtSbJ7I=
-19,17,h3i2faZThlML0mN9ZKhdI0wZoBg=,bRsNgxAfBzGPS/CUqCA46AA6qsE=
-23,21,h3i2faZThlML0mN9ZKhdI0wZoBg=,bRsNgxAfBzGPS/CUqCA46AA6qsE=
-17,25,h3i2faZThlML0mN9ZKhdI0wZoBg=,23jMbsDJy4Bn2BSxwCiKefEwIzA=
-22,21,h3i2faZThlML0mN9ZKhdI0wZoBg=,bRsNgxAfBzGPS/CUqCA46AA6qsE=
-17,16,h3i2faZThlML0mN9ZKhdI0wZoBg=,bRsNgxAfBzGPS/CUqCA46AA6qsE=
-25,17,h3i2faZThlML0mN9ZKhdI0wZoBg=,ZzXxHbBwQBVj/JJLtV8ElZgXCRw=
-20,17,h3i2faZThlML0mN9ZKhdI0wZoBg=,bRsNgxAfBzGPS/CUqCA46AA6qsE=
-28,23,h3i2faZThlML0mN9ZKhdI0wZoBg=,ZzXxHbBwQBVj/JJLtV8ElZgXCRw=
-24,26,h3i2faZThlML0mN9ZKhdI0wZoBg=,23jMbsDJy4Bn2BSxwCiKefEwIzA=
-17,18,h3i2faZThlML0mN9ZKhdI0wZoBg=,bRsNgxAfBzGPS/CUqCA46AA6qsE=
-18,24,h3i2faZThlML0mN9ZKhdI0wZoBg=,23jMbsDJy4Bn2BSxwCiKefEwIzA=
-28,19,h3i2faZThlML0mN9ZKhdI0wZoBg=,ZzXxHbBwQBVj/JJLtV8ElZgXCRw=
-32,16,h3i2faZThlML0mN9ZKhdI0wZoBg=,ZzXxHbBwQBVj/JJLtV8ElZgXCRw=
-19,24,h3i2faZThlML0mN9ZKhdI0wZoBg=,23jMbsDJy4Bn2BSxwCiKefEwIzA=
-17,24,h3i2faZThlML0mN9ZKhdI0wZoBg=,23jMbsDJy4Bn2BSxwCiKefEwIzA=
-20,24,h3i2faZThlML0mN9ZKhdI0wZoBg=,23jMbsDJy4Bn2BSxwCiKefEwIzA=
-23,25,h3i2faZThlML0mN9ZKhdI0wZoBg=,23jMbsDJy4Bn2BSxwCiKefEwIzA=
-24,21,h3i2faZThlML0mN9ZKhdI0wZoBg=,bRsNgxAfBzGPS/CUqCA46AA6qsE=
-25,19,h3i2faZThlML0mN9ZKhdI0wZoBg=,ZzXxHbBwQBVj/JJLtV8ElZgXCRw=
-32,17,h3i2faZThlML0mN9ZKhdI0wZoBg=,ZzXxHbBwQBVj/JJLtV8ElZgXCRw=
-30,18,h3i2faZThlML0mN9ZKhdI0wZoBg=,ZzXxHbBwQBVj/JJLtV8ElZgXCRw=
-27,19,h3i2faZThlML0mN9ZKhdI0wZoBg=,ZzXxHbBwQBVj/JJLtV8ElZgXCRw=
-29,18,h3i2faZThlML0mN9ZKhdI0wZoBg=,ZzXxHbBwQBVj/JJLtV8ElZgXCRw=
-27,18,h3i2faZThlML0mN9ZKhdI0wZoBg=,ZzXxHbBwQBVj/JJLtV8ElZgXCRw=
-28,18,h3i2faZThlML0mN9ZKhdI0wZoBg=,ZzXxHbBwQBVj/JJLtV8ElZgXCRw=
-21,24,h3i2faZThlML0mN9ZKhdI0wZoBg=,23jMbsDJy4Bn2BSxwCiKefEwIzA=
-17,23,h3i2faZThlML0mN9ZKhdI0wZoBg=,bRsNgxAfBzGPS/CUqCA46AA6qsE=
-32,23,h3i2faZThlML0mN9ZKhdI0wZoBg=,ZzXxHbBwQBVj/JJLtV8ElZgXCRw=
-26,18,h3i2faZThlML0mN9ZKhdI0wZoBg=,ZzXxHbBwQBVj/JJLtV8ElZgXCRw=
-17,26,h3i2faZThlML0mN9ZKhdI0wZoBg=,23jMbsDJy4Bn2BSxwCiKefEwIzA=
-22,25,h3i2faZThlML0mN9ZKhdI0wZoBg=,23jMbsDJy4Bn2BSxwCiKefEwIzA=
-18,17,h3i2faZThlML0mN9ZKhdI0wZoBg=,bRsNgxAfBzGPS/CUqCA46AA6qsE=
-26,17,h3i2faZThlML0mN9ZKhdI0wZoBg=,ZzXxHbBwQBVj/JJLtV8ElZgXCRw=
-26,19,h3i2faZThlML0mN9ZKhdI0wZoBg=,ZzXxHbBwQBVj/JJLtV8ElZgXCRw=
-27,24,h3i2faZThlML0mN9ZKhdI0wZoBg=,2dWx+fNrNMyotcHoLKfiPtSbJ7I=
-17,17,h3i2faZThlML0mN9ZKhdI0wZoBg=,bRsNgxAfBzGPS/CUqCA46AA6qsE=
-31,18,h3i2faZThlML0mN9ZKhdI0wZoBg=,ZzXxHbBwQBVj/JJLtV8ElZgXCRw=
-18,20,h3i2faZThlML0mN9ZKhdI0wZoBg=,bRsNgxAfBzGPS/CUqCA46AA6qsE=
-28,17,h3i2faZThlML0mN9ZKhdI0wZoBg=,ZzXxHbBwQBVj/JJLtV8ElZgXCRw=
-20,18,h3i2faZThlML0mN9ZKhdI0wZoBg=,bRsNgxAfBzGPS/CUqCA46AA6qsE=
-27,17,h3i2faZThlML0mN9ZKhdI0wZoBg=,ZzXxHbBwQBVj/JJLtV8ElZgXCRw=
-17,22,h3i2faZThlML0mN9ZKhdI0wZoBg=,bRsNgxAfBzGPS/CUqCA46AA6qsE=
-18,18,h3i2faZThlML0mN9ZKhdI0wZoBg=,bRsNgxAfBzGPS/CUqCA46AA6qsE=
-19,18,h3i2faZThlML0mN9ZKhdI0wZoBg=,bRsNgxAfBzGPS/CUqCA46AA6qsE=
-31,17,h3i2faZThlML0mN9ZKhdI0wZoBg=,ZzXxHbBwQBVj/JJLtV8ElZgXCRw=
-21,25,h3i2faZThlML0mN9ZKhdI0wZoBg=,23jMbsDJy4Bn2BSxwCiKefEwIzA=
-20,16,h3i2faZThlML0mN9ZKhdI0wZoBg=,bRsNgxAfBzGPS/CUqCA46AA6qsE=
-19,25,h3i2faZThlML0mN9ZKhdI0wZoBg=,23jMbsDJy4Bn2BSxwCiKefEwIzA=
-31,19,h3i2faZThlML0mN9ZKhdI0wZoBg=,ZzXxHbBwQBVj/JJLtV8ElZgXCRw=
-32,20,h3i2faZThlML0mN9ZKhdI0wZoBg=,ZzXxHbBwQBVj/JJLtV8ElZgXCRw=
-18,25,h3i2faZThlML0mN9ZKhdI0wZoBg=,23jMbsDJy4Bn2BSxwCiKefEwIzA=
-29,19,h3i2faZThlML0mN9ZKhdI0wZoBg=,ZzXxHbBwQBVj/JJLtV8ElZgXCRw=
-20,25,h3i2faZThlML0mN9ZKhdI0wZoBg=,23jMbsDJy4Bn2BSxwCiKefEwIzA=
-19,16,h3i2faZThlML0mN9ZKhdI0wZoBg=,bRsNgxAfBzGPS/CUqCA46AA6qsE=
-17,21,h3i2faZThlML0mN9ZKhdI0wZoBg=,bRsNgxAfBzGPS/CUqCA46AA6qsE=
-29,17,h3i2faZThlML0mN9ZKhdI0wZoBg=,ZzXxHbBwQBVj/JJLtV8ElZgXCRw=
-32,19,h3i2faZThlML0mN9ZKhdI0wZoBg=,ZzXxHbBwQBVj/JJLtV8ElZgXCRw=
-23,26,h3i2faZThlML0mN9ZKhdI0wZoBg=,23jMbsDJy4Bn2BSxwCiKefEwIzA=
-28,24,h3i2faZThlML0mN9ZKhdI0wZoBg=,2dWx+fNrNMyotcHoLKfiPtSbJ7I=
-31,16,h3i2faZThlML0mN9ZKhdI0wZoBg=,ZzXxHbBwQBVj/JJLtV8ElZgXCRw=
-30,17,h3i2faZThlML0mN9ZKhdI0wZoBg=,ZzXxHbBwQBVj/JJLtV8ElZgXCRw=
-29,16,h3i2faZThlML0mN9ZKhdI0wZoBg=,ZzXxHbBwQBVj/JJLtV8ElZgXCRw=
-18,16,h3i2faZThlML0mN9ZKhdI0wZoBg=,bRsNgxAfBzGPS/CUqCA46AA6qsE=
-30,19,h3i2faZThlML0mN9ZKhdI0wZoBg=,ZzXxHbBwQBVj/JJLtV8ElZgXCRw=
-21,26,h3i2faZThlML0mN9ZKhdI0wZoBg=,23jMbsDJy4Bn2BSxwCiKefEwIzA=
-30,16,h3i2faZThlML0mN9ZKhdI0wZoBg=,ZzXxHbBwQBVj/JJLtV8ElZgXCRw=
-22,24,h3i2faZThlML0mN9ZKhdI0wZoBg=,23jMbsDJy4Bn2BSxwCiKefEwIzA=
-23,17,h3i2faZThlML0mN9ZKhdI0wZoBg=,bRsNgxAfBzGPS/CUqCA46AA6qsE=
-24,24,h3i2faZThlML0mN9ZKhdI0wZoBg=,23jMbsDJy4Bn2BSxwCiKefEwIzA=
-32,18,h3i2faZThlML0mN9ZKhdI0wZoBg=,ZzXxHbBwQBVj/JJLtV8ElZgXCRw=
-26,22,h3i2faZThlML0mN9ZKhdI0wZoBg=,ZzXxHbBwQBVj/JJLtV8ElZgXCRw=
-22,17,h3i2faZThlML0mN9ZKhdI0wZoBg=,bRsNgxAfBzGPS/CUqCA46AA6qsE=
-23,24,h3i2faZThlML0mN9ZKhdI0wZoBg=,23jMbsDJy4Bn2BSxwCiKefEwIzA=
-24,17,h3i2faZThlML0mN9ZKhdI0wZoBg=,bRsNgxAfBzGPS/CUqCA46AA6qsE=
-22,26,h3i2faZThlML0mN9ZKhdI0wZoBg=,23jMbsDJy4Bn2BSxwCiKefEwIzA=
-20,23,h3i2faZThlML0mN9ZKhdI0wZoBg=,bRsNgxAfBzGPS/CUqCA46AA6qsE=
-19,23,h3i2faZThlML0mN9ZKhdI0wZoBg=,bRsNgxAfBzGPS/CUqCA46AA6qsE=
-19,20,h3i2faZThlML0mN9ZKhdI0wZoBg=,bRsNgxAfBzGPS/CUqCA46AA6qsE=
-22,20,h3i2faZThlML0mN9ZKhdI0wZoBg=,bRsNgxAfBzGPS/CUqCA46AA6qsE=
-18,23,h3i2faZThlML0mN9ZKhdI0wZoBg=,bRsNgxAfBzGPS/CUqCA46AA6qsE=
-20,20,h3i2faZThlML0mN9ZKhdI0wZoBg=,bRsNgxAfBzGPS/CUqCA46AA6qsE=
-17,20,h3i2faZThlML0mN9ZKhdI0wZoBg=,bRsNgxAfBzGPS/CUqCA46AA6qsE=
-26,21,h3i2faZThlML0mN9ZKhdI0wZoBg=,ZzXxHbBwQBVj/JJLtV8ElZgXCRw=
-32,22,h3i2faZThlML0mN9ZKhdI0wZoBg=,ZzXxHbBwQBVj/JJLtV8ElZgXCRw=
-24,18,h3i2faZThlML0mN9ZKhdI0wZoBg=,bRsNgxAfBzGPS/CUqCA46AA6qsE=
-23,20,h3i2faZThlML0mN9ZKhdI0wZoBg=,bRsNgxAfBzGPS/CUqCA46AA6qsE=
-21,17,h3i2faZThlML0mN9ZKhdI0wZoBg=,bRsNgxAfBzGPS/CUqCA46AA6qsE=
-21,20,h3i2faZThlML0mN9ZKhdI0wZoBg=,bRsNgxAfBzGPS/CUqCA46AA6qsE=
-25,18,h3i2faZThlML0mN9ZKhdI0wZoBg=,ZzXxHbBwQBVj/JJLtV8ElZgXCRw=
-21,18,h3i2faZThlML0mN9ZKhdI0wZoBg=,bRsNgxAfBzGPS/CUqCA46AA6qsE=
-22,23,h3i2faZThlML0mN9ZKhdI0wZoBg=,bRsNgxAfBzGPS/CUqCA46AA6qsE=
-21,19,h3i2faZThlML0mN9ZKhdI0wZoBg=,bRsNgxAfBzGPS/CUqCA46AA6qsE=
-22,18,h3i2faZThlML0mN9ZKhdI0wZoBg=,bRsNgxAfBzGPS/CUqCA46AA6qsE=
-23,18,h3i2faZThlML0mN9ZKhdI0wZoBg=,bRsNgxAfBzGPS/CUqCA46AA6qsE=
-22,19,h3i2faZThlML0mN9ZKhdI0wZoBg=,bRsNgxAfBzGPS/CUqCA46AA6qsE=
-21,23,h3i2faZThlML0mN9ZKhdI0wZoBg=,bRsNgxAfBzGPS/CUqCA46AA6qsE=
-18,19,h3i2faZThlML0mN9ZKhdI0wZoBg=,bRsNgxAfBzGPS/CUqCA46AA6qsE=
-23,23,h3i2faZThlML0mN9ZKhdI0wZoBg=,bRsNgxAfBzGPS/CUqCA46AA6qsE=
-24,20,h3i2faZThlML0mN9ZKhdI0wZoBg=,bRsNgxAfBzGPS/CUqCA46AA6qsE=
-23,19,h3i2faZThlML0mN9ZKhdI0wZoBg=,bRsNgxAfBzGPS/CUqCA46AA6qsE=
-28,26,h3i2faZThlML0mN9ZKhdI0wZoBg=,2dWx+fNrNMyotcHoLKfiPtSbJ7I=
-24,23,h3i2faZThlML0mN9ZKhdI0wZoBg=,bRsNgxAfBzGPS/CUqCA46AA6qsE=
-32,24,h3i2faZThlML0mN9ZKhdI0wZoBg=,2dWx+fNrNMyotcHoLKfiPtSbJ7I=
-24,19,h3i2faZThlML0mN9ZKhdI0wZoBg=,bRsNgxAfBzGPS/CUqCA46AA6qsE=
-21,16,h3i2faZThlML0mN9ZKhdI0wZoBg=,bRsNgxAfBzGPS/CUqCA46AA6qsE=
-19,19,h3i2faZThlML0mN9ZKhdI0wZoBg=,bRsNgxAfBzGPS/CUqCA46AA6qsE=
-32,21,h3i2faZThlML0mN9ZKhdI0wZoBg=,ZzXxHbBwQBVj/JJLtV8ElZgXCRw=
-28,25,h3i2faZThlML0mN9ZKhdI0wZoBg=,2dWx+fNrNMyotcHoLKfiPtSbJ7I=
-27,22,h3i2faZThlML0mN9ZKhdI0wZoBg=,ZzXxHbBwQBVj/JJLtV8ElZgXCRw=
-31,26,h3i2faZThlML0mN9ZKhdI0wZoBg=,2dWx+fNrNMyotcHoLKfiPtSbJ7I=
-20,19,h3i2faZThlML0mN9ZKhdI0wZoBg=,bRsNgxAfBzGPS/CUqCA46AA6qsE=
-26,20,h3i2faZThlML0mN9ZKhdI0wZoBg=,ZzXxHbBwQBVj/JJLtV8ElZgXCRw=
-25,25,h3i2faZThlML0mN9ZKhdI0wZoBg=,2dWx+fNrNMyotcHoLKfiPtSbJ7I=
-21,22,h3i2faZThlML0mN9ZKhdI0wZoBg=,bRsNgxAfBzGPS/CUqCA46AA6qsE=
-22,22,h3i2faZThlML0mN9ZKhdI0wZoBg=,bRsNgxAfBzGPS/CUqCA46AA6qsE=
-32,31,h3i2faZThlML0mN9ZKhdI0wZoBg=,2dWx+fNrNMyotcHoLKfiPtSbJ7I=
-23,22,h3i2faZThlML0mN9ZKhdI0wZoBg=,bRsNgxAfBzGPS/CUqCA46AA6qsE=
-31,25,h3i2faZThlML0mN9ZKhdI0wZoBg=,2dWx+fNrNMyotcHoLKfiPtSbJ7I=
-25,26,h3i2faZThlML0mN9ZKhdI0wZoBg=,2dWx+fNrNMyotcHoLKfiPtSbJ7I=
-18,22,h3i2faZThlML0mN9ZKhdI0wZoBg=,bRsNgxAfBzGPS/CUqCA46AA6qsE=
-32,30,h3i2faZThlML0mN9ZKhdI0wZoBg=,2dWx+fNrNMyotcHoLKfiPtSbJ7I=
-27,26,h3i2faZThlML0mN9ZKhdI0wZoBg=,2dWx+fNrNMyotcHoLKfiPtSbJ7I=
-29,26,h3i2faZThlML0mN9ZKhdI0wZoBg=,2dWx+fNrNMyotcHoLKfiPtSbJ7I=
-20,22,h3i2faZThlML0mN9ZKhdI0wZoBg=,bRsNgxAfBzGPS/CUqCA46AA6qsE=
-29,24,h3i2faZThlML0mN9ZKhdI0wZoBg=,2dWx+fNrNMyotcHoLKfiPtSbJ7I=
-30,26,h3i2faZThlML0mN9ZKhdI0wZoBg=,2dWx+fNrNMyotcHoLKfiPtSbJ7I=
-26,26,h3i2faZThlML0mN9ZKhdI0wZoBg=,2dWx+fNrNMyotcHoLKfiPtSbJ7I=
-28,22,h3i2faZThlML0mN9ZKhdI0wZoBg=,ZzXxHbBwQBVj/JJLtV8ElZgXCRw=
-27,20,h3i2faZThlML0mN9ZKhdI0wZoBg=,ZzXxHbBwQBVj/JJLtV8ElZgXCRw=
-22,16,h3i2faZThlML0mN9ZKhdI0wZoBg=,bRsNgxAfBzGPS/CUqCA46AA6qsE=
-23,16,h3i2faZThlML0mN9ZKhdI0wZoBg=,bRsNgxAfBzGPS/CUqCA46AA6qsE=
-26,25,h3i2faZThlML0mN9ZKhdI0wZoBg=,2dWx+fNrNMyotcHoLKfiPtSbJ7I=
-29,25,h3i2faZThlML0mN9ZKhdI0wZoBg=,2dWx+fNrNMyotcHoLKfiPtSbJ7I=
-28,21,h3i2faZThlML0mN9ZKhdI0wZoBg=,ZzXxHbBwQBVj/JJLtV8ElZgXCRw=
-27,21,h3i2faZThlML0mN9ZKhdI0wZoBg=,ZzXxHbBwQBVj/JJLtV8ElZgXCRw=
-30,24,h3i2faZThlML0mN9ZKhdI0wZoBg=,2dWx+fNrNMyotcHoLKfiPtSbJ7I=
-27,25,h3i2faZThlML0mN9ZKhdI0wZoBg=,2dWx+fNrNMyotcHoLKfiPtSbJ7I=
-30,25,h3i2faZThlML0mN9ZKhdI0wZoBg=,2dWx+fNrNMyotcHoLKfiPtSbJ7I=
-29,23,h3i2faZThlML0mN9ZKhdI0wZoBg=,ZzXxHbBwQBVj/JJLtV8ElZgXCRw=
-29,22,h3i2faZThlML0mN9ZKhdI0wZoBg=,ZzXxHbBwQBVj/JJLtV8ElZgXCRw=
-31,24,h3i2faZThlML0mN9ZKhdI0wZoBg=,2dWx+fNrNMyotcHoLKfiPtSbJ7I=
-31,21,h3i2faZThlML0mN9ZKhdI0wZoBg=,ZzXxHbBwQBVj/JJLtV8ElZgXCRw=
-31,22,h3i2faZThlML0mN9ZKhdI0wZoBg=,ZzXxHbBwQBVj/JJLtV8ElZgXCRw=
-28,20,h3i2faZThlML0mN9ZKhdI0wZoBg=,ZzXxHbBwQBVj/JJLtV8ElZgXCRw=
-19,22,h3i2faZThlML0mN9ZKhdI0wZoBg=,bRsNgxAfBzGPS/CUqCA46AA6qsE=
-29,20,h3i2faZThlML0mN9ZKhdI0wZoBg=,ZzXxHbBwQBVj/JJLtV8ElZgXCRw=
-31,23,h3i2faZThlML0mN9ZKhdI0wZoBg=,ZzXxHbBwQBVj/JJLtV8ElZgXCRw=
-30,20,h3i2faZThlML0mN9ZKhdI0wZoBg=,ZzXxHbBwQBVj/JJLtV8ElZgXCRw=
-29,21,h3i2faZThlML0mN9ZKhdI0wZoBg=,ZzXxHbBwQBVj/JJLtV8ElZgXCRw=
-30,21,h3i2faZThlML0mN9ZKhdI0wZoBg=,ZzXxHbBwQBVj/JJLtV8ElZgXCRw=
-30,23,h3i2faZThlML0mN9ZKhdI0wZoBg=,ZzXxHbBwQBVj/JJLtV8ElZgXCRw=
-30,22,h3i2faZThlML0mN9ZKhdI0wZoBg=,ZzXxHbBwQBVj/JJLtV8ElZgXCRw=
-31,20,h3i2faZThlML0mN9ZKhdI0wZoBg=,ZzXxHbBwQBVj/JJLtV8ElZgXCRw=
-4,26,ZEL/fHTPRJ1gy0rYIBPDaRsgRnQ=,hbUEGeOY4fShjPFkXkFQWGPSPgk=
-3,26,ZEL/fHTPRJ1gy0rYIBPDaRsgRnQ=,hbUEGeOY4fShjPFkXkFQWGPSPgk=
-2,26,ZEL/fHTPRJ1gy0rYIBPDaRsgRnQ=,hbUEGeOY4fShjPFkXkFQWGPSPgk=
-7,27,ZEL/fHTPRJ1gy0rYIBPDaRsgRnQ=,hbUEGeOY4fShjPFkXkFQWGPSPgk=
-6,27,ZEL/fHTPRJ1gy0rYIBPDaRsgRnQ=,hbUEGeOY4fShjPFkXkFQWGPSPgk=
-5,27,ZEL/fHTPRJ1gy0rYIBPDaRsgRnQ=,hbUEGeOY4fShjPFkXkFQWGPSPgk=
-4,27,ZEL/fHTPRJ1gy0rYIBPDaRsgRnQ=,hbUEGeOY4fShjPFkXkFQWGPSPgk=
-3,27,ZEL/fHTPRJ1gy0rYIBPDaRsgRnQ=,hbUEGeOY4fShjPFkXkFQWGPSPgk=
-2,27,ZEL/fHTPRJ1gy0rYIBPDaRsgRnQ=,hbUEGeOY4fShjPFkXkFQWGPSPgk=
-7,28,ZEL/fHTPRJ1gy0rYIBPDaRsgRnQ=,hbUEGeOY4fShjPFkXkFQWGPSPgk=
-6,28,ZEL/fHTPRJ1gy0rYIBPDaRsgRnQ=,hbUEGeOY4fShjPFkXkFQWGPSPgk=
-5,28,ZEL/fHTPRJ1gy0rYIBPDaRsgRnQ=,hbUEGeOY4fShjPFkXkFQWGPSPgk=
-4,28,ZEL/fHTPRJ1gy0rYIBPDaRsgRnQ=,hbUEGeOY4fShjPFkXkFQWGPSPgk=
-3,28,ZEL/fHTPRJ1gy0rYIBPDaRsgRnQ=,hbUEGeOY4fShjPFkXkFQWGPSPgk=
-2,28,ZEL/fHTPRJ1gy0rYIBPDaRsgRnQ=,hbUEGeOY4fShjPFkXkFQWGPSPgk=
-7,29,ZEL/fHTPRJ1gy0rYIBPDaRsgRnQ=,hbUEGeOY4fShjPFkXkFQWGPSPgk=
-6,29,ZEL/fHTPRJ1gy0rYIBPDaRsgRnQ=,hbUEGeOY4fShjPFkXkFQWGPSPgk=
-5,29,ZEL/fHTPRJ1gy0rYIBPDaRsgRnQ=,hbUEGeOY4fShjPFkXkFQWGPSPgk=
-4,29,ZEL/fHTPRJ1gy0rYIBPDaRsgRnQ=,hbUEGeOY4fShjPFkXkFQWGPSPgk=
-3,29,ZEL/fHTPRJ1gy0rYIBPDaRsgRnQ=,hbUEGeOY4fShjPFkXkFQWGPSPgk=
-2,29,ZEL/fHTPRJ1gy0rYIBPDaRsgRnQ=,hbUEGeOY4fShjPFkXkFQWGPSPgk=
-7,30,ZEL/fHTPRJ1gy0rYIBPDaRsgRnQ=,hbUEGeOY4fShjPFkXkFQWGPSPgk=
-6,30,ZEL/fHTPRJ1gy0rYIBPDaRsgRnQ=,hbUEGeOY4fShjPFkXkFQWGPSPgk=
-5,30,ZEL/fHTPRJ1gy0rYIBPDaRsgRnQ=,hbUEGeOY4fShjPFkXkFQWGPSPgk=
-4,30,ZEL/fHTPRJ1gy0rYIBPDaRsgRnQ=,hbUEGeOY4fShjPFkXkFQWGPSPgk=
-3,30,ZEL/fHTPRJ1gy0rYIBPDaRsgRnQ=,hbUEGeOY4fShjPFkXkFQWGPSPgk=
-2,30,ZEL/fHTPRJ1gy0rYIBPDaRsgRnQ=,hbUEGeOY4fShjPFkXkFQWGPSPgk=
-7,25,ZEL/fHTPRJ1gy0rYIBPDaRsgRnQ=,hbUEGeOY4fShjPFkXkFQWGPSPgk=
-6,25,ZEL/fHTPRJ1gy0rYIBPDaRsgRnQ=,hbUEGeOY4fShjPFkXkFQWGPSPgk=
-5,25,ZEL/fHTPRJ1gy0rYIBPDaRsgRnQ=,hbUEGeOY4fShjPFkXkFQWGPSPgk=
-15,26,ZEL/fHTPRJ1gy0rYIBPDaRsgRnQ=,THm04Jadv/m+06CWglaK8seOhb0=
-14,26,ZEL/fHTPRJ1gy0rYIBPDaRsgRnQ=,THm04Jadv/m+06CWglaK8seOhb0=
-8,27,ZEL/fHTPRJ1gy0rYIBPDaRsgRnQ=,hbUEGeOY4fShjPFkXkFQWGPSPgk=
-13,26,ZEL/fHTPRJ1gy0rYIBPDaRsgRnQ=,THm04Jadv/m+06CWglaK8seOhb0=
-12,26,ZEL/fHTPRJ1gy0rYIBPDaRsgRnQ=,THm04Jadv/m+06CWglaK8seOhb0=
-11,26,ZEL/fHTPRJ1gy0rYIBPDaRsgRnQ=,THm04Jadv/m+06CWglaK8seOhb0=
-10,26,ZEL/fHTPRJ1gy0rYIBPDaRsgRnQ=,THm04Jadv/m+06CWglaK8seOhb0=
-9,26,ZEL/fHTPRJ1gy0rYIBPDaRsgRnQ=,THm04Jadv/m+06CWglaK8seOhb0=
-8,28,ZEL/fHTPRJ1gy0rYIBPDaRsgRnQ=,hbUEGeOY4fShjPFkXkFQWGPSPgk=
-15,27,ZEL/fHTPRJ1gy0rYIBPDaRsgRnQ=,THm04Jadv/m+06CWglaK8seOhb0=
-14,27,ZEL/fHTPRJ1gy0rYIBPDaRsgRnQ=,THm04Jadv/m+06CWglaK8seOhb0=
-13,27,ZEL/fHTPRJ1gy0rYIBPDaRsgRnQ=,THm04Jadv/m+06CWglaK8seOhb0=
-12,27,ZEL/fHTPRJ1gy0rYIBPDaRsgRnQ=,THm04Jadv/m+06CWglaK8seOhb0=
-11,27,ZEL/fHTPRJ1gy0rYIBPDaRsgRnQ=,THm04Jadv/m+06CWglaK8seOhb0=
-10,27,ZEL/fHTPRJ1gy0rYIBPDaRsgRnQ=,THm04Jadv/m+06CWglaK8seOhb0=
-9,27,ZEL/fHTPRJ1gy0rYIBPDaRsgRnQ=,THm04Jadv/m+06CWglaK8seOhb0=
-15,28,ZEL/fHTPRJ1gy0rYIBPDaRsgRnQ=,THm04Jadv/m+06CWglaK8seOhb0=
-14,28,ZEL/fHTPRJ1gy0rYIBPDaRsgRnQ=,THm04Jadv/m+06CWglaK8seOhb0=
-13,28,ZEL/fHTPRJ1gy0rYIBPDaRsgRnQ=,THm04Jadv/m+06CWglaK8seOhb0=
-8,29,ZEL/fHTPRJ1gy0rYIBPDaRsgRnQ=,hbUEGeOY4fShjPFkXkFQWGPSPgk=
-12,28,ZEL/fHTPRJ1gy0rYIBPDaRsgRnQ=,THm04Jadv/m+06CWglaK8seOhb0=
-11,28,ZEL/fHTPRJ1gy0rYIBPDaRsgRnQ=,THm04Jadv/m+06CWglaK8seOhb0=
-8,30,ZEL/fHTPRJ1gy0rYIBPDaRsgRnQ=,hbUEGeOY4fShjPFkXkFQWGPSPgk=
-10,28,ZEL/fHTPRJ1gy0rYIBPDaRsgRnQ=,THm04Jadv/m+06CWglaK8seOhb0=
-9,28,ZEL/fHTPRJ1gy0rYIBPDaRsgRnQ=,THm04Jadv/m+06CWglaK8seOhb0=
-15,29,ZEL/fHTPRJ1gy0rYIBPDaRsgRnQ=,THm04Jadv/m+06CWglaK8seOhb0=
-14,29,ZEL/fHTPRJ1gy0rYIBPDaRsgRnQ=,THm04Jadv/m+06CWglaK8seOhb0=
-13,29,ZEL/fHTPRJ1gy0rYIBPDaRsgRnQ=,THm04Jadv/m+06CWglaK8seOhb0=
-12,29,ZEL/fHTPRJ1gy0rYIBPDaRsgRnQ=,THm04Jadv/m+06CWglaK8seOhb0=
-11,29,ZEL/fHTPRJ1gy0rYIBPDaRsgRnQ=,THm04Jadv/m+06CWglaK8seOhb0=
-10,29,ZEL/fHTPRJ1gy0rYIBPDaRsgRnQ=,THm04Jadv/m+06CWglaK8seOhb0=
-9,29,ZEL/fHTPRJ1gy0rYIBPDaRsgRnQ=,THm04Jadv/m+06CWglaK8seOhb0=
-15,30,ZEL/fHTPRJ1gy0rYIBPDaRsgRnQ=,THm04Jadv/m+06CWglaK8seOhb0=
-14,30,ZEL/fHTPRJ1gy0rYIBPDaRsgRnQ=,THm04Jadv/m+06CWglaK8seOhb0=
-13,30,ZEL/fHTPRJ1gy0rYIBPDaRsgRnQ=,THm04Jadv/m+06CWglaK8seOhb0=
-12,30,ZEL/fHTPRJ1gy0rYIBPDaRsgRnQ=,THm04Jadv/m+06CWglaK8seOhb0=
-11,30,ZEL/fHTPRJ1gy0rYIBPDaRsgRnQ=,THm04Jadv/m+06CWglaK8seOhb0=
-10,30,ZEL/fHTPRJ1gy0rYIBPDaRsgRnQ=,THm04Jadv/m+06CWglaK8seOhb0=
-9,30,ZEL/fHTPRJ1gy0rYIBPDaRsgRnQ=,THm04Jadv/m+06CWglaK8seOhb0=
-12,25,ZEL/fHTPRJ1gy0rYIBPDaRsgRnQ=,THm04Jadv/m+06CWglaK8seOhb0=
-11,25,ZEL/fHTPRJ1gy0rYIBPDaRsgRnQ=,THm04Jadv/m+06CWglaK8seOhb0=
-8,25,ZEL/fHTPRJ1gy0rYIBPDaRsgRnQ=,hbUEGeOY4fShjPFkXkFQWGPSPgk=
-8,26,ZEL/fHTPRJ1gy0rYIBPDaRsgRnQ=,hbUEGeOY4fShjPFkXkFQWGPSPgk=
-10,25,ZEL/fHTPRJ1gy0rYIBPDaRsgRnQ=,THm04Jadv/m+06CWglaK8seOhb0=
-9,25,ZEL/fHTPRJ1gy0rYIBPDaRsgRnQ=,THm04Jadv/m+06CWglaK8seOhb0=
-4,25,ZEL/fHTPRJ1gy0rYIBPDaRsgRnQ=,hbUEGeOY4fShjPFkXkFQWGPSPgk=
-3,25,ZEL/fHTPRJ1gy0rYIBPDaRsgRnQ=,hbUEGeOY4fShjPFkXkFQWGPSPgk=
-2,25,ZEL/fHTPRJ1gy0rYIBPDaRsgRnQ=,hbUEGeOY4fShjPFkXkFQWGPSPgk=
-7,26,ZEL/fHTPRJ1gy0rYIBPDaRsgRnQ=,hbUEGeOY4fShjPFkXkFQWGPSPgk=
-6,26,ZEL/fHTPRJ1gy0rYIBPDaRsgRnQ=,hbUEGeOY4fShjPFkXkFQWGPSPgk=
-5,26,ZEL/fHTPRJ1gy0rYIBPDaRsgRnQ=,hbUEGeOY4fShjPFkXkFQWGPSPgk=
-9,22,IHR5/Wub4wiGkQGCLVo9jL4wIAY=,Au9/c+9cT26+AHpHbrQb5HYOTnU=
-1,26,IHR5/Wub4wiGkQGCLVo9jL4wIAY=,hbUEGeOY4fShjPFkXkFQWGPSPgk=
-1,27,IHR5/Wub4wiGkQGCLVo9jL4wIAY=,hbUEGeOY4fShjPFkXkFQWGPSPgk=
-1,28,IHR5/Wub4wiGkQGCLVo9jL4wIAY=,hbUEGeOY4fShjPFkXkFQWGPSPgk=
-1,29,IHR5/Wub4wiGkQGCLVo9jL4wIAY=,hbUEGeOY4fShjPFkXkFQWGPSPgk=
-1,30,IHR5/Wub4wiGkQGCLVo9jL4wIAY=,hbUEGeOY4fShjPFkXkFQWGPSPgk=
-1,25,IHR5/Wub4wiGkQGCLVo9jL4wIAY=,hbUEGeOY4fShjPFkXkFQWGPSPgk=
-15,31,IHR5/Wub4wiGkQGCLVo9jL4wIAY=,THm04Jadv/m+06CWglaK8seOhb0=
-14,31,IHR5/Wub4wiGkQGCLVo9jL4wIAY=,THm04Jadv/m+06CWglaK8seOhb0=
-13,31,IHR5/Wub4wiGkQGCLVo9jL4wIAY=,THm04Jadv/m+06CWglaK8seOhb0=
-9,19,IHR5/Wub4wiGkQGCLVo9jL4wIAY=,Au9/c+9cT26+AHpHbrQb5HYOTnU=
-12,31,IHR5/Wub4wiGkQGCLVo9jL4wIAY=,THm04Jadv/m+06CWglaK8seOhb0=
-11,31,IHR5/Wub4wiGkQGCLVo9jL4wIAY=,THm04Jadv/m+06CWglaK8seOhb0=
-10,31,IHR5/Wub4wiGkQGCLVo9jL4wIAY=,THm04Jadv/m+06CWglaK8seOhb0=
-8,31,IHR5/Wub4wiGkQGCLVo9jL4wIAY=,hbUEGeOY4fShjPFkXkFQWGPSPgk=
-7,31,IHR5/Wub4wiGkQGCLVo9jL4wIAY=,hbUEGeOY4fShjPFkXkFQWGPSPgk=
-6,31,IHR5/Wub4wiGkQGCLVo9jL4wIAY=,hbUEGeOY4fShjPFkXkFQWGPSPgk=
-5,31,IHR5/Wub4wiGkQGCLVo9jL4wIAY=,hbUEGeOY4fShjPFkXkFQWGPSPgk=
-4,31,IHR5/Wub4wiGkQGCLVo9jL4wIAY=,hbUEGeOY4fShjPFkXkFQWGPSPgk=
-3,31,IHR5/Wub4wiGkQGCLVo9jL4wIAY=,hbUEGeOY4fShjPFkXkFQWGPSPgk=
-2,31,IHR5/Wub4wiGkQGCLVo9jL4wIAY=,hbUEGeOY4fShjPFkXkFQWGPSPgk=
-1,31,IHR5/Wub4wiGkQGCLVo9jL4wIAY=,hbUEGeOY4fShjPFkXkFQWGPSPgk=
-9,20,IHR5/Wub4wiGkQGCLVo9jL4wIAY=,Au9/c+9cT26+AHpHbrQb5HYOTnU=
-9,31,IHR5/Wub4wiGkQGCLVo9jL4wIAY=,THm04Jadv/m+06CWglaK8seOhb0=
-16,26,IHR5/Wub4wiGkQGCLVo9jL4wIAY=,THm04Jadv/m+06CWglaK8seOhb0=
-16,27,IHR5/Wub4wiGkQGCLVo9jL4wIAY=,THm04Jadv/m+06CWglaK8seOhb0=
-16,28,IHR5/Wub4wiGkQGCLVo9jL4wIAY=,THm04Jadv/m+06CWglaK8seOhb0=
-12,16,IHR5/Wub4wiGkQGCLVo9jL4wIAY=,Au9/c+9cT26+AHpHbrQb5HYOTnU=
-10,23,IHR5/Wub4wiGkQGCLVo9jL4wIAY=,Au9/c+9cT26+AHpHbrQb5HYOTnU=
-10,18,IHR5/Wub4wiGkQGCLVo9jL4wIAY=,Au9/c+9cT26+AHpHbrQb5HYOTnU=
-16,22,IHR5/Wub4wiGkQGCLVo9jL4wIAY=,Au9/c+9cT26+AHpHbrQb5HYOTnU=
-12,19,IHR5/Wub4wiGkQGCLVo9jL4wIAY=,Au9/c+9cT26+AHpHbrQb5HYOTnU=
-11,16,IHR5/Wub4wiGkQGCLVo9jL4wIAY=,Au9/c+9cT26+AHpHbrQb5HYOTnU=
-11,20,IHR5/Wub4wiGkQGCLVo9jL4wIAY=,Au9/c+9cT26+AHpHbrQb5HYOTnU=
-12,17,IHR5/Wub4wiGkQGCLVo9jL4wIAY=,Au9/c+9cT26+AHpHbrQb5HYOTnU=
-16,31,IHR5/Wub4wiGkQGCLVo9jL4wIAY=,THm04Jadv/m+06CWglaK8seOhb0=
-16,30,IHR5/Wub4wiGkQGCLVo9jL4wIAY=,THm04Jadv/m+06CWglaK8seOhb0=
-10,17,IHR5/Wub4wiGkQGCLVo9jL4wIAY=,Au9/c+9cT26+AHpHbrQb5HYOTnU=
-11,17,IHR5/Wub4wiGkQGCLVo9jL4wIAY=,Au9/c+9cT26+AHpHbrQb5HYOTnU=
-11,19,IHR5/Wub4wiGkQGCLVo9jL4wIAY=,Au9/c+9cT26+AHpHbrQb5HYOTnU=
-10,16,IHR5/Wub4wiGkQGCLVo9jL4wIAY=,Au9/c+9cT26+AHpHbrQb5HYOTnU=
-16,25,IHR5/Wub4wiGkQGCLVo9jL4wIAY=,THm04Jadv/m+06CWglaK8seOhb0=
-9,16,IHR5/Wub4wiGkQGCLVo9jL4wIAY=,Au9/c+9cT26+AHpHbrQb5HYOTnU=
-16,29,IHR5/Wub4wiGkQGCLVo9jL4wIAY=,THm04Jadv/m+06CWglaK8seOhb0=
-16,16,IHR5/Wub4wiGkQGCLVo9jL4wIAY=,Au9/c+9cT26+AHpHbrQb5HYOTnU=
-16,18,IHR5/Wub4wiGkQGCLVo9jL4wIAY=,Au9/c+9cT26+AHpHbrQb5HYOTnU=
-10,19,IHR5/Wub4wiGkQGCLVo9jL4wIAY=,Au9/c+9cT26+AHpHbrQb5HYOTnU=
-14,17,IHR5/Wub4wiGkQGCLVo9jL4wIAY=,Au9/c+9cT26+AHpHbrQb5HYOTnU=
-15,17,IHR5/Wub4wiGkQGCLVo9jL4wIAY=,Au9/c+9cT26+AHpHbrQb5HYOTnU=
-16,20,IHR5/Wub4wiGkQGCLVo9jL4wIAY=,Au9/c+9cT26+AHpHbrQb5HYOTnU=
-15,25,IHR5/Wub4wiGkQGCLVo9jL4wIAY=,THm04Jadv/m+06CWglaK8seOhb0=
-11,22,IHR5/Wub4wiGkQGCLVo9jL4wIAY=,Au9/c+9cT26+AHpHbrQb5HYOTnU=
-12,18,IHR5/Wub4wiGkQGCLVo9jL4wIAY=,Au9/c+9cT26+AHpHbrQb5HYOTnU=
-13,25,IHR5/Wub4wiGkQGCLVo9jL4wIAY=,THm04Jadv/m+06CWglaK8seOhb0=
-14,18,IHR5/Wub4wiGkQGCLVo9jL4wIAY=,Au9/c+9cT26+AHpHbrQb5HYOTnU=
-14,25,IHR5/Wub4wiGkQGCLVo9jL4wIAY=,THm04Jadv/m+06CWglaK8seOhb0=
-16,24,IHR5/Wub4wiGkQGCLVo9jL4wIAY=,THm04Jadv/m+06CWglaK8seOhb0=
-16,23,IHR5/Wub4wiGkQGCLVo9jL4wIAY=,Au9/c+9cT26+AHpHbrQb5HYOTnU=
-13,17,IHR5/Wub4wiGkQGCLVo9jL4wIAY=,Au9/c+9cT26+AHpHbrQb5HYOTnU=
-14,24,IHR5/Wub4wiGkQGCLVo9jL4wIAY=,THm04Jadv/m+06CWglaK8seOhb0=
-13,24,IHR5/Wub4wiGkQGCLVo9jL4wIAY=,THm04Jadv/m+06CWglaK8seOhb0=
-16,21,IHR5/Wub4wiGkQGCLVo9jL4wIAY=,Au9/c+9cT26+AHpHbrQb5HYOTnU=
-14,21,IHR5/Wub4wiGkQGCLVo9jL4wIAY=,Au9/c+9cT26+AHpHbrQb5HYOTnU=
-12,22,IHR5/Wub4wiGkQGCLVo9jL4wIAY=,Au9/c+9cT26+AHpHbrQb5HYOTnU=
-13,18,IHR5/Wub4wiGkQGCLVo9jL4wIAY=,Au9/c+9cT26+AHpHbrQb5HYOTnU=
-16,19,IHR5/Wub4wiGkQGCLVo9jL4wIAY=,Au9/c+9cT26+AHpHbrQb5HYOTnU=
-15,20,IHR5/Wub4wiGkQGCLVo9jL4wIAY=,Au9/c+9cT26+AHpHbrQb5HYOTnU=
-13,21,IHR5/Wub4wiGkQGCLVo9jL4wIAY=,Au9/c+9cT26+AHpHbrQb5HYOTnU=
-14,20,IHR5/Wub4wiGkQGCLVo9jL4wIAY=,Au9/c+9cT26+AHpHbrQb5HYOTnU=
-15,24,IHR5/Wub4wiGkQGCLVo9jL4wIAY=,THm04Jadv/m+06CWglaK8seOhb0=
-13,22,IHR5/Wub4wiGkQGCLVo9jL4wIAY=,Au9/c+9cT26+AHpHbrQb5HYOTnU=
-14,23,IHR5/Wub4wiGkQGCLVo9jL4wIAY=,Au9/c+9cT26+AHpHbrQb5HYOTnU=
-15,23,IHR5/Wub4wiGkQGCLVo9jL4wIAY=,Au9/c+9cT26+AHpHbrQb5HYOTnU=
-14,16,IHR5/Wub4wiGkQGCLVo9jL4wIAY=,Au9/c+9cT26+AHpHbrQb5HYOTnU=
-13,23,IHR5/Wub4wiGkQGCLVo9jL4wIAY=,Au9/c+9cT26+AHpHbrQb5HYOTnU=
-14,22,IHR5/Wub4wiGkQGCLVo9jL4wIAY=,Au9/c+9cT26+AHpHbrQb5HYOTnU=
-11,23,IHR5/Wub4wiGkQGCLVo9jL4wIAY=,Au9/c+9cT26+AHpHbrQb5HYOTnU=
-15,22,IHR5/Wub4wiGkQGCLVo9jL4wIAY=,Au9/c+9cT26+AHpHbrQb5HYOTnU=
-15,21,IHR5/Wub4wiGkQGCLVo9jL4wIAY=,Au9/c+9cT26+AHpHbrQb5HYOTnU=
-11,18,IHR5/Wub4wiGkQGCLVo9jL4wIAY=,Au9/c+9cT26+AHpHbrQb5HYOTnU=
-13,20,IHR5/Wub4wiGkQGCLVo9jL4wIAY=,Au9/c+9cT26+AHpHbrQb5HYOTnU=
-16,17,IHR5/Wub4wiGkQGCLVo9jL4wIAY=,Au9/c+9cT26+AHpHbrQb5HYOTnU=
-15,16,IHR5/Wub4wiGkQGCLVo9jL4wIAY=,Au9/c+9cT26+AHpHbrQb5HYOTnU=
-9,24,IHR5/Wub4wiGkQGCLVo9jL4wIAY=,THm04Jadv/m+06CWglaK8seOhb0=
-14,19,IHR5/Wub4wiGkQGCLVo9jL4wIAY=,Au9/c+9cT26+AHpHbrQb5HYOTnU=
-15,19,IHR5/Wub4wiGkQGCLVo9jL4wIAY=,Au9/c+9cT26+AHpHbrQb5HYOTnU=
-9,18,IHR5/Wub4wiGkQGCLVo9jL4wIAY=,Au9/c+9cT26+AHpHbrQb5HYOTnU=
-12,23,IHR5/Wub4wiGkQGCLVo9jL4wIAY=,Au9/c+9cT26+AHpHbrQb5HYOTnU=
-13,19,IHR5/Wub4wiGkQGCLVo9jL4wIAY=,Au9/c+9cT26+AHpHbrQb5HYOTnU=
-15,18,IHR5/Wub4wiGkQGCLVo9jL4wIAY=,Au9/c+9cT26+AHpHbrQb5HYOTnU=
-9,23,IHR5/Wub4wiGkQGCLVo9jL4wIAY=,Au9/c+9cT26+AHpHbrQb5HYOTnU=
-10,24,IHR5/Wub4wiGkQGCLVo9jL4wIAY=,THm04Jadv/m+06CWglaK8seOhb0=
-2,20,IHR5/Wub4wiGkQGCLVo9jL4wIAY=,qKzzBqUcMXTnj8wtynESxvbKnC8=
-7,17,IHR5/Wub4wiGkQGCLVo9jL4wIAY=,qKzzBqUcMXTnj8wtynESxvbKnC8=
-5,20,IHR5/Wub4wiGkQGCLVo9jL4wIAY=,qKzzBqUcMXTnj8wtynESxvbKnC8=
-3,17,IHR5/Wub4wiGkQGCLVo9jL4wIAY=,qKzzBqUcMXTnj8wtynESxvbKnC8=
-7,20,IHR5/Wub4wiGkQGCLVo9jL4wIAY=,qKzzBqUcMXTnj8wtynESxvbKnC8=
-8,21,IHR5/Wub4wiGkQGCLVo9jL4wIAY=,qKzzBqUcMXTnj8wtynESxvbKnC8=
-9,17,IHR5/Wub4wiGkQGCLVo9jL4wIAY=,Au9/c+9cT26+AHpHbrQb5HYOTnU=
-3,20,IHR5/Wub4wiGkQGCLVo9jL4wIAY=,qKzzBqUcMXTnj8wtynESxvbKnC8=
-2,23,IHR5/Wub4wiGkQGCLVo9jL4wIAY=,qKzzBqUcMXTnj8wtynESxvbKnC8=
-6,20,IHR5/Wub4wiGkQGCLVo9jL4wIAY=,qKzzBqUcMXTnj8wtynESxvbKnC8=
-8,18,IHR5/Wub4wiGkQGCLVo9jL4wIAY=,qKzzBqUcMXTnj8wtynESxvbKnC8=
-6,17,IHR5/Wub4wiGkQGCLVo9jL4wIAY=,qKzzBqUcMXTnj8wtynESxvbKnC8=
-4,17,IHR5/Wub4wiGkQGCLVo9jL4wIAY=,qKzzBqUcMXTnj8wtynESxvbKnC8=
-12,20,IHR5/Wub4wiGkQGCLVo9jL4wIAY=,Au9/c+9cT26+AHpHbrQb5HYOTnU=
-2,17,IHR5/Wub4wiGkQGCLVo9jL4wIAY=,qKzzBqUcMXTnj8wtynESxvbKnC8=
-13,16,IHR5/Wub4wiGkQGCLVo9jL4wIAY=,Au9/c+9cT26+AHpHbrQb5HYOTnU=
-7,18,IHR5/Wub4wiGkQGCLVo9jL4wIAY=,qKzzBqUcMXTnj8wtynESxvbKnC8=
-2,19,IHR5/Wub4wiGkQGCLVo9jL4wIAY=,qKzzBqUcMXTnj8wtynESxvbKnC8=
-8,17,IHR5/Wub4wiGkQGCLVo9jL4wIAY=,qKzzBqUcMXTnj8wtynESxvbKnC8=
-11,24,IHR5/Wub4wiGkQGCLVo9jL4wIAY=,THm04Jadv/m+06CWglaK8seOhb0=
-5,17,IHR5/Wub4wiGkQGCLVo9jL4wIAY=,qKzzBqUcMXTnj8wtynESxvbKnC8=
-3,16,IHR5/Wub4wiGkQGCLVo9jL4wIAY=,qKzzBqUcMXTnj8wtynESxvbKnC8=
-4,16,IHR5/Wub4wiGkQGCLVo9jL4wIAY=,qKzzBqUcMXTnj8wtynESxvbKnC8=
-3,19,IHR5/Wub4wiGkQGCLVo9jL4wIAY=,qKzzBqUcMXTnj8wtynESxvbKnC8=
-7,19,IHR5/Wub4wiGkQGCLVo9jL4wIAY=,qKzzBqUcMXTnj8wtynESxvbKnC8=
-4,18,IHR5/Wub4wiGkQGCLVo9jL4wIAY=,qKzzBqUcMXTnj8wtynESxvbKnC8=
-4,20,IHR5/Wub4wiGkQGCLVo9jL4wIAY=,qKzzBqUcMXTnj8wtynESxvbKnC8=
-11,21,IHR5/Wub4wiGkQGCLVo9jL4wIAY=,Au9/c+9cT26+AHpHbrQb5HYOTnU=
-5,19,IHR5/Wub4wiGkQGCLVo9jL4wIAY=,qKzzBqUcMXTnj8wtynESxvbKnC8=
-3,23,IHR5/Wub4wiGkQGCLVo9jL4wIAY=,qKzzBqUcMXTnj8wtynESxvbKnC8=
-1,18,IHR5/Wub4wiGkQGCLVo9jL4wIAY=,qKzzBqUcMXTnj8wtynESxvbKnC8=
-3,18,IHR5/Wub4wiGkQGCLVo9jL4wIAY=,qKzzBqUcMXTnj8wtynESxvbKnC8=
-1,17,IHR5/Wub4wiGkQGCLVo9jL4wIAY=,qKzzBqUcMXTnj8wtynESxvbKnC8=
-8,20,IHR5/Wub4wiGkQGCLVo9jL4wIAY=,qKzzBqUcMXTnj8wtynESxvbKnC8=
-2,18,IHR5/Wub4wiGkQGCLVo9jL4wIAY=,qKzzBqUcMXTnj8wtynESxvbKnC8=
-7,21,IHR5/Wub4wiGkQGCLVo9jL4wIAY=,qKzzBqUcMXTnj8wtynESxvbKnC8=
-8,19,IHR5/Wub4wiGkQGCLVo9jL4wIAY=,qKzzBqUcMXTnj8wtynESxvbKnC8=
-1,20,IHR5/Wub4wiGkQGCLVo9jL4wIAY=,qKzzBqUcMXTnj8wtynESxvbKnC8=
-9,21,IHR5/Wub4wiGkQGCLVo9jL4wIAY=,Au9/c+9cT26+AHpHbrQb5HYOTnU=
-1,22,IHR5/Wub4wiGkQGCLVo9jL4wIAY=,qKzzBqUcMXTnj8wtynESxvbKnC8=
-1,24,IHR5/Wub4wiGkQGCLVo9jL4wIAY=,hbUEGeOY4fShjPFkXkFQWGPSPgk=
-8,24,IHR5/Wub4wiGkQGCLVo9jL4wIAY=,hbUEGeOY4fShjPFkXkFQWGPSPgk=
-1,21,IHR5/Wub4wiGkQGCLVo9jL4wIAY=,qKzzBqUcMXTnj8wtynESxvbKnC8=
-1,23,IHR5/Wub4wiGkQGCLVo9jL4wIAY=,qKzzBqUcMXTnj8wtynESxvbKnC8=
-7,16,IHR5/Wub4wiGkQGCLVo9jL4wIAY=,qKzzBqUcMXTnj8wtynESxvbKnC8=
-6,19,IHR5/Wub4wiGkQGCLVo9jL4wIAY=,qKzzBqUcMXTnj8wtynESxvbKnC8=
-1,19,IHR5/Wub4wiGkQGCLVo9jL4wIAY=,qKzzBqUcMXTnj8wtynESxvbKnC8=
-7,24,IHR5/Wub4wiGkQGCLVo9jL4wIAY=,hbUEGeOY4fShjPFkXkFQWGPSPgk=
-12,24,IHR5/Wub4wiGkQGCLVo9jL4wIAY=,THm04Jadv/m+06CWglaK8seOhb0=
-4,23,IHR5/Wub4wiGkQGCLVo9jL4wIAY=,qKzzBqUcMXTnj8wtynESxvbKnC8=
-10,20,IHR5/Wub4wiGkQGCLVo9jL4wIAY=,Au9/c+9cT26+AHpHbrQb5HYOTnU=
-5,16,IHR5/Wub4wiGkQGCLVo9jL4wIAY=,qKzzBqUcMXTnj8wtynESxvbKnC8=
-1,16,IHR5/Wub4wiGkQGCLVo9jL4wIAY=,qKzzBqUcMXTnj8wtynESxvbKnC8=
-5,18,IHR5/Wub4wiGkQGCLVo9jL4wIAY=,qKzzBqUcMXTnj8wtynESxvbKnC8=
-8,22,IHR5/Wub4wiGkQGCLVo9jL4wIAY=,qKzzBqUcMXTnj8wtynESxvbKnC8=
-8,16,IHR5/Wub4wiGkQGCLVo9jL4wIAY=,qKzzBqUcMXTnj8wtynESxvbKnC8=
-3,24,IHR5/Wub4wiGkQGCLVo9jL4wIAY=,hbUEGeOY4fShjPFkXkFQWGPSPgk=
-2,24,IHR5/Wub4wiGkQGCLVo9jL4wIAY=,hbUEGeOY4fShjPFkXkFQWGPSPgk=
-2,16,IHR5/Wub4wiGkQGCLVo9jL4wIAY=,qKzzBqUcMXTnj8wtynESxvbKnC8=
-4,24,IHR5/Wub4wiGkQGCLVo9jL4wIAY=,hbUEGeOY4fShjPFkXkFQWGPSPgk=
-6,23,IHR5/Wub4wiGkQGCLVo9jL4wIAY=,qKzzBqUcMXTnj8wtynESxvbKnC8=
-12,21,IHR5/Wub4wiGkQGCLVo9jL4wIAY=,Au9/c+9cT26+AHpHbrQb5HYOTnU=
-7,23,IHR5/Wub4wiGkQGCLVo9jL4wIAY=,qKzzBqUcMXTnj8wtynESxvbKnC8=
-2,22,IHR5/Wub4wiGkQGCLVo9jL4wIAY=,qKzzBqUcMXTnj8wtynESxvbKnC8=
-4,19,IHR5/Wub4wiGkQGCLVo9jL4wIAY=,qKzzBqUcMXTnj8wtynESxvbKnC8=
-6,24,IHR5/Wub4wiGkQGCLVo9jL4wIAY=,hbUEGeOY4fShjPFkXkFQWGPSPgk=
-5,24,IHR5/Wub4wiGkQGCLVo9jL4wIAY=,hbUEGeOY4fShjPFkXkFQWGPSPgk=
-10,21,IHR5/Wub4wiGkQGCLVo9jL4wIAY=,Au9/c+9cT26+AHpHbrQb5HYOTnU=
-3,21,IHR5/Wub4wiGkQGCLVo9jL4wIAY=,qKzzBqUcMXTnj8wtynESxvbKnC8=
-5,23,IHR5/Wub4wiGkQGCLVo9jL4wIAY=,qKzzBqUcMXTnj8wtynESxvbKnC8=
-8,23,IHR5/Wub4wiGkQGCLVo9jL4wIAY=,qKzzBqUcMXTnj8wtynESxvbKnC8=
-6,22,IHR5/Wub4wiGkQGCLVo9jL4wIAY=,qKzzBqUcMXTnj8wtynESxvbKnC8=
-5,22,IHR5/Wub4wiGkQGCLVo9jL4wIAY=,qKzzBqUcMXTnj8wtynESxvbKnC8=
-2,21,IHR5/Wub4wiGkQGCLVo9jL4wIAY=,qKzzBqUcMXTnj8wtynESxvbKnC8=
-7,22,IHR5/Wub4wiGkQGCLVo9jL4wIAY=,qKzzBqUcMXTnj8wtynESxvbKnC8=
-4,21,IHR5/Wub4wiGkQGCLVo9jL4wIAY=,qKzzBqUcMXTnj8wtynESxvbKnC8=
-6,16,IHR5/Wub4wiGkQGCLVo9jL4wIAY=,qKzzBqUcMXTnj8wtynESxvbKnC8=
-10,22,IHR5/Wub4wiGkQGCLVo9jL4wIAY=,Au9/c+9cT26+AHpHbrQb5HYOTnU=
-6,18,IHR5/Wub4wiGkQGCLVo9jL4wIAY=,qKzzBqUcMXTnj8wtynESxvbKnC8=
-3,22,IHR5/Wub4wiGkQGCLVo9jL4wIAY=,qKzzBqUcMXTnj8wtynESxvbKnC8=
-4,22,IHR5/Wub4wiGkQGCLVo9jL4wIAY=,qKzzBqUcMXTnj8wtynESxvbKnC8=
-6,21,IHR5/Wub4wiGkQGCLVo9jL4wIAY=,qKzzBqUcMXTnj8wtynESxvbKnC8=
-5,21,IHR5/Wub4wiGkQGCLVo9jL4wIAY=,qKzzBqUcMXTnj8wtynESxvbKnC8=
-10,7,E7dRjuL8MK1Co2orY0U5jayE/DM=,jtJqLC9puJnkn12i8Zz8DZRTZwk=
-5,7,5iFyQ08+m0kze0UM4pFKV6Uu0YQ=,I7cQPWbvcvZuXqhI0w1CCaEFT/g=
-6,7,5iFyQ08+m0kze0UM4pFKV6Uu0YQ=,I7cQPWbvcvZuXqhI0w1CCaEFT/g=
-7,7,5iFyQ08+m0kze0UM4pFKV6Uu0YQ=,I7cQPWbvcvZuXqhI0w1CCaEFT/g=
-5,0,5iFyQ08+m0kze0UM4pFKV6Uu0YQ=,I7cQPWbvcvZuXqhI0w1CCaEFT/g=
-5,6,5iFyQ08+m0kze0UM4pFKV6Uu0YQ=,I7cQPWbvcvZuXqhI0w1CCaEFT/g=
-6,0,5iFyQ08+m0kze0UM4pFKV6Uu0YQ=,I7cQPWbvcvZuXqhI0w1CCaEFT/g=
-7,0,5iFyQ08+m0kze0UM4pFKV6Uu0YQ=,I7cQPWbvcvZuXqhI0w1CCaEFT/g=
-6,6,5iFyQ08+m0kze0UM4pFKV6Uu0YQ=,I7cQPWbvcvZuXqhI0w1CCaEFT/g=
-9,1,E7dRjuL8MK1Co2orY0U5jayE/DM=,jtJqLC9puJnkn12i8Zz8DZRTZwk=
-9,2,E7dRjuL8MK1Co2orY0U5jayE/DM=,jtJqLC9puJnkn12i8Zz8DZRTZwk=
-7,6,5iFyQ08+m0kze0UM4pFKV6Uu0YQ=,I7cQPWbvcvZuXqhI0w1CCaEFT/g=
-9,3,E7dRjuL8MK1Co2orY0U5jayE/DM=,jtJqLC9puJnkn12i8Zz8DZRTZwk=
-8,6,5iFyQ08+m0kze0UM4pFKV6Uu0YQ=,I7cQPWbvcvZuXqhI0w1CCaEFT/g=
-5,3,5iFyQ08+m0kze0UM4pFKV6Uu0YQ=,I7cQPWbvcvZuXqhI0w1CCaEFT/g=
-8,0,5iFyQ08+m0kze0UM4pFKV6Uu0YQ=,I7cQPWbvcvZuXqhI0w1CCaEFT/g=
-11,0,E7dRjuL8MK1Co2orY0U5jayE/DM=,jtJqLC9puJnkn12i8Zz8DZRTZwk=
-1,7,5iFyQ08+m0kze0UM4pFKV6Uu0YQ=,I7cQPWbvcvZuXqhI0w1CCaEFT/g=
-11,7,E7dRjuL8MK1Co2orY0U5jayE/DM=,jtJqLC9puJnkn12i8Zz8DZRTZwk=
-4,7,5iFyQ08+m0kze0UM4pFKV6Uu0YQ=,I7cQPWbvcvZuXqhI0w1CCaEFT/g=
-9,0,E7dRjuL8MK1Co2orY0U5jayE/DM=,jtJqLC9puJnkn12i8Zz8DZRTZwk=
-3,7,5iFyQ08+m0kze0UM4pFKV6Uu0YQ=,I7cQPWbvcvZuXqhI0w1CCaEFT/g=
-12,7,E7dRjuL8MK1Co2orY0U5jayE/DM=,jtJqLC9puJnkn12i8Zz8DZRTZwk=
-5,5,5iFyQ08+m0kze0UM4pFKV6Uu0YQ=,I7cQPWbvcvZuXqhI0w1CCaEFT/g=
-10,0,E7dRjuL8MK1Co2orY0U5jayE/DM=,jtJqLC9puJnkn12i8Zz8DZRTZwk=
-6,3,5iFyQ08+m0kze0UM4pFKV6Uu0YQ=,I7cQPWbvcvZuXqhI0w1CCaEFT/g=
-1,6,5iFyQ08+m0kze0UM4pFKV6Uu0YQ=,I7cQPWbvcvZuXqhI0w1CCaEFT/g=
-7,3,5iFyQ08+m0kze0UM4pFKV6Uu0YQ=,I7cQPWbvcvZuXqhI0w1CCaEFT/g=
-1,9,E7dRjuL8MK1Co2orY0U5jayE/DM=,k9C8KcZRc7PxyyDgJOwes1BabB4=
-12,0,E7dRjuL8MK1Co2orY0U5jayE/DM=,jtJqLC9puJnkn12i8Zz8DZRTZwk=
-6,5,5iFyQ08+m0kze0UM4pFKV6Uu0YQ=,I7cQPWbvcvZuXqhI0w1CCaEFT/g=
-8,7,5iFyQ08+m0kze0UM4pFKV6Uu0YQ=,I7cQPWbvcvZuXqhI0w1CCaEFT/g=
-1,5,5iFyQ08+m0kze0UM4pFKV6Uu0YQ=,I7cQPWbvcvZuXqhI0w1CCaEFT/g=
-7,5,5iFyQ08+m0kze0UM4pFKV6Uu0YQ=,I7cQPWbvcvZuXqhI0w1CCaEFT/g=
-4,4,5iFyQ08+m0kze0UM4pFKV6Uu0YQ=,I7cQPWbvcvZuXqhI0w1CCaEFT/g=
-2,7,5iFyQ08+m0kze0UM4pFKV6Uu0YQ=,I7cQPWbvcvZuXqhI0w1CCaEFT/g=
-1,4,5iFyQ08+m0kze0UM4pFKV6Uu0YQ=,I7cQPWbvcvZuXqhI0w1CCaEFT/g=
-1,8,E7dRjuL8MK1Co2orY0U5jayE/DM=,k9C8KcZRc7PxyyDgJOwes1BabB4=
-4,10,E7dRjuL8MK1Co2orY0U5jayE/DM=,k9C8KcZRc7PxyyDgJOwes1BabB4=
-8,5,5iFyQ08+m0kze0UM4pFKV6Uu0YQ=,I7cQPWbvcvZuXqhI0w1CCaEFT/g=
-2,6,5iFyQ08+m0kze0UM4pFKV6Uu0YQ=,I7cQPWbvcvZuXqhI0w1CCaEFT/g=
-5,4,5iFyQ08+m0kze0UM4pFKV6Uu0YQ=,I7cQPWbvcvZuXqhI0w1CCaEFT/g=
-3,6,5iFyQ08+m0kze0UM4pFKV6Uu0YQ=,I7cQPWbvcvZuXqhI0w1CCaEFT/g=
-3,4,5iFyQ08+m0kze0UM4pFKV6Uu0YQ=,I7cQPWbvcvZuXqhI0w1CCaEFT/g=
-6,4,5iFyQ08+m0kze0UM4pFKV6Uu0YQ=,I7cQPWbvcvZuXqhI0w1CCaEFT/g=
-4,6,5iFyQ08+m0kze0UM4pFKV6Uu0YQ=,I7cQPWbvcvZuXqhI0w1CCaEFT/g=
-7,4,5iFyQ08+m0kze0UM4pFKV6Uu0YQ=,I7cQPWbvcvZuXqhI0w1CCaEFT/g=
-2,5,5iFyQ08+m0kze0UM4pFKV6Uu0YQ=,I7cQPWbvcvZuXqhI0w1CCaEFT/g=
-8,4,5iFyQ08+m0kze0UM4pFKV6Uu0YQ=,I7cQPWbvcvZuXqhI0w1CCaEFT/g=
-12,3,E7dRjuL8MK1Co2orY0U5jayE/DM=,jtJqLC9puJnkn12i8Zz8DZRTZwk=
-3,5,5iFyQ08+m0kze0UM4pFKV6Uu0YQ=,I7cQPWbvcvZuXqhI0w1CCaEFT/g=
-1,3,5iFyQ08+m0kze0UM4pFKV6Uu0YQ=,I7cQPWbvcvZuXqhI0w1CCaEFT/g=
-8,3,5iFyQ08+m0kze0UM4pFKV6Uu0YQ=,I7cQPWbvcvZuXqhI0w1CCaEFT/g=
-1,2,5iFyQ08+m0kze0UM4pFKV6Uu0YQ=,I7cQPWbvcvZuXqhI0w1CCaEFT/g=
-2,4,5iFyQ08+m0kze0UM4pFKV6Uu0YQ=,I7cQPWbvcvZuXqhI0w1CCaEFT/g=
-9,6,E7dRjuL8MK1Co2orY0U5jayE/DM=,jtJqLC9puJnkn12i8Zz8DZRTZwk=
-1,15,E7dRjuL8MK1Co2orY0U5jayE/DM=,k9C8KcZRc7PxyyDgJOwes1BabB4=
-11,3,E7dRjuL8MK1Co2orY0U5jayE/DM=,jtJqLC9puJnkn12i8Zz8DZRTZwk=
-1,11,E7dRjuL8MK1Co2orY0U5jayE/DM=,k9C8KcZRc7PxyyDgJOwes1BabB4=
-5,2,5iFyQ08+m0kze0UM4pFKV6Uu0YQ=,I7cQPWbvcvZuXqhI0w1CCaEFT/g=
-1,1,5iFyQ08+m0kze0UM4pFKV6Uu0YQ=,I7cQPWbvcvZuXqhI0w1CCaEFT/g=
-4,5,5iFyQ08+m0kze0UM4pFKV6Uu0YQ=,I7cQPWbvcvZuXqhI0w1CCaEFT/g=
-2,0,5iFyQ08+m0kze0UM4pFKV6Uu0YQ=,I7cQPWbvcvZuXqhI0w1CCaEFT/g=
-6,2,5iFyQ08+m0kze0UM4pFKV6Uu0YQ=,I7cQPWbvcvZuXqhI0w1CCaEFT/g=
-9,4,E7dRjuL8MK1Co2orY0U5jayE/DM=,jtJqLC9puJnkn12i8Zz8DZRTZwk=
-3,0,5iFyQ08+m0kze0UM4pFKV6Uu0YQ=,I7cQPWbvcvZuXqhI0w1CCaEFT/g=
-4,0,5iFyQ08+m0kze0UM4pFKV6Uu0YQ=,I7cQPWbvcvZuXqhI0w1CCaEFT/g=
-7,2,5iFyQ08+m0kze0UM4pFKV6Uu0YQ=,I7cQPWbvcvZuXqhI0w1CCaEFT/g=
-3,10,E7dRjuL8MK1Co2orY0U5jayE/DM=,k9C8KcZRc7PxyyDgJOwes1BabB4=
-9,5,E7dRjuL8MK1Co2orY0U5jayE/DM=,jtJqLC9puJnkn12i8Zz8DZRTZwk=
-2,3,5iFyQ08+m0kze0UM4pFKV6Uu0YQ=,I7cQPWbvcvZuXqhI0w1CCaEFT/g=
-8,2,5iFyQ08+m0kze0UM4pFKV6Uu0YQ=,I7cQPWbvcvZuXqhI0w1CCaEFT/g=
-12,1,E7dRjuL8MK1Co2orY0U5jayE/DM=,jtJqLC9puJnkn12i8Zz8DZRTZwk=
-11,1,E7dRjuL8MK1Co2orY0U5jayE/DM=,jtJqLC9puJnkn12i8Zz8DZRTZwk=
-3,3,5iFyQ08+m0kze0UM4pFKV6Uu0YQ=,I7cQPWbvcvZuXqhI0w1CCaEFT/g=
-1,10,E7dRjuL8MK1Co2orY0U5jayE/DM=,k9C8KcZRc7PxyyDgJOwes1BabB4=
-5,1,5iFyQ08+m0kze0UM4pFKV6Uu0YQ=,I7cQPWbvcvZuXqhI0w1CCaEFT/g=
-4,3,5iFyQ08+m0kze0UM4pFKV6Uu0YQ=,I7cQPWbvcvZuXqhI0w1CCaEFT/g=
-10,3,E7dRjuL8MK1Co2orY0U5jayE/DM=,jtJqLC9puJnkn12i8Zz8DZRTZwk=
-2,2,5iFyQ08+m0kze0UM4pFKV6Uu0YQ=,I7cQPWbvcvZuXqhI0w1CCaEFT/g=
-6,1,5iFyQ08+m0kze0UM4pFKV6Uu0YQ=,I7cQPWbvcvZuXqhI0w1CCaEFT/g=
-1,0,5iFyQ08+m0kze0UM4pFKV6Uu0YQ=,I7cQPWbvcvZuXqhI0w1CCaEFT/g=
-10,1,E7dRjuL8MK1Co2orY0U5jayE/DM=,jtJqLC9puJnkn12i8Zz8DZRTZwk=
-3,2,5iFyQ08+m0kze0UM4pFKV6Uu0YQ=,I7cQPWbvcvZuXqhI0w1CCaEFT/g=
-7,1,5iFyQ08+m0kze0UM4pFKV6Uu0YQ=,I7cQPWbvcvZuXqhI0w1CCaEFT/g=
-4,2,5iFyQ08+m0kze0UM4pFKV6Uu0YQ=,I7cQPWbvcvZuXqhI0w1CCaEFT/g=
-2,1,5iFyQ08+m0kze0UM4pFKV6Uu0YQ=,I7cQPWbvcvZuXqhI0w1CCaEFT/g=
-2,8,E7dRjuL8MK1Co2orY0U5jayE/DM=,k9C8KcZRc7PxyyDgJOwes1BabB4=
-8,1,5iFyQ08+m0kze0UM4pFKV6Uu0YQ=,I7cQPWbvcvZuXqhI0w1CCaEFT/g=
-3,1,5iFyQ08+m0kze0UM4pFKV6Uu0YQ=,I7cQPWbvcvZuXqhI0w1CCaEFT/g=
-2,10,E7dRjuL8MK1Co2orY0U5jayE/DM=,k9C8KcZRc7PxyyDgJOwes1BabB4=
-4,1,5iFyQ08+m0kze0UM4pFKV6Uu0YQ=,I7cQPWbvcvZuXqhI0w1CCaEFT/g=
-10,2,E7dRjuL8MK1Co2orY0U5jayE/DM=,jtJqLC9puJnkn12i8Zz8DZRTZwk=
-2,15,E7dRjuL8MK1Co2orY0U5jayE/DM=,k9C8KcZRc7PxyyDgJOwes1BabB4=
-4,11,E7dRjuL8MK1Co2orY0U5jayE/DM=,k9C8KcZRc7PxyyDgJOwes1BabB4=
-13,0,E7dRjuL8MK1Co2orY0U5jayE/DM=,jtJqLC9puJnkn12i8Zz8DZRTZwk=
-11,2,E7dRjuL8MK1Co2orY0U5jayE/DM=,jtJqLC9puJnkn12i8Zz8DZRTZwk=
-15,0,E7dRjuL8MK1Co2orY0U5jayE/DM=,jtJqLC9puJnkn12i8Zz8DZRTZwk=
-12,2,E7dRjuL8MK1Co2orY0U5jayE/DM=,jtJqLC9puJnkn12i8Zz8DZRTZwk=
-3,15,E7dRjuL8MK1Co2orY0U5jayE/DM=,k9C8KcZRc7PxyyDgJOwes1BabB4=
-14,0,E7dRjuL8MK1Co2orY0U5jayE/DM=,jtJqLC9puJnkn12i8Zz8DZRTZwk=
-3,8,E7dRjuL8MK1Co2orY0U5jayE/DM=,k9C8KcZRc7PxyyDgJOwes1BabB4=
-15,3,E7dRjuL8MK1Co2orY0U5jayE/DM=,jtJqLC9puJnkn12i8Zz8DZRTZwk=
-4,15,E7dRjuL8MK1Co2orY0U5jayE/DM=,k9C8KcZRc7PxyyDgJOwes1BabB4=
-13,2,E7dRjuL8MK1Co2orY0U5jayE/DM=,jtJqLC9puJnkn12i8Zz8DZRTZwk=
-4,12,E7dRjuL8MK1Co2orY0U5jayE/DM=,k9C8KcZRc7PxyyDgJOwes1BabB4=
-13,1,E7dRjuL8MK1Co2orY0U5jayE/DM=,jtJqLC9puJnkn12i8Zz8DZRTZwk=
-11,5,E7dRjuL8MK1Co2orY0U5jayE/DM=,jtJqLC9puJnkn12i8Zz8DZRTZwk=
-4,8,E7dRjuL8MK1Co2orY0U5jayE/DM=,k9C8KcZRc7PxyyDgJOwes1BabB4=
-14,1,E7dRjuL8MK1Co2orY0U5jayE/DM=,jtJqLC9puJnkn12i8Zz8DZRTZwk=
-11,6,E7dRjuL8MK1Co2orY0U5jayE/DM=,jtJqLC9puJnkn12i8Zz8DZRTZwk=
-3,11,E7dRjuL8MK1Co2orY0U5jayE/DM=,k9C8KcZRc7PxyyDgJOwes1BabB4=
-3,12,E7dRjuL8MK1Co2orY0U5jayE/DM=,k9C8KcZRc7PxyyDgJOwes1BabB4=
-15,1,E7dRjuL8MK1Co2orY0U5jayE/DM=,jtJqLC9puJnkn12i8Zz8DZRTZwk=
-4,14,E7dRjuL8MK1Co2orY0U5jayE/DM=,k9C8KcZRc7PxyyDgJOwes1BabB4=
-3,13,E7dRjuL8MK1Co2orY0U5jayE/DM=,k9C8KcZRc7PxyyDgJOwes1BabB4=
-15,7,E7dRjuL8MK1Co2orY0U5jayE/DM=,jtJqLC9puJnkn12i8Zz8DZRTZwk=
-14,2,E7dRjuL8MK1Co2orY0U5jayE/DM=,jtJqLC9puJnkn12i8Zz8DZRTZwk=
-2,11,E7dRjuL8MK1Co2orY0U5jayE/DM=,k9C8KcZRc7PxyyDgJOwes1BabB4=
-4,13,E7dRjuL8MK1Co2orY0U5jayE/DM=,k9C8KcZRc7PxyyDgJOwes1BabB4=
-1,14,E7dRjuL8MK1Co2orY0U5jayE/DM=,k9C8KcZRc7PxyyDgJOwes1BabB4=
-3,14,E7dRjuL8MK1Co2orY0U5jayE/DM=,k9C8KcZRc7PxyyDgJOwes1BabB4=
-12,5,E7dRjuL8MK1Co2orY0U5jayE/DM=,jtJqLC9puJnkn12i8Zz8DZRTZwk=
-2,12,E7dRjuL8MK1Co2orY0U5jayE/DM=,k9C8KcZRc7PxyyDgJOwes1BabB4=
-15,2,E7dRjuL8MK1Co2orY0U5jayE/DM=,jtJqLC9puJnkn12i8Zz8DZRTZwk=
-16,0,E7dRjuL8MK1Co2orY0U5jayE/DM=,jtJqLC9puJnkn12i8Zz8DZRTZwk=
-14,7,E7dRjuL8MK1Co2orY0U5jayE/DM=,jtJqLC9puJnkn12i8Zz8DZRTZwk=
-9,7,E7dRjuL8MK1Co2orY0U5jayE/DM=,jtJqLC9puJnkn12i8Zz8DZRTZwk=
-4,9,E7dRjuL8MK1Co2orY0U5jayE/DM=,k9C8KcZRc7PxyyDgJOwes1BabB4=
-13,3,E7dRjuL8MK1Co2orY0U5jayE/DM=,jtJqLC9puJnkn12i8Zz8DZRTZwk=
-16,2,E7dRjuL8MK1Co2orY0U5jayE/DM=,jtJqLC9puJnkn12i8Zz8DZRTZwk=
-3,9,E7dRjuL8MK1Co2orY0U5jayE/DM=,k9C8KcZRc7PxyyDgJOwes1BabB4=
-12,6,E7dRjuL8MK1Co2orY0U5jayE/DM=,jtJqLC9puJnkn12i8Zz8DZRTZwk=
-13,7,E7dRjuL8MK1Co2orY0U5jayE/DM=,jtJqLC9puJnkn12i8Zz8DZRTZwk=
-14,3,E7dRjuL8MK1Co2orY0U5jayE/DM=,jtJqLC9puJnkn12i8Zz8DZRTZwk=
-1,12,E7dRjuL8MK1Co2orY0U5jayE/DM=,k9C8KcZRc7PxyyDgJOwes1BabB4=
-16,7,E7dRjuL8MK1Co2orY0U5jayE/DM=,jtJqLC9puJnkn12i8Zz8DZRTZwk=
-15,6,E7dRjuL8MK1Co2orY0U5jayE/DM=,jtJqLC9puJnkn12i8Zz8DZRTZwk=
-2,9,E7dRjuL8MK1Co2orY0U5jayE/DM=,k9C8KcZRc7PxyyDgJOwes1BabB4=
-2,13,E7dRjuL8MK1Co2orY0U5jayE/DM=,k9C8KcZRc7PxyyDgJOwes1BabB4=
-8,8,E7dRjuL8MK1Co2orY0U5jayE/DM=,k9C8KcZRc7PxyyDgJOwes1BabB4=
-16,8,E7dRjuL8MK1Co2orY0U5jayE/DM=,NVgsM1cmZ32SmASR+224tXK62rQ=
-16,3,E7dRjuL8MK1Co2orY0U5jayE/DM=,jtJqLC9puJnkn12i8Zz8DZRTZwk=
-13,6,E7dRjuL8MK1Co2orY0U5jayE/DM=,jtJqLC9puJnkn12i8Zz8DZRTZwk=
-16,6,E7dRjuL8MK1Co2orY0U5jayE/DM=,jtJqLC9puJnkn12i8Zz8DZRTZwk=
-16,15,E7dRjuL8MK1Co2orY0U5jayE/DM=,NVgsM1cmZ32SmASR+224tXK62rQ=
-14,6,E7dRjuL8MK1Co2orY0U5jayE/DM=,jtJqLC9puJnkn12i8Zz8DZRTZwk=
-10,4,E7dRjuL8MK1Co2orY0U5jayE/DM=,jtJqLC9puJnkn12i8Zz8DZRTZwk=
-13,5,E7dRjuL8MK1Co2orY0U5jayE/DM=,jtJqLC9puJnkn12i8Zz8DZRTZwk=
-16,14,E7dRjuL8MK1Co2orY0U5jayE/DM=,NVgsM1cmZ32SmASR+224tXK62rQ=
-16,5,E7dRjuL8MK1Co2orY0U5jayE/DM=,jtJqLC9puJnkn12i8Zz8DZRTZwk=
-12,9,E7dRjuL8MK1Co2orY0U5jayE/DM=,NVgsM1cmZ32SmASR+224tXK62rQ=
-10,6,E7dRjuL8MK1Co2orY0U5jayE/DM=,jtJqLC9puJnkn12i8Zz8DZRTZwk=
-14,5,E7dRjuL8MK1Co2orY0U5jayE/DM=,jtJqLC9puJnkn12i8Zz8DZRTZwk=
-15,10,E7dRjuL8MK1Co2orY0U5jayE/DM=,NVgsM1cmZ32SmASR+224tXK62rQ=
-11,9,E7dRjuL8MK1Co2orY0U5jayE/DM=,NVgsM1cmZ32SmASR+224tXK62rQ=
-14,10,E7dRjuL8MK1Co2orY0U5jayE/DM=,NVgsM1cmZ32SmASR+224tXK62rQ=
-15,5,E7dRjuL8MK1Co2orY0U5jayE/DM=,jtJqLC9puJnkn12i8Zz8DZRTZwk=
-2,14,E7dRjuL8MK1Co2orY0U5jayE/DM=,k9C8KcZRc7PxyyDgJOwes1BabB4=
-15,4,E7dRjuL8MK1Co2orY0U5jayE/DM=,jtJqLC9puJnkn12i8Zz8DZRTZwk=
-10,5,E7dRjuL8MK1Co2orY0U5jayE/DM=,jtJqLC9puJnkn12i8Zz8DZRTZwk=
-16,4,E7dRjuL8MK1Co2orY0U5jayE/DM=,jtJqLC9puJnkn12i8Zz8DZRTZwk=
-1,13,E7dRjuL8MK1Co2orY0U5jayE/DM=,k9C8KcZRc7PxyyDgJOwes1BabB4=
-13,10,E7dRjuL8MK1Co2orY0U5jayE/DM=,NVgsM1cmZ32SmASR+224tXK62rQ=
-8,9,E7dRjuL8MK1Co2orY0U5jayE/DM=,k9C8KcZRc7PxyyDgJOwes1BabB4=
-14,4,E7dRjuL8MK1Co2orY0U5jayE/DM=,jtJqLC9puJnkn12i8Zz8DZRTZwk=
-11,10,E7dRjuL8MK1Co2orY0U5jayE/DM=,NVgsM1cmZ32SmASR+224tXK62rQ=
-16,1,E7dRjuL8MK1Co2orY0U5jayE/DM=,jtJqLC9puJnkn12i8Zz8DZRTZwk=
-12,10,E7dRjuL8MK1Co2orY0U5jayE/DM=,NVgsM1cmZ32SmASR+224tXK62rQ=
-13,4,E7dRjuL8MK1Co2orY0U5jayE/DM=,jtJqLC9puJnkn12i8Zz8DZRTZwk=
-15,8,E7dRjuL8MK1Co2orY0U5jayE/DM=,NVgsM1cmZ32SmASR+224tXK62rQ=
-5,15,E7dRjuL8MK1Co2orY0U5jayE/DM=,k9C8KcZRc7PxyyDgJOwes1BabB4=
-9,14,E7dRjuL8MK1Co2orY0U5jayE/DM=,NVgsM1cmZ32SmASR+224tXK62rQ=
-15,11,E7dRjuL8MK1Co2orY0U5jayE/DM=,NVgsM1cmZ32SmASR+224tXK62rQ=
-11,4,E7dRjuL8MK1Co2orY0U5jayE/DM=,jtJqLC9puJnkn12i8Zz8DZRTZwk=
-15,9,E7dRjuL8MK1Co2orY0U5jayE/DM=,NVgsM1cmZ32SmASR+224tXK62rQ=
-12,14,E7dRjuL8MK1Co2orY0U5jayE/DM=,NVgsM1cmZ32SmASR+224tXK62rQ=
-13,14,E7dRjuL8MK1Co2orY0U5jayE/DM=,NVgsM1cmZ32SmASR+224tXK62rQ=
-10,10,E7dRjuL8MK1Co2orY0U5jayE/DM=,NVgsM1cmZ32SmASR+224tXK62rQ=
-11,14,E7dRjuL8MK1Co2orY0U5jayE/DM=,NVgsM1cmZ32SmASR+224tXK62rQ=
-6,15,E7dRjuL8MK1Co2orY0U5jayE/DM=,k9C8KcZRc7PxyyDgJOwes1BabB4=
-14,14,E7dRjuL8MK1Co2orY0U5jayE/DM=,NVgsM1cmZ32SmASR+224tXK62rQ=
-14,11,E7dRjuL8MK1Co2orY0U5jayE/DM=,NVgsM1cmZ32SmASR+224tXK62rQ=
-6,11,E7dRjuL8MK1Co2orY0U5jayE/DM=,k9C8KcZRc7PxyyDgJOwes1BabB4=
-15,14,E7dRjuL8MK1Co2orY0U5jayE/DM=,NVgsM1cmZ32SmASR+224tXK62rQ=
-12,4,E7dRjuL8MK1Co2orY0U5jayE/DM=,jtJqLC9puJnkn12i8Zz8DZRTZwk=
-7,15,E7dRjuL8MK1Co2orY0U5jayE/DM=,k9C8KcZRc7PxyyDgJOwes1BabB4=
-13,11,E7dRjuL8MK1Co2orY0U5jayE/DM=,NVgsM1cmZ32SmASR+224tXK62rQ=
-16,13,E7dRjuL8MK1Co2orY0U5jayE/DM=,NVgsM1cmZ32SmASR+224tXK62rQ=
-7,11,E7dRjuL8MK1Co2orY0U5jayE/DM=,k9C8KcZRc7PxyyDgJOwes1BabB4=
-5,11,E7dRjuL8MK1Co2orY0U5jayE/DM=,k9C8KcZRc7PxyyDgJOwes1BabB4=
-9,10,E7dRjuL8MK1Co2orY0U5jayE/DM=,NVgsM1cmZ32SmASR+224tXK62rQ=
-8,14,E7dRjuL8MK1Co2orY0U5jayE/DM=,k9C8KcZRc7PxyyDgJOwes1BabB4=
-10,13,E7dRjuL8MK1Co2orY0U5jayE/DM=,NVgsM1cmZ32SmASR+224tXK62rQ=
-16,12,E7dRjuL8MK1Co2orY0U5jayE/DM=,NVgsM1cmZ32SmASR+224tXK62rQ=
-12,11,E7dRjuL8MK1Co2orY0U5jayE/DM=,NVgsM1cmZ32SmASR+224tXK62rQ=
-9,13,E7dRjuL8MK1Co2orY0U5jayE/DM=,NVgsM1cmZ32SmASR+224tXK62rQ=
-7,12,E7dRjuL8MK1Co2orY0U5jayE/DM=,k9C8KcZRc7PxyyDgJOwes1BabB4=
-6,12,E7dRjuL8MK1Co2orY0U5jayE/DM=,k9C8KcZRc7PxyyDgJOwes1BabB4=
-14,9,E7dRjuL8MK1Co2orY0U5jayE/DM=,NVgsM1cmZ32SmASR+224tXK62rQ=
-8,15,E7dRjuL8MK1Co2orY0U5jayE/DM=,k9C8KcZRc7PxyyDgJOwes1BabB4=
-15,12,E7dRjuL8MK1Co2orY0U5jayE/DM=,NVgsM1cmZ32SmASR+224tXK62rQ=
-14,12,E7dRjuL8MK1Co2orY0U5jayE/DM=,NVgsM1cmZ32SmASR+224tXK62rQ=
-10,11,E7dRjuL8MK1Co2orY0U5jayE/DM=,NVgsM1cmZ32SmASR+224tXK62rQ=
-11,11,E7dRjuL8MK1Co2orY0U5jayE/DM=,NVgsM1cmZ32SmASR+224tXK62rQ=
-12,12,E7dRjuL8MK1Co2orY0U5jayE/DM=,NVgsM1cmZ32SmASR+224tXK62rQ=
-16,11,E7dRjuL8MK1Co2orY0U5jayE/DM=,NVgsM1cmZ32SmASR+224tXK62rQ=
-11,12,E7dRjuL8MK1Co2orY0U5jayE/DM=,NVgsM1cmZ32SmASR+224tXK62rQ=
-10,14,E7dRjuL8MK1Co2orY0U5jayE/DM=,NVgsM1cmZ32SmASR+224tXK62rQ=
-5,12,E7dRjuL8MK1Co2orY0U5jayE/DM=,k9C8KcZRc7PxyyDgJOwes1BabB4=
-9,11,E7dRjuL8MK1Co2orY0U5jayE/DM=,NVgsM1cmZ32SmASR+224tXK62rQ=
-13,9,E7dRjuL8MK1Co2orY0U5jayE/DM=,NVgsM1cmZ32SmASR+224tXK62rQ=
-13,12,E7dRjuL8MK1Co2orY0U5jayE/DM=,NVgsM1cmZ32SmASR+224tXK62rQ=
-9,12,E7dRjuL8MK1Co2orY0U5jayE/DM=,NVgsM1cmZ32SmASR+224tXK62rQ=
-11,13,E7dRjuL8MK1Co2orY0U5jayE/DM=,NVgsM1cmZ32SmASR+224tXK62rQ=
-9,9,E7dRjuL8MK1Co2orY0U5jayE/DM=,NVgsM1cmZ32SmASR+224tXK62rQ=
-10,12,E7dRjuL8MK1Co2orY0U5jayE/DM=,NVgsM1cmZ32SmASR+224tXK62rQ=
-12,15,E7dRjuL8MK1Co2orY0U5jayE/DM=,NVgsM1cmZ32SmASR+224tXK62rQ=
-13,13,E7dRjuL8MK1Co2orY0U5jayE/DM=,NVgsM1cmZ32SmASR+224tXK62rQ=
-10,8,E7dRjuL8MK1Co2orY0U5jayE/DM=,NVgsM1cmZ32SmASR+224tXK62rQ=
-11,15,E7dRjuL8MK1Co2orY0U5jayE/DM=,NVgsM1cmZ32SmASR+224tXK62rQ=
-14,13,E7dRjuL8MK1Co2orY0U5jayE/DM=,NVgsM1cmZ32SmASR+224tXK62rQ=
-16,9,E7dRjuL8MK1Co2orY0U5jayE/DM=,NVgsM1cmZ32SmASR+224tXK62rQ=
-13,15,E7dRjuL8MK1Co2orY0U5jayE/DM=,NVgsM1cmZ32SmASR+224tXK62rQ=
-8,10,E7dRjuL8MK1Co2orY0U5jayE/DM=,k9C8KcZRc7PxyyDgJOwes1BabB4=
-12,13,E7dRjuL8MK1Co2orY0U5jayE/DM=,NVgsM1cmZ32SmASR+224tXK62rQ=
-15,15,E7dRjuL8MK1Co2orY0U5jayE/DM=,NVgsM1cmZ32SmASR+224tXK62rQ=
-15,13,E7dRjuL8MK1Co2orY0U5jayE/DM=,NVgsM1cmZ32SmASR+224tXK62rQ=
-14,8,E7dRjuL8MK1Co2orY0U5jayE/DM=,NVgsM1cmZ32SmASR+224tXK62rQ=
-11,8,E7dRjuL8MK1Co2orY0U5jayE/DM=,NVgsM1cmZ32SmASR+224tXK62rQ=
-12,8,E7dRjuL8MK1Co2orY0U5jayE/DM=,NVgsM1cmZ32SmASR+224tXK62rQ=
-9,8,E7dRjuL8MK1Co2orY0U5jayE/DM=,NVgsM1cmZ32SmASR+224tXK62rQ=
-10,9,E7dRjuL8MK1Co2orY0U5jayE/DM=,NVgsM1cmZ32SmASR+224tXK62rQ=
-13,8,E7dRjuL8MK1Co2orY0U5jayE/DM=,NVgsM1cmZ32SmASR+224tXK62rQ=
-6,14,E7dRjuL8MK1Co2orY0U5jayE/DM=,k9C8KcZRc7PxyyDgJOwes1BabB4=
-5,14,m01TgK3tHsD9Tg6CbgYW7IOi2pE=,k9C8KcZRc7PxyyDgJOwes1BabB4=
-6,13,m01TgK3tHsD9Tg6CbgYW7IOi2pE=,k9C8KcZRc7PxyyDgJOwes1BabB4=
-7,14,m01TgK3tHsD9Tg6CbgYW7IOi2pE=,k9C8KcZRc7PxyyDgJOwes1BabB4=
-5,13,m01TgK3tHsD9Tg6CbgYW7IOi2pE=,k9C8KcZRc7PxyyDgJOwes1BabB4=
-16,10,m01TgK3tHsD9Tg6CbgYW7IOi2pE=,NVgsM1cmZ32SmASR+224tXK62rQ=
-10,15,m01TgK3tHsD9Tg6CbgYW7IOi2pE=,NVgsM1cmZ32SmASR+224tXK62rQ=
-14,15,m01TgK3tHsD9Tg6CbgYW7IOi2pE=,NVgsM1cmZ32SmASR+224tXK62rQ=
-9,15,m01TgK3tHsD9Tg6CbgYW7IOi2pE=,NVgsM1cmZ32SmASR+224tXK62rQ=
-7,9,m01TgK3tHsD9Tg6CbgYW7IOi2pE=,k9C8KcZRc7PxyyDgJOwes1BabB4=
-6,10,m01TgK3tHsD9Tg6CbgYW7IOi2pE=,k9C8KcZRc7PxyyDgJOwes1BabB4=
-7,10,m01TgK3tHsD9Tg6CbgYW7IOi2pE=,k9C8KcZRc7PxyyDgJOwes1BabB4=
-6,8,m01TgK3tHsD9Tg6CbgYW7IOi2pE=,k9C8KcZRc7PxyyDgJOwes1BabB4=
-5,9,m01TgK3tHsD9Tg6CbgYW7IOi2pE=,k9C8KcZRc7PxyyDgJOwes1BabB4=
-5,10,m01TgK3tHsD9Tg6CbgYW7IOi2pE=,k9C8KcZRc7PxyyDgJOwes1BabB4=
-5,8,m01TgK3tHsD9Tg6CbgYW7IOi2pE=,k9C8KcZRc7PxyyDgJOwes1BabB4=
-8,13,m01TgK3tHsD9Tg6CbgYW7IOi2pE=,k9C8KcZRc7PxyyDgJOwes1BabB4=
-7,8,m01TgK3tHsD9Tg6CbgYW7IOi2pE=,k9C8KcZRc7PxyyDgJOwes1BabB4=
-8,11,m01TgK3tHsD9Tg6CbgYW7IOi2pE=,k9C8KcZRc7PxyyDgJOwes1BabB4=
-8,12,m01TgK3tHsD9Tg6CbgYW7IOi2pE=,k9C8KcZRc7PxyyDgJOwes1BabB4=
-6,9,m01TgK3tHsD9Tg6CbgYW7IOi2pE=,k9C8KcZRc7PxyyDgJOwes1BabB4=
-7,13,m01TgK3tHsD9Tg6CbgYW7IOi2pE=,k9C8KcZRc7PxyyDgJOwes1BabB4=
